/*
 Navicat Premium Data Transfer

 Source Server         : mysql
 Source Server Type    : MySQL
 Source Server Version : 80021
 Source Host           : localhost:3306
 Source Schema         : vhr

 Target Server Type    : MySQL
 Target Server Version : 80021
 File Encoding         : 65001

 Date: 24/09/2020 17:29:53
*/

SET NAMES utf8mb4;
SET FOREIGN_KEY_CHECKS = 0;

-- ----------------------------
-- Table structure for black_list_shop
-- ----------------------------
DROP TABLE IF EXISTS `black_list_shop`;
CREATE TABLE `black_list_shop`  (
  `id` int(0) NOT NULL AUTO_INCREMENT,
  `name` varchar(255) CHARACTER SET utf8mb4 COLLATE utf8mb4_general_ci NULL DEFAULT NULL,
  `enabled` int(0) NULL DEFAULT NULL,
  `comment` varchar(255) CHARACTER SET utf8mb4 COLLATE utf8mb4_general_ci NULL DEFAULT NULL,
  PRIMARY KEY (`id`) USING BTREE
) ENGINE = InnoDB AUTO_INCREMENT = 25 CHARACTER SET = utf8mb4 COLLATE = utf8mb4_general_ci ROW_FORMAT = Dynamic;

-- ----------------------------
-- Records of black_list_shop
-- ----------------------------
INSERT INTO `black_list_shop` VALUES (16, 'tb74306771', 1, NULL);
INSERT INTO `black_list_shop` VALUES (17, '祖志宏', 1, NULL);
INSERT INTO `black_list_shop` VALUES (18, '运动大师', 1, NULL);
INSERT INTO `black_list_shop` VALUES (19, '龙之购2015', 1, NULL);
INSERT INTO `black_list_shop` VALUES (20, 'ff天幻电玩', 1, NULL);
INSERT INTO `black_list_shop` VALUES (21, 'tianhaodeai6', 1, NULL);
INSERT INTO `black_list_shop` VALUES (22, '白日梦six', 1, '南鲸电玩');
INSERT INTO `black_list_shop` VALUES (23, '会蹦的兔子', 1, NULL);
INSERT INTO `black_list_shop` VALUES (24, '翱翔的撒旦', 1, NULL);

-- ----------------------------
-- Table structure for core_crawl_tb
-- ----------------------------
DROP TABLE IF EXISTS `core_crawl_tb`;
CREATE TABLE `core_crawl_tb`  (
  `id` int(4) UNSIGNED ZEROFILL NOT NULL AUTO_INCREMENT,
  `gid` int(4) UNSIGNED ZEROFILL NULL DEFAULT NULL,
  `advance` char(1) CHARACTER SET utf8 COLLATE utf8_general_ci NULL DEFAULT NULL COMMENT '0-3优先级',
  `last_update` varchar(30) CHARACTER SET utf8 COLLATE utf8_general_ci NULL DEFAULT NULL,
  `total_sales` int(0) UNSIGNED NULL DEFAULT NULL,
  `enabled` tinyint(1) NULL DEFAULT NULL,
  `finished` tinyint(1) NULL DEFAULT NULL,
  PRIMARY KEY (`id`) USING BTREE
) ENGINE = InnoDB AUTO_INCREMENT = 11 CHARACTER SET = utf8 COLLATE = utf8_general_ci ROW_FORMAT = Dynamic;

-- ----------------------------
-- Records of core_crawl_tb
-- ----------------------------
INSERT INTO `core_crawl_tb` VALUES (0001, 0004, '3', '2020-09-18 15:54:04', 6938, 1, 0);
INSERT INTO `core_crawl_tb` VALUES (0002, 0006, '2', '2020-09-20 10:56:55', NULL, 1, 1);
INSERT INTO `core_crawl_tb` VALUES (0003, 0010, '2', '2020-09-21 10:56:18', 22, 1, 1);
INSERT INTO `core_crawl_tb` VALUES (0004, 0005, '2', '2020-9-21 10:57:0', NULL, 1, 0);
INSERT INTO `core_crawl_tb` VALUES (0009, 0012, '2', NULL, NULL, 1, 0);
INSERT INTO `core_crawl_tb` VALUES (0010, 0011, '3', NULL, NULL, 1, 0);

-- ----------------------------
-- Table structure for department
-- ----------------------------
DROP TABLE IF EXISTS `department`;
CREATE TABLE `department`  (
  `id` int(0) NOT NULL AUTO_INCREMENT,
  `name` varchar(32) CHARACTER SET utf8 COLLATE utf8_general_ci NULL DEFAULT NULL COMMENT '部门名称',
  `parentId` int(0) NULL DEFAULT NULL,
  `depPath` varchar(255) CHARACTER SET utf8 COLLATE utf8_general_ci NULL DEFAULT NULL,
  `enabled` tinyint(1) NULL DEFAULT 1,
  `isParent` tinyint(1) NULL DEFAULT 0,
  PRIMARY KEY (`id`) USING BTREE
) ENGINE = InnoDB AUTO_INCREMENT = 120 CHARACTER SET = utf8 COLLATE = utf8_general_ci ROW_FORMAT = Dynamic;

-- ----------------------------
-- Records of department
-- ----------------------------
INSERT INTO `department` VALUES (1, '股东会', -1, '.1', 1, 1);
INSERT INTO `department` VALUES (4, '董事会', 1, '.1.4', 1, 1);
INSERT INTO `department` VALUES (5, '总办', 4, '.1.4.5', 1, 1);
INSERT INTO `department` VALUES (8, '财务部', 5, '.1.4.5.8', 1, 0);
INSERT INTO `department` VALUES (78, '市场部', 5, '.1.4.5.78', 1, 1);
INSERT INTO `department` VALUES (81, '华北市场部', 78, '.1.4.5.78.81', 1, 1);
INSERT INTO `department` VALUES (82, '华南市场部', 78, '.1.4.5.78.82', 1, 0);
INSERT INTO `department` VALUES (85, '石家庄市场部', 81, '.1.4.5.78.81.85', 1, 0);
INSERT INTO `department` VALUES (86, '西北市场部', 78, '.1.4.5.78.86', 1, 1);
INSERT INTO `department` VALUES (87, '西安市场', 86, '.1.4.5.78.86.87', 1, 1);
INSERT INTO `department` VALUES (89, '莲湖区市场', 87, '.1.4.5.78.86.87.89', 1, 0);
INSERT INTO `department` VALUES (91, '技术部', 5, '.1.4.5.91', 1, 0);
INSERT INTO `department` VALUES (92, '运维部', 5, '.1.4.5.92', 1, 1);
INSERT INTO `department` VALUES (93, '运维1部', 92, '.1.4.5.92.93', 1, 0);
INSERT INTO `department` VALUES (94, '运维2部', 92, '.1.4.5.92.94', 1, 0);
INSERT INTO `department` VALUES (106, '运维一部', 92, '.1.4.5.92.106', 1, 0);
INSERT INTO `department` VALUES (117, '群英殿', 1, '.1.117', 1, 1);
INSERT INTO `department` VALUES (118, '项昆仑', 117, '.1.117.118', 1, 0);

-- ----------------------------
-- Table structure for employee
-- ----------------------------
DROP TABLE IF EXISTS `employee`;
CREATE TABLE `employee`  (
  `id` int(0) NOT NULL AUTO_INCREMENT COMMENT '员工编号',
  `name` varchar(10) CHARACTER SET utf8 COLLATE utf8_general_ci NULL DEFAULT NULL COMMENT '员工姓名',
  `gender` char(4) CHARACTER SET utf8 COLLATE utf8_general_ci NULL DEFAULT NULL COMMENT '性别',
  `birthday` date NULL DEFAULT NULL COMMENT '出生日期',
  `idCard` char(18) CHARACTER SET utf8 COLLATE utf8_general_ci NULL DEFAULT NULL COMMENT '身份证号',
  `wedlock` enum('已婚','未婚','离异') CHARACTER SET utf8 COLLATE utf8_general_ci NULL DEFAULT NULL COMMENT '婚姻状况',
  `nationId` int(0) NULL DEFAULT NULL COMMENT '民族',
  `nativePlace` varchar(20) CHARACTER SET utf8 COLLATE utf8_general_ci NULL DEFAULT NULL COMMENT '籍贯',
  `politicId` int(0) NULL DEFAULT NULL COMMENT '政治面貌',
  `email` varchar(20) CHARACTER SET utf8 COLLATE utf8_general_ci NULL DEFAULT NULL COMMENT '邮箱',
  `phone` varchar(11) CHARACTER SET utf8 COLLATE utf8_general_ci NULL DEFAULT NULL COMMENT '电话号码',
  `address` varchar(64) CHARACTER SET utf8 COLLATE utf8_general_ci NULL DEFAULT NULL COMMENT '联系地址',
  `departmentId` int(0) NULL DEFAULT NULL COMMENT '所属部门',
  `jobLevelId` int(0) NULL DEFAULT NULL COMMENT '职称ID',
  `posId` int(0) NULL DEFAULT NULL COMMENT '职位ID',
  `engageForm` varchar(8) CHARACTER SET utf8 COLLATE utf8_general_ci NULL DEFAULT NULL COMMENT '聘用形式',
  `tiptopDegree` enum('博士','硕士','本科','大专','高中','初中','小学','其他') CHARACTER SET utf8 COLLATE utf8_general_ci NULL DEFAULT NULL COMMENT '最高学历',
  `specialty` varchar(32) CHARACTER SET utf8 COLLATE utf8_general_ci NULL DEFAULT NULL COMMENT '所属专业',
  `school` varchar(32) CHARACTER SET utf8 COLLATE utf8_general_ci NULL DEFAULT NULL COMMENT '毕业院校',
  `beginDate` date NULL DEFAULT NULL COMMENT '入职日期',
  `workState` enum('在职','离职') CHARACTER SET utf8 COLLATE utf8_general_ci NULL DEFAULT '在职' COMMENT '在职状态',
  `workID` char(8) CHARACTER SET utf8 COLLATE utf8_general_ci NULL DEFAULT NULL COMMENT '工号',
  `contractTerm` double NULL DEFAULT NULL COMMENT '合同期限',
  `conversionTime` date NULL DEFAULT NULL COMMENT '转正日期',
  `notWorkDate` date NULL DEFAULT NULL COMMENT '离职日期',
  `beginContract` date NULL DEFAULT NULL COMMENT '合同起始日期',
  `endContract` date NULL DEFAULT NULL COMMENT '合同终止日期',
  `workAge` int(0) NULL DEFAULT NULL COMMENT '工龄',
  PRIMARY KEY (`id`) USING BTREE,
  INDEX `departmentId`(`departmentId`) USING BTREE,
  INDEX `jobId`(`jobLevelId`) USING BTREE,
  INDEX `dutyId`(`posId`) USING BTREE,
  INDEX `nationId`(`nationId`) USING BTREE,
  INDEX `politicId`(`politicId`) USING BTREE,
  INDEX `workID_key`(`workID`) USING BTREE,
  CONSTRAINT `employee_ibfk_1` FOREIGN KEY (`departmentId`) REFERENCES `department` (`id`) ON DELETE RESTRICT ON UPDATE RESTRICT,
  CONSTRAINT `employee_ibfk_2` FOREIGN KEY (`jobLevelId`) REFERENCES `joblevel` (`id`) ON DELETE RESTRICT ON UPDATE RESTRICT,
  CONSTRAINT `employee_ibfk_3` FOREIGN KEY (`posId`) REFERENCES `position` (`id`) ON DELETE RESTRICT ON UPDATE RESTRICT,
  CONSTRAINT `employee_ibfk_4` FOREIGN KEY (`nationId`) REFERENCES `nation` (`id`) ON DELETE RESTRICT ON UPDATE RESTRICT,
  CONSTRAINT `employee_ibfk_5` FOREIGN KEY (`politicId`) REFERENCES `politicsstatus` (`id`) ON DELETE RESTRICT ON UPDATE RESTRICT
) ENGINE = InnoDB AUTO_INCREMENT = 11123 CHARACTER SET = utf8 COLLATE = utf8_general_ci ROW_FORMAT = Dynamic;

-- ----------------------------
-- Records of employee
-- ----------------------------
INSERT INTO `employee` VALUES (1, '江南一点雨', '男', '1990-01-01', '610122199001011256', '已婚', 1, '陕西', 13, 'laowang@qq.com', '18565558897', '深圳市南山区', 5, 9, 29, '劳务合同', '本科', '信息管理与信息系统', '深圳大学', '2018-01-01', '在职', '00000001', 2, '2018-04-01', NULL, '2018-01-01', '2020-01-01', NULL);
INSERT INTO `employee` VALUES (2, '陈静', '女', '1989-02-01', '421288198902011234', '已婚', 1, '海南', 1, 'chenjing@qq.com', '18795556693', '海南省海口市美兰区', 91, 12, 29, '劳动合同', '高中', '市场营销', '武汉大学', '2015-06-09', '在职', '00000002', 3, '2015-09-10', NULL, '2015-06-09', '2018-06-08', NULL);
INSERT INTO `employee` VALUES (3, '赵琳浩', '男', '1993-03-04', '610122199303041456', '未婚', 1, '陕西', 3, 'zhao@qq.com', '15698887795', '陕西省西安市莲湖区', 91, 12, 33, '劳动合同', '博士', '电子工程', '哈尔滨理工大学', '2018-01-01', '在职', '00000003', 3.5, '2018-04-01', NULL, '2018-01-01', '2021-07-14', NULL);
INSERT INTO `employee` VALUES (4, '鹿存亮', '男', '1990-01-03', '610122199001031456', '已婚', 1, '陕西', 3, 'zhao@qq.com', '15612347795', '陕西省西安市莲湖区', 92, 12, 34, '劳动合同', '高中', '电子工程', '哈尔滨理工大学', '2018-01-01', '在职', '00000004', 3.5, '2018-04-01', NULL, '2018-01-01', '2021-07-14', NULL);
INSERT INTO `employee` VALUES (5, '姚森', '男', '1991-02-05', '610122199102058952', '已婚', 1, '河南', 3, 'yaosen@qq.com', '14785559936', '河南洛阳人民大道58号', 92, 15, 34, '劳动合同', '硕士', '室内装修设计', '西北大学', '2017-01-02', '在职', '00000005', 7, '2017-04-02', NULL, '2017-01-02', '2024-01-17', NULL);
INSERT INTO `employee` VALUES (6, '云星', '女', '1993-01-05', '610122199301054789', '已婚', 1, '陕西西安', 1, 'yunxing@qq.com', '15644442252', '陕西西安新城区', 92, 16, 34, '劳务合同', '硕士', '通信工程', '西安电子科技学校', '2018-01-01', '在职', '00000006', 5.25, '2018-04-01', NULL, '2018-01-01', '2023-04-13', NULL);
INSERT INTO `employee` VALUES (7, '贾旭明', '男', '1993-11-11', '610122199311111234', '已婚', 1, '广东广州', 4, 'jiaxuming@qq.com', '15644441234', '广东省广州市天河区冼村路', 78, 15, 33, '劳务合同', '初中', '通信工程', '西北大学', '2018-01-01', '在职', '00000007', 5.25, '2018-04-01', NULL, '2018-01-01', '2023-04-13', NULL);
INSERT INTO `employee` VALUES (8, '张黎明', '男', '1991-02-01', '610144199102014569', '已婚', 1, '广东', 6, 'zhangliming@qq.com', '18979994478', '广东珠海', 91, 15, 33, '劳动合同', '高中', '考古', '清华大学', '2018-01-01', '在职', '00000008', 7, '2018-04-01', NULL, '2018-01-01', '2025-01-30', NULL);
INSERT INTO `employee` VALUES (9, '薛磊', '男', '1992-07-01', '610144199207017895', '已婚', 1, '陕西西安', 13, 'xuelei@qq.com', '15648887741', '西安市雁塔区', 92, 14, 34, '劳动合同', '初中', '无', '华胥中学', '2018-01-01', '在职', '00000009', 6, '2018-04-01', NULL, '2018-01-01', '2024-01-17', NULL);
INSERT INTO `employee` VALUES (10, '张洁', '女', '1990-10-09', '420177199010093652', '未婚', 1, '海南', 5, 'zhangjie@qq.com', '13695557742', '海口市美兰区', 92, 16, 34, '劳动合同', '高中', '无', '海南侨中', '2018-01-01', '在职', '00000010', 1, '2018-01-31', NULL, '2018-01-01', '2019-01-01', NULL);
INSERT INTO `employee` VALUES (11, '江南一点雨2', '男', '1990-01-01', '610122199001011256', '已婚', 1, '陕西', 13, 'laowang@qq.com', '18565558897', '深圳市南山区', 91, 9, 29, '劳动合同', '本科', '信息管理与信息系统', '深圳大学', '2018-01-01', '在职', '00000011', 1, '2018-04-01', NULL, '2018-01-01', '2019-01-01', NULL);
INSERT INTO `employee` VALUES (12, '陈静2', '女', '1989-02-01', '421288198902011234', '已婚', 1, '海南', 1, 'chenjing@qq.com', '18795556693', '海南省海口市美兰区', 82, 12, 30, '劳动合同', '高中', '市场营销', '武汉大学', '2015-06-09', '在职', '00000012', 3, '2015-09-10', NULL, '2015-06-09', '2018-06-08', NULL);
INSERT INTO `employee` VALUES (13, '赵琳浩2', '男', '1993-03-04', '610122199303041456', '未婚', 1, '陕西', 3, 'zhao@qq.com', '15698887795', '陕西省西安市莲湖区', 91, 12, 33, '劳动合同', '博士', '电子工程', '哈尔滨理工大学', '2018-01-01', '在职', '00000013', 3.5, '2018-04-01', NULL, '2018-01-01', '2021-07-14', NULL);
INSERT INTO `employee` VALUES (14, '鹿存亮2', '男', '1990-01-03', '610122199001031456', '已婚', 1, '陕西', 3, 'zhao@qq.com', '15612347795', '陕西省西安市莲湖区', 92, 12, 34, '劳动合同', '高中', '电子工程', '哈尔滨理工大学', '2018-01-01', '在职', '00000014', 3.5, '2018-04-01', NULL, '2018-01-01', '2021-07-14', NULL);
INSERT INTO `employee` VALUES (15, '姚森2', '男', '1991-02-05', '610122199102058952', '已婚', 1, '河南', 3, 'yaosen@qq.com', '14785559936', '河南洛阳人民大道58号', 92, 15, 34, '劳动合同', '初中', '室内装修设计', '西北大学', '2017-01-02', '在职', '00000015', 7, '2017-04-02', NULL, '2017-01-02', '2024-01-17', NULL);
INSERT INTO `employee` VALUES (16, '云星2', '女', '1993-01-05', '610122199301054789', '已婚', 1, '陕西西安', 1, 'yunxing@qq.com', '15644442252', '陕西西安新城区', 92, 16, 34, '劳务合同', '硕士', '通信工程', '西安电子科技学校', '2018-01-01', '在职', '00000016', 5.25, '2018-04-01', NULL, '2018-01-01', '2023-04-13', NULL);
INSERT INTO `employee` VALUES (17, '贾旭明2', '男', '1993-11-11', '610122199311111234', '已婚', 1, '广东广州', 4, 'jiaxuming@qq.com', '15644441234', '广东省广州市天河区冼村路', 78, 15, 33, '劳务合同', '初中', '通信工程', '西北大学', '2018-01-01', '在职', '00000017', 5.25, '2018-04-01', NULL, '2018-01-01', '2023-04-13', NULL);
INSERT INTO `employee` VALUES (18, '王一亭', '男', '1991-02-01', '610144199102014569', '已婚', 1, '广东', 6, 'zhangliming@qq.com', '18979994478', '广东珠海', 91, 15, 33, '劳动合同', '高中', '考古', '清华大学', '2018-01-01', '在职', '00000018', 7, '2018-04-01', NULL, '2018-01-01', '2025-01-30', NULL);
INSERT INTO `employee` VALUES (19, '薛磊2', '男', '1992-07-01', '610144199207017895', '已婚', 1, '陕西西安', 13, 'xuelei@qq.com', '15648887741', '西安市雁塔区', 92, 14, 34, '劳动合同', '初中', '无', '华胥中学', '2018-01-01', '在职', '00000019', 1, '2018-04-01', NULL, '2018-01-01', '2019-01-01', NULL);
INSERT INTO `employee` VALUES (20, '张洁2', '女', '1990-10-09', '420177199010093652', '未婚', 1, '海南', 5, 'zhangjie@qq.com', '13695557742', '海口市美兰区', 92, 16, 34, '劳动合同', '高中', '无', '海南侨中', '2018-01-01', '在职', '00000020', 1, '2018-01-31', NULL, '2018-01-01', '2019-01-01', NULL);
INSERT INTO `employee` VALUES (21, '江南一点雨3', '男', '1990-01-01', '610122199001011256', '已婚', 1, '陕西', 13, 'laowang@qq.com', '18565558897', '深圳市南山区', 8, 9, 29, '劳动合同', '本科', '信息管理与信息系统', '深圳大学', '2018-01-01', '在职', '00000021', 1, '2018-04-01', NULL, '2018-01-01', '2019-01-01', NULL);
INSERT INTO `employee` VALUES (22, '陈静3', '女', '1989-02-01', '421288198902011234', '已婚', 1, '海南', 1, 'chenjing@qq.com', '18795556693', '海南省海口市美兰区', 82, 12, 30, '劳动合同', '高中', '市场营销', '武汉大学', '2015-06-09', '在职', '00000022', 3, '2015-09-10', NULL, '2015-06-09', '2018-06-08', NULL);
INSERT INTO `employee` VALUES (24, '鹿存亮3', '男', '1990-01-03', '610122199001031456', '已婚', 1, '陕西', 3, 'zhao@qq.com', '15612347795', '陕西省西安市莲湖区', 92, 12, 34, '劳动合同', '高中', '电子工程', '哈尔滨理工大学', '2018-01-01', '在职', '00000024', 3.5, '2018-04-01', NULL, '2018-01-01', '2021-07-14', NULL);
INSERT INTO `employee` VALUES (25, '姚森3', '男', '1991-02-05', '610122199102058952', '已婚', 1, '河南', 3, 'yaosen@qq.com', '14785559936', '河南洛阳人民大道58号', 92, 15, 34, '劳动合同', '初中', '室内装修设计', '西北大学', '2017-01-02', '在职', '00000025', 7, '2017-04-02', NULL, '2017-01-02', '2024-01-17', NULL);
INSERT INTO `employee` VALUES (26, '云星3', '女', '1993-01-05', '610122199301054789', '已婚', 1, '陕西西安', 1, 'yunxing@qq.com', '15644442252', '陕西西安新城区', 92, 16, 34, '劳务合同', '硕士', '通信工程', '西安电子科技学校', '2018-01-01', '在职', '00000026', 5.25, '2018-04-01', NULL, '2018-01-01', '2023-04-13', NULL);
INSERT INTO `employee` VALUES (27, '贾旭明3', '男', '1993-11-11', '610122199311111234', '已婚', 1, '广东广州', 4, 'jiaxuming@qq.com', '15644441234', '广东省广州市天河区冼村路', 78, 15, 33, '劳务合同', '初中', '通信工程', '西北大学', '2018-01-01', '在职', '00000027', 5.25, '2018-04-01', NULL, '2018-01-01', '2023-04-13', NULL);
INSERT INTO `employee` VALUES (28, '张黎明3', '男', '1991-02-01', '610144199102014569', '已婚', 1, '广东', 6, 'zhangliming@qq.com', '18979994478', '广东珠海', 91, 15, 33, '劳动合同', '高中', '考古', '清华大学', '2018-01-01', '在职', '00000028', 7, '2018-04-01', NULL, '2018-01-01', '2025-01-30', NULL);
INSERT INTO `employee` VALUES (29, '薛磊3', '男', '1992-07-01', '610144199207017895', '已婚', 1, '陕西西安', 13, 'xuelei@qq.com', '15648887741', '西安市雁塔区', 92, 14, 34, '劳动合同', '初中', '无', '华胥中学', '2018-01-01', '在职', '00000029', 6, '2018-04-01', NULL, '2018-01-01', '2024-01-17', NULL);
INSERT INTO `employee` VALUES (31, '江南一点雨4', '男', '1990-01-01', '610122199001011256', '已婚', 1, '陕西', 13, 'laowang@qq.com', '18565558897', '深圳市南山区', 8, 9, 29, '劳动合同', '本科', '信息管理与信息系统', '深圳大学', '2018-01-01', '在职', '00000031', 1, '2018-04-01', NULL, '2018-01-01', '2019-01-01', NULL);
INSERT INTO `employee` VALUES (32, '陈静4', '女', '1989-02-01', '421288198902011234', '已婚', 1, '海南', 1, 'chenjing@qq.com', '18795556693', '海南省海口市美兰区', 82, 12, 30, '劳动合同', '高中', '市场营销', '武汉大学', '2015-06-09', '在职', '00000032', 3, '2015-09-10', NULL, '2015-06-09', '2018-06-08', NULL);
INSERT INTO `employee` VALUES (33, '赵琳浩4', '男', '1993-03-04', '610122199303041456', '未婚', 1, '陕西', 3, 'zhao@qq.com', '15698887795', '陕西省西安市莲湖区', 91, 12, 33, '劳动合同', '博士', '电子工程', '哈尔滨理工大学', '2018-01-01', '在职', '00000033', 3.5, '2018-04-01', NULL, '2018-01-01', '2021-07-14', NULL);
INSERT INTO `employee` VALUES (34, '鹿存亮4', '男', '1990-01-03', '610122199001031456', '已婚', 1, '陕西', 3, 'zhao@qq.com', '15612347795', '陕西省西安市莲湖区', 92, 12, 34, '劳动合同', '高中', '电子工程', '哈尔滨理工大学', '2018-01-01', '在职', '00000034', 3.5, '2018-04-01', NULL, '2018-01-01', '2021-07-14', NULL);
INSERT INTO `employee` VALUES (35, '姚森4', '男', '1991-02-05', '610122199102058952', '已婚', 1, '河南', 3, 'yaosen@qq.com', '14785559936', '河南洛阳人民大道58号', 92, 15, 34, '劳动合同', '初中', '室内装修设计', '西北大学', '2017-01-02', '在职', '00000035', 7, '2017-04-02', NULL, '2017-01-02', '2024-01-17', NULL);
INSERT INTO `employee` VALUES (36, '云星4', '女', '1993-01-05', '610122199301054789', '已婚', 1, '陕西西安', 1, 'yunxing@qq.com', '15644442252', '陕西西安新城区', 92, 16, 34, '劳务合同', '硕士', '通信工程', '西安电子科技学校', '2018-01-01', '在职', '00000036', 5.25, '2018-04-01', NULL, '2018-01-01', '2023-04-13', NULL);
INSERT INTO `employee` VALUES (37, '贾旭明4', '男', '1993-11-11', '610122199311111234', '已婚', 1, '广东广州', 4, 'jiaxuming@qq.com', '15644441234', '广东省广州市天河区冼村路', 78, 15, 33, '劳务合同', '初中', '通信工程', '西北大学', '2018-01-01', '在职', '00000037', 5.25, '2018-04-01', NULL, '2018-01-01', '2023-04-13', NULL);
INSERT INTO `employee` VALUES (38, '张黎明2', '男', '1991-02-01', '610144199102014569', '已婚', 1, '广东', 6, 'zhangliming@qq.com', '18979994478', '广东珠海', 91, 15, 33, '劳动合同', '高中', '考古', '清华大学', '2018-01-01', '在职', '00000038', 7, '2018-04-01', NULL, '2018-01-01', '2025-01-30', NULL);
INSERT INTO `employee` VALUES (39, '薛磊4', '男', '1992-07-01', '610144199207017895', '已婚', 1, '陕西西安', 13, 'xuelei@qq.com', '15648887741', '西安市雁塔区', 92, 14, 34, '劳动合同', '初中', '无', '华胥中学', '2018-01-01', '在职', '00000039', 6, '2018-04-01', NULL, '2018-01-01', '2024-01-17', NULL);
INSERT INTO `employee` VALUES (40, '张洁4', '女', '1990-10-09', '420177199010093652', '未婚', 1, '海南', 5, 'zhangjie@qq.com', '13695557742', '海口市美兰区', 92, 16, 34, '劳动合同', '高中', '无', '海南侨中', '2018-01-01', '在职', '00000040', 1, '2018-01-31', NULL, '2018-01-01', '2019-01-01', NULL);
INSERT INTO `employee` VALUES (41, '江南一点雨5', '男', '1990-01-01', '610122199001011256', '已婚', 1, '陕西', 13, 'laowang@qq.com', '18565558897', '深圳市南山区', 8, 9, 29, '劳动合同', '本科', '信息管理与信息系统', '深圳大学', '2018-01-01', '在职', '00000041', 1, '2018-04-01', NULL, '2018-01-01', '2019-01-01', NULL);
INSERT INTO `employee` VALUES (42, '陈静5', '女', '1989-02-01', '421288198902011234', '已婚', 1, '海南', 1, 'chenjing@qq.com', '18795556693', '海南省海口市美兰区', 82, 12, 30, '劳动合同', '高中', '市场营销', '武汉大学', '2015-06-09', '在职', '00000042', 3, '2015-09-10', NULL, '2015-06-09', '2018-06-08', NULL);
INSERT INTO `employee` VALUES (43, '赵琳浩5', '男', '1993-03-04', '610122199303041456', '未婚', 1, '陕西', 3, 'zhao@qq.com', '15698887795', '陕西省西安市莲湖区', 91, 12, 33, '劳动合同', '博士', '电子工程', '哈尔滨理工大学', '2018-01-01', '在职', '00000043', 3.5, '2018-04-01', NULL, '2018-01-01', '2021-07-14', NULL);
INSERT INTO `employee` VALUES (44, '鹿存亮5', '男', '1990-01-03', '610122199001031456', '已婚', 1, '陕西', 3, 'zhao@qq.com', '15612347795', '陕西省西安市莲湖区', 92, 12, 34, '劳动合同', '高中', '电子工程', '哈尔滨理工大学', '2018-01-01', '在职', '00000044', 3.5, '2018-04-01', NULL, '2018-01-01', '2021-07-14', NULL);
INSERT INTO `employee` VALUES (45, '姚森5', '男', '1991-02-05', '610122199102058952', '已婚', 1, '河南', 3, 'yaosen@qq.com', '14785559936', '河南洛阳人民大道58号', 92, 15, 34, '劳动合同', '初中', '室内装修设计', '西北大学', '2017-01-02', '在职', '00000045', 7, '2017-04-02', NULL, '2017-01-02', '2024-01-17', NULL);
INSERT INTO `employee` VALUES (46, '云星5', '女', '1993-01-05', '610122199301054789', '已婚', 1, '陕西西安', 1, 'yunxing@qq.com', '15644442252', '陕西西安新城区', 92, 16, 34, '劳务合同', '硕士', '通信工程', '西安电子科技学校', '2018-01-01', '在职', '00000046', 5.25, '2018-04-01', NULL, '2018-01-01', '2023-04-13', NULL);
INSERT INTO `employee` VALUES (47, '贾旭明5', '男', '1993-11-11', '610122199311111234', '已婚', 1, '广东广州', 4, 'jiaxuming@qq.com', '15644441234', '广东省广州市天河区冼村路', 78, 15, 33, '劳务合同', '初中', '通信工程', '西北大学', '2018-01-01', '在职', '00000047', 5.25, '2018-04-01', NULL, '2018-01-01', '2023-04-13', NULL);
INSERT INTO `employee` VALUES (48, '张黎明5', '男', '1991-02-01', '610144199102014569', '已婚', 1, '广东', 6, 'zhangliming@qq.com', '18979994478', '广东珠海', 91, 15, 33, '劳动合同', '高中', '考古', '清华大学', '2018-01-01', '在职', '00000048', 7, '2018-04-01', NULL, '2018-01-01', '2025-01-30', NULL);
INSERT INTO `employee` VALUES (49, '薛磊5', '男', '1992-07-01', '610144199207017895', '已婚', 1, '陕西西安', 13, 'xuelei@qq.com', '15648887741', '西安市雁塔区', 92, 14, 34, '劳动合同', '初中', '无', '华胥中学', '2018-01-01', '在职', '00000049', 6, '2018-04-01', NULL, '2018-01-01', '2024-01-17', NULL);
INSERT INTO `employee` VALUES (50, '张洁5', '女', '1990-10-09', '420177199010093652', '未婚', 1, '海南', 5, 'zhangjie@qq.com', '13695557742', '海口市美兰区', 92, 16, 34, '劳动合同', '高中', '无', '海南侨中', '2018-01-01', '在职', '00000050', 1, '2018-01-31', NULL, '2018-01-01', '2019-01-01', NULL);
INSERT INTO `employee` VALUES (51, '江南一点雨6', '男', '1990-01-01', '610122199001011256', '已婚', 1, '陕西', 13, 'laowang@qq.com', '18565558897', '深圳市南山区', 8, 9, 29, '劳动合同', '本科', '信息管理与信息系统', '深圳大学', '2018-01-01', '在职', '00000051', 1, '2018-04-01', NULL, '2018-01-01', '2019-01-01', NULL);
INSERT INTO `employee` VALUES (52, '陈静6', '女', '1989-02-01', '421288198902011234', '已婚', 1, '海南', 1, 'chenjing@qq.com', '18795556693', '海南省海口市美兰区', 82, 12, 30, '劳动合同', '高中', '市场营销', '武汉大学', '2015-06-09', '在职', '00000052', 3, '2015-09-10', NULL, '2015-06-09', '2018-06-08', NULL);
INSERT INTO `employee` VALUES (53, '赵琳浩6', '男', '1993-03-04', '610122199303041456', '未婚', 1, '陕西', 3, 'zhao@qq.com', '15698887795', '陕西省西安市莲湖区', 91, 12, 33, '劳动合同', '博士', '电子工程', '哈尔滨理工大学', '2018-01-01', '在职', '00000053', 3.5, '2018-04-01', NULL, '2018-01-01', '2021-07-14', NULL);
INSERT INTO `employee` VALUES (54, '鹿存亮6', '男', '1990-01-03', '610122199001031456', '已婚', 1, '陕西', 3, 'zhao@qq.com', '15612347795', '陕西省西安市莲湖区', 92, 12, 34, '劳动合同', '高中', '电子工程', '哈尔滨理工大学', '2018-01-01', '在职', '00000054', 3.5, '2018-04-01', NULL, '2018-01-01', '2021-07-14', NULL);
INSERT INTO `employee` VALUES (55, '姚森6', '男', '1991-02-05', '610122199102058952', '已婚', 1, '河南', 3, 'yaosen@qq.com', '14785559936', '河南洛阳人民大道58号', 92, 15, 34, '劳动合同', '初中', '室内装修设计', '西北大学', '2017-01-02', '在职', '00000055', 7, '2017-04-02', NULL, '2017-01-02', '2024-01-17', NULL);
INSERT INTO `employee` VALUES (56, '云星6', '女', '1993-01-05', '610122199301054789', '已婚', 1, '陕西西安', 1, 'yunxing@qq.com', '15644442252', '陕西西安新城区', 92, 16, 34, '劳务合同', '硕士', '通信工程', '西安电子科技学校', '2018-01-01', '在职', '00000056', 5.25, '2018-04-01', NULL, '2018-01-01', '2023-04-13', NULL);
INSERT INTO `employee` VALUES (1351, '江南一点雨', '男', '1990-01-01', '610122199001011256', '已婚', 1, '陕西', 13, 'laowang@qq.com', '18565558897', '深圳市南山区', 8, 9, 29, '劳动合同', '本科', '信息管理与信息系统', '深圳大学', '2018-01-01', '在职', '00000001', 1, NULL, NULL, '2018-01-01', '2019-01-01', NULL);
INSERT INTO `employee` VALUES (1352, '陈静', '女', '1989-02-01', '421288198902011234', '已婚', 1, '海南', 1, 'chenjing@qq.com', '18795556693', '海南省海口市美兰区', 82, 12, 30, '劳动合同', '高中', '市场营销', '武汉大学', '2015-06-09', '在职', '00000002', 3, NULL, NULL, '2015-06-09', '2018-06-08', NULL);
INSERT INTO `employee` VALUES (1353, '赵琳浩', '男', '1993-03-04', '610122199303041456', '未婚', 1, '陕西', 3, 'zhao@qq.com', '15698887795', '陕西省西安市莲湖区', 91, 12, 33, '劳动合同', '博士', '电子工程', '哈尔滨理工大学', '2018-01-01', '在职', '00000003', 3.5, NULL, NULL, '2018-01-01', '2021-07-14', NULL);
INSERT INTO `employee` VALUES (1354, '鹿存亮', '男', '1990-01-03', '610122199001031456', '已婚', 1, '陕西', 3, 'zhao@qq.com', '15612347795', '陕西省西安市莲湖区', 92, 12, 34, '劳动合同', '高中', '电子工程', '哈尔滨理工大学', '2018-01-01', '在职', '00000004', 3.5, NULL, NULL, '2018-01-01', '2021-07-14', NULL);
INSERT INTO `employee` VALUES (1355, '姚森', '男', '1991-02-05', '610122199102058952', '已婚', 1, '河南', 3, 'yaosen@qq.com', '14785559936', '河南洛阳人民大道58号', 92, 15, 34, '劳动合同', '初中', '室内装修设计', '西北大学', '2017-01-02', '在职', '00000005', 7, NULL, NULL, '2017-01-02', '2024-01-17', NULL);
INSERT INTO `employee` VALUES (1357, '贾旭明', '男', '1993-11-11', '610122199311111234', '已婚', 1, '广东广州', 4, 'jiaxuming@qq.com', '15644441234', '广东省广州市天河区冼村路', 78, 15, 33, '劳务合同', '初中', '通信工程', '西北大学', '2018-01-01', '在职', '00000007', 5.25, NULL, NULL, '2018-01-01', '2023-04-13', NULL);
INSERT INTO `employee` VALUES (1358, '张黎明', '男', '1991-02-01', '610144199102014569', '已婚', 1, '广东', 6, 'zhangliming@qq.com', '18979994478', '广东珠海', 91, 15, 33, '劳动合同', '高中', '考古', '清华大学', '2018-01-01', '在职', '00000008', 7, NULL, NULL, '2018-01-01', '2025-01-30', NULL);
INSERT INTO `employee` VALUES (1359, '薛磊', '男', '1992-07-01', '610144199207017895', '已婚', 1, '陕西西安', 13, 'xuelei@qq.com', '15648887741', '西安市雁塔区', 92, 14, 34, '劳动合同', '初中', '无', '华胥中学', '2018-01-01', '在职', '00000009', 6, NULL, NULL, '2018-01-01', '2024-01-17', NULL);
INSERT INTO `employee` VALUES (1360, '张洁', '女', '1990-10-09', '420177199010093652', '未婚', 1, '海南', 5, 'zhangjie@qq.com', '13695557742', '海口市美兰区', 92, 16, 34, '劳动合同', '高中', '无', '海南侨中', '2018-01-01', '在职', '00000010', 1, NULL, NULL, '2018-01-01', '2019-01-01', NULL);
INSERT INTO `employee` VALUES (1361, '江南一点雨2', '男', '1990-01-01', '610122199001011256', '已婚', 1, '陕西', 13, 'laowang@qq.com', '18565558897', '深圳市南山区', 8, 9, 29, '劳动合同', '本科', '信息管理与信息系统', '深圳大学', '2018-01-01', '在职', '00000011', 1, NULL, NULL, '2018-01-01', '2019-01-01', NULL);
INSERT INTO `employee` VALUES (1362, '陈静2', '女', '1989-02-01', '421288198902011234', '已婚', 1, '海南', 1, 'chenjing@qq.com', '18795556693', '海南省海口市美兰区', 82, 12, 30, '劳动合同', '高中', '市场营销', '武汉大学', '2015-06-09', '在职', '00000012', 3, NULL, NULL, '2015-06-09', '2018-06-08', NULL);
INSERT INTO `employee` VALUES (1363, '赵琳浩2', '男', '1993-03-04', '610122199303041456', '未婚', 1, '陕西', 3, 'zhao@qq.com', '15698887795', '陕西省西安市莲湖区', 91, 12, 33, '劳动合同', '博士', '电子工程', '哈尔滨理工大学', '2018-01-01', '在职', '00000013', 3.5, NULL, NULL, '2018-01-01', '2021-07-14', NULL);
INSERT INTO `employee` VALUES (1364, '鹿存亮2', '男', '1990-01-03', '610122199001031456', '已婚', 1, '陕西', 3, 'zhao@qq.com', '15612347795', '陕西省西安市莲湖区', 92, 12, 34, '劳动合同', '高中', '电子工程', '哈尔滨理工大学', '2018-01-01', '在职', '00000014', 3.5, NULL, NULL, '2018-01-01', '2021-07-14', NULL);
INSERT INTO `employee` VALUES (1365, '姚森2', '男', '1991-02-05', '610122199102058952', '已婚', 1, '河南', 3, 'yaosen@qq.com', '14785559936', '河南洛阳人民大道58号', 92, 15, 34, '劳动合同', '初中', '室内装修设计', '西北大学', '2017-01-02', '在职', '00000015', 7, NULL, NULL, '2017-01-02', '2024-01-17', NULL);
INSERT INTO `employee` VALUES (1366, '云星2', '女', '1993-01-05', '610122199301054789', '已婚', 1, '陕西西安', 1, 'yunxing@qq.com', '15644442252', '陕西西安新城区', 92, 16, 34, '劳务合同', '硕士', '通信工程', '西安电子科技学校', '2018-01-01', '在职', '00000016', 5.25, NULL, NULL, '2018-01-01', '2023-04-13', NULL);
INSERT INTO `employee` VALUES (1367, '贾旭明2', '男', '1993-11-11', '610122199311111234', '已婚', 1, '广东广州', 4, 'jiaxuming@qq.com', '15644441234', '广东省广州市天河区冼村路', 78, 15, 33, '劳务合同', '初中', '通信工程', '西北大学', '2018-01-01', '在职', '00000017', 5.25, NULL, NULL, '2018-01-01', '2023-04-13', NULL);
INSERT INTO `employee` VALUES (1368, '王一亭', '男', '1991-02-01', '610144199102014569', '已婚', 1, '广东', 6, 'zhangliming@qq.com', '18979994478', '广东珠海', 91, 15, 33, '劳动合同', '高中', '考古', '清华大学', '2018-01-01', '在职', '00000018', 7, NULL, NULL, '2018-01-01', '2025-01-30', NULL);
INSERT INTO `employee` VALUES (1369, '薛磊2', '男', '1992-07-01', '610144199207017895', '已婚', 1, '陕西西安', 13, 'xuelei@qq.com', '15648887741', '西安市雁塔区', 92, 14, 34, '劳动合同', '初中', '无', '华胥中学', '2018-01-01', '在职', '00000019', 1, NULL, NULL, '2018-01-01', '2019-01-01', NULL);
INSERT INTO `employee` VALUES (1370, '张洁2', '女', '1990-10-09', '420177199010093652', '未婚', 1, '海南', 5, 'zhangjie@qq.com', '13695557742', '海口市美兰区', 92, 16, 34, '劳动合同', '高中', '无', '海南侨中', '2018-01-01', '在职', '00000020', 1, NULL, NULL, '2018-01-01', '2019-01-01', NULL);
INSERT INTO `employee` VALUES (1371, '江南一点雨3', '男', '1990-01-01', '610122199001011256', '已婚', 1, '陕西', 13, 'laowang@qq.com', '18565558897', '深圳市南山区', 8, 9, 29, '劳动合同', '本科', '信息管理与信息系统', '深圳大学', '2018-01-01', '在职', '00000021', 1, NULL, NULL, '2018-01-01', '2019-01-01', NULL);
INSERT INTO `employee` VALUES (1372, '陈静3', '女', '1989-02-01', '421288198902011234', '已婚', 1, '海南', 1, 'chenjing@qq.com', '18795556693', '海南省海口市美兰区', 82, 12, 30, '劳动合同', '高中', '市场营销', '武汉大学', '2015-06-09', '在职', '00000022', 3, NULL, NULL, '2015-06-09', '2018-06-08', NULL);
INSERT INTO `employee` VALUES (1373, '鹿存亮3', '男', '1990-01-03', '610122199001031456', '已婚', 1, '陕西', 3, 'zhao@qq.com', '15612347795', '陕西省西安市莲湖区', 92, 12, 34, '劳动合同', '高中', '电子工程', '哈尔滨理工大学', '2018-01-01', '在职', '00000024', 3.5, NULL, NULL, '2018-01-01', '2021-07-14', NULL);
INSERT INTO `employee` VALUES (1374, '姚森3', '男', '1991-02-05', '610122199102058952', '已婚', 1, '河南', 3, 'yaosen@qq.com', '14785559936', '河南洛阳人民大道58号', 92, 15, 34, '劳动合同', '初中', '室内装修设计', '西北大学', '2017-01-02', '在职', '00000025', 7, NULL, NULL, '2017-01-02', '2024-01-17', NULL);
INSERT INTO `employee` VALUES (1375, '云星3', '女', '1993-01-05', '610122199301054789', '已婚', 1, '陕西西安', 1, 'yunxing@qq.com', '15644442252', '陕西西安新城区', 92, 16, 34, '劳务合同', '硕士', '通信工程', '西安电子科技学校', '2018-01-01', '在职', '00000026', 5.25, NULL, NULL, '2018-01-01', '2023-04-13', NULL);
INSERT INTO `employee` VALUES (1376, '贾旭明3', '男', '1993-11-11', '610122199311111234', '已婚', 1, '广东广州', 4, 'jiaxuming@qq.com', '15644441234', '广东省广州市天河区冼村路', 78, 15, 33, '劳务合同', '初中', '通信工程', '西北大学', '2018-01-01', '在职', '00000027', 5.25, NULL, NULL, '2018-01-01', '2023-04-13', NULL);
INSERT INTO `employee` VALUES (1377, '张黎明3', '男', '1991-02-01', '610144199102014569', '已婚', 1, '广东', 6, 'zhangliming@qq.com', '18979994478', '广东珠海', 91, 15, 33, '劳动合同', '高中', '考古', '清华大学', '2018-01-01', '在职', '00000028', 7, NULL, NULL, '2018-01-01', '2025-01-30', NULL);
INSERT INTO `employee` VALUES (1378, '薛磊3', '男', '1992-07-01', '610144199207017895', '已婚', 1, '陕西西安', 13, 'xuelei@qq.com', '15648887741', '西安市雁塔区', 92, 14, 34, '劳动合同', '初中', '无', '华胥中学', '2018-01-01', '在职', '00000029', 6, NULL, NULL, '2018-01-01', '2024-01-17', NULL);
INSERT INTO `employee` VALUES (1379, '江南一点雨4', '男', '1990-01-01', '610122199001011256', '已婚', 1, '陕西', 13, 'laowang@qq.com', '18565558897', '深圳市南山区', 8, 9, 29, '劳动合同', '本科', '信息管理与信息系统', '深圳大学', '2018-01-01', '在职', '00000031', 1, NULL, NULL, '2018-01-01', '2019-01-01', NULL);
INSERT INTO `employee` VALUES (1380, '陈静4', '女', '1989-02-01', '421288198902011234', '已婚', 1, '海南', 1, 'chenjing@qq.com', '18795556693', '海南省海口市美兰区', 82, 12, 30, '劳动合同', '高中', '市场营销', '武汉大学', '2015-06-09', '在职', '00000032', 3, NULL, NULL, '2015-06-09', '2018-06-08', NULL);
INSERT INTO `employee` VALUES (1381, '赵琳浩4', '男', '1993-03-04', '610122199303041456', '未婚', 1, '陕西', 3, 'zhao@qq.com', '15698887795', '陕西省西安市莲湖区', 91, 12, 33, '劳动合同', '博士', '电子工程', '哈尔滨理工大学', '2018-01-01', '在职', '00000033', 3.5, NULL, NULL, '2018-01-01', '2021-07-14', NULL);
INSERT INTO `employee` VALUES (1382, '鹿存亮4', '男', '1990-01-03', '610122199001031456', '已婚', 1, '陕西', 3, 'zhao@qq.com', '15612347795', '陕西省西安市莲湖区', 92, 12, 34, '劳动合同', '高中', '电子工程', '哈尔滨理工大学', '2018-01-01', '在职', '00000034', 3.5, NULL, NULL, '2018-01-01', '2021-07-14', NULL);
INSERT INTO `employee` VALUES (1383, '姚森4', '男', '1991-02-05', '610122199102058952', '已婚', 1, '河南', 3, 'yaosen@qq.com', '14785559936', '河南洛阳人民大道58号', 92, 15, 34, '劳动合同', '初中', '室内装修设计', '西北大学', '2017-01-02', '在职', '00000035', 7, NULL, NULL, '2017-01-02', '2024-01-17', NULL);
INSERT INTO `employee` VALUES (1384, '云星4', '女', '1993-01-05', '610122199301054789', '已婚', 1, '陕西西安', 1, 'yunxing@qq.com', '15644442252', '陕西西安新城区', 92, 16, 34, '劳务合同', '硕士', '通信工程', '西安电子科技学校', '2018-01-01', '在职', '00000036', 5.25, NULL, NULL, '2018-01-01', '2023-04-13', NULL);
INSERT INTO `employee` VALUES (1385, '贾旭明4', '男', '1993-11-11', '610122199311111234', '已婚', 1, '广东广州', 4, 'jiaxuming@qq.com', '15644441234', '广东省广州市天河区冼村路', 78, 15, 33, '劳务合同', '初中', '通信工程', '西北大学', '2018-01-01', '在职', '00000037', 5.25, NULL, NULL, '2018-01-01', '2023-04-13', NULL);
INSERT INTO `employee` VALUES (1411, '谢工', '女', '1970-01-01', '618177197001011234', '离异', 1, '江苏', 1, '584991843@qq.com', '18558887788', '北京', 91, 12, 29, '劳动合同', '本科', '计算机软件', '南华大学', '2018-01-01', '在职', '00000038', 5, '2019-01-01', NULL, '2018-01-01', '2023-01-01', NULL);
INSERT INTO `employee` VALUES (1412, '林昭亮', '男', '1990-01-01', '610122199809091234', '已婚', 1, '广东', 13, '584991843@qq.com', '16767776654', '广东深圳', 91, 15, 33, '劳动合同', '大专', '计算机软件', '广东职业技术学院', '2018-01-01', '在职', '00000039', 5, '2018-04-01', NULL, '2018-01-01', '2023-01-01', NULL);
INSERT INTO `employee` VALUES (1413, '11', '男', '2018-01-01', '610122201801011234', '已婚', 1, '1', 1, '584991843@qq.com', '111', '1', 89, 9, 29, '劳动合同', '本科', '1', '1', '2018-01-01', '在职', '00000040', 4, '2018-04-01', NULL, '2018-01-01', '2022-01-26', NULL);
INSERT INTO `employee` VALUES (1414, '1', '男', '2018-01-01', '610188199809091234', '已婚', 1, '1', 1, '584991843@qq.com', '1', '1', 89, 9, 29, '劳动合同', '大专', '1', '1', '2018-01-31', '在职', '00000041', 1, '2018-01-31', NULL, '2018-01-31', '2019-01-31', NULL);
INSERT INTO `employee` VALUES (1415, '1', '男', '2018-01-01', '610122199909090000', '已婚', 1, '1', 1, '584991843@qq.com', '1', '1', 78, 9, 29, '劳动合同', '大专', '1', '1', '2018-01-31', '在职', '00000042', 1, '2018-01-31', NULL, '2018-01-31', '2019-01-31', NULL);
INSERT INTO `employee` VALUES (1416, '1', '男', '2018-01-01', '610122199909090000', '已婚', 1, '1', 1, '584991843@qq.com', '1', '1', 81, 9, 29, '劳动合同', '大专', '1', '1', '2018-01-31', '在职', '00000043', 0, '2018-01-31', NULL, '2018-01-31', '2018-01-31', NULL);
INSERT INTO `employee` VALUES (1417, '1', '男', '2018-01-01', '610122199909099999', '已婚', 1, '1', 1, '584991843@qq.com', '1', '1', 87, 9, 29, '劳动合同', '大专', '1', '1', '2018-01-01', '在职', '00000044', 0, '2018-01-01', NULL, '2018-01-01', '2018-01-31', NULL);
INSERT INTO `employee` VALUES (1418, '1', '男', '2018-01-01', '610122199909099999', '已婚', 1, '1', 1, '584991843@qq.com', '1', '1', 78, 9, 29, '劳动合同', '大专', '1', '1', '2018-01-01', '在职', '00000045', 0, '2018-01-01', NULL, '2018-01-01', '2018-01-31', NULL);
INSERT INTO `employee` VALUES (1419, '林伯渠', '男', '2018-01-01', '610122199909099999', '未婚', 1, '1', 1, '584991843@qq.com', '1', '1', 8, 9, 29, '劳动合同', '大专', '1', '1', '2018-01-31', '在职', '00000046', 0, '2018-01-31', NULL, '2018-01-31', '2018-01-31', NULL);
INSERT INTO `employee` VALUES (1420, '1', '男', '2018-01-01', '610122199909091234', '已婚', 1, '1', 1, '584991843@qq.com', '1', '1', 8, 9, 29, '劳动合同', '大专', '1', '1', '2018-01-31', '在职', '00000047', 0, '2018-01-31', NULL, '2018-01-31', '2018-01-31', NULL);
INSERT INTO `employee` VALUES (1421, '江南一点雨', '男', '1990-01-01', '610122199001011256', '已婚', 1, '陕西', 13, 'laowang@qq.com', '18565558897', '深圳市南山区', 5, 9, 29, '劳务合同', '本科', '信息管理与信息系统', '深圳大学', '2018-01-01', '在职', '00000001', 2, NULL, NULL, '2018-01-01', '2020-01-01', NULL);
INSERT INTO `employee` VALUES (1422, '陈静', '女', '1989-02-01', '421288198902011234', '已婚', 1, '海南', 1, 'chenjing@qq.com', '18795556693', '海南省海口市美兰区', 8, 12, 30, '劳动合同', '高中', '市场营销', '武汉大学', '2015-06-09', '在职', '00000002', 3, NULL, NULL, '2015-06-09', '2018-06-08', NULL);
INSERT INTO `employee` VALUES (1423, '赵琳浩', '男', '1993-03-04', '610122199303041456', '未婚', 1, '陕西', 3, 'zhao@qq.com', '15698887795', '陕西省西安市莲湖区', 91, 12, 33, '劳动合同', '博士', '电子工程', '哈尔滨理工大学', '2018-01-01', '在职', '00000003', 3.5, NULL, NULL, '2018-01-01', '2021-07-14', NULL);
INSERT INTO `employee` VALUES (1424, '鹿存亮', '男', '1990-01-03', '610122199001031456', '已婚', 1, '陕西', 3, 'zhao@qq.com', '15612347795', '陕西省西安市莲湖区', 92, 12, 34, '劳动合同', '高中', '电子工程', '哈尔滨理工大学', '2018-01-01', '在职', '00000004', 3.5, NULL, NULL, '2018-01-01', '2021-07-14', NULL);
INSERT INTO `employee` VALUES (1425, '姚森', '男', '1991-02-05', '610122199102058952', '已婚', 1, '河南', 3, 'yaosen@qq.com', '14785559936', '河南洛阳人民大道58号', 92, 15, 34, '劳动合同', '硕士', '室内装修设计', '西北大学', '2017-01-02', '在职', '00000005', 7, NULL, NULL, '2017-01-02', '2024-01-17', NULL);
INSERT INTO `employee` VALUES (1426, '云星', '女', '1993-01-05', '610122199301054789', '已婚', 1, '陕西西安', 1, 'yunxing@qq.com', '15644442252', '陕西西安新城区', 92, 16, 34, '劳务合同', '硕士', '通信工程', '西安电子科技学校', '2018-01-01', '在职', '00000006', 5.25, NULL, NULL, '2018-01-01', '2023-04-13', NULL);
INSERT INTO `employee` VALUES (1427, '贾旭明', '男', '1993-11-11', '610122199311111234', '已婚', 1, '广东广州', 4, 'jiaxuming@qq.com', '15644441234', '广东省广州市天河区冼村路', 78, 15, 33, '劳务合同', '初中', '通信工程', '西北大学', '2018-01-01', '在职', '00000007', 5.25, NULL, NULL, '2018-01-01', '2023-04-13', NULL);
INSERT INTO `employee` VALUES (1428, '张黎明', '男', '1991-02-01', '610144199102014569', '已婚', 1, '广东', 6, 'zhangliming@qq.com', '18979994478', '广东珠海', 91, 15, 33, '劳动合同', '高中', '考古', '清华大学', '2018-01-01', '在职', '00000008', 7, NULL, NULL, '2018-01-01', '2025-01-30', NULL);
INSERT INTO `employee` VALUES (1429, '薛磊', '男', '1992-07-01', '610144199207017895', '已婚', 1, '陕西西安', 13, 'xuelei@qq.com', '15648887741', '西安市雁塔区', 92, 14, 34, '劳动合同', '初中', '无', '华胥中学', '2018-01-01', '在职', '00000009', 6, NULL, NULL, '2018-01-01', '2024-01-17', NULL);
INSERT INTO `employee` VALUES (1430, '张洁', '女', '1990-10-09', '420177199010093652', '未婚', 1, '海南', 5, 'zhangjie@qq.com', '13695557742', '海口市美兰区', 92, 16, 34, '劳动合同', '高中', '无', '海南侨中', '2018-01-01', '在职', '00000010', 1, NULL, NULL, '2018-01-01', '2019-01-01', NULL);
INSERT INTO `employee` VALUES (1431, '江南一点雨2', '男', '1990-01-01', '610122199001011256', '已婚', 1, '陕西', 13, 'laowang@qq.com', '18565558897', '深圳市南山区', 91, 9, 29, '劳动合同', '本科', '信息管理与信息系统', '深圳大学', '2018-01-01', '在职', '00000011', 1, NULL, NULL, '2018-01-01', '2019-01-01', NULL);
INSERT INTO `employee` VALUES (1432, '陈静2', '女', '1989-02-01', '421288198902011234', '已婚', 1, '海南', 1, 'chenjing@qq.com', '18795556693', '海南省海口市美兰区', 82, 12, 30, '劳动合同', '高中', '市场营销', '武汉大学', '2015-06-09', '在职', '00000012', 3, NULL, NULL, '2015-06-09', '2018-06-08', NULL);
INSERT INTO `employee` VALUES (1433, '赵琳浩2', '男', '1993-03-04', '610122199303041456', '未婚', 1, '陕西', 3, 'zhao@qq.com', '15698887795', '陕西省西安市莲湖区', 91, 12, 33, '劳动合同', '博士', '电子工程', '哈尔滨理工大学', '2018-01-01', '在职', '00000013', 3.5, NULL, NULL, '2018-01-01', '2021-07-14', NULL);
INSERT INTO `employee` VALUES (1434, '鹿存亮2', '男', '1990-01-03', '610122199001031456', '已婚', 1, '陕西', 3, 'zhao@qq.com', '15612347795', '陕西省西安市莲湖区', 92, 12, 34, '劳动合同', '高中', '电子工程', '哈尔滨理工大学', '2018-01-01', '在职', '00000014', 3.5, NULL, NULL, '2018-01-01', '2021-07-14', NULL);
INSERT INTO `employee` VALUES (1435, '姚森2', '男', '1991-02-05', '610122199102058952', '已婚', 1, '河南', 3, 'yaosen@qq.com', '14785559936', '河南洛阳人民大道58号', 92, 15, 34, '劳动合同', '初中', '室内装修设计', '西北大学', '2017-01-02', '在职', '00000015', 7, NULL, NULL, '2017-01-02', '2024-01-17', NULL);
INSERT INTO `employee` VALUES (1436, '云星2', '女', '1993-01-05', '610122199301054789', '已婚', 1, '陕西西安', 1, 'yunxing@qq.com', '15644442252', '陕西西安新城区', 92, 16, 34, '劳务合同', '硕士', '通信工程', '西安电子科技学校', '2018-01-01', '在职', '00000016', 5.25, NULL, NULL, '2018-01-01', '2023-04-13', NULL);
INSERT INTO `employee` VALUES (1437, '贾旭明2', '男', '1993-11-11', '610122199311111234', '已婚', 1, '广东广州', 4, 'jiaxuming@qq.com', '15644441234', '广东省广州市天河区冼村路', 78, 15, 33, '劳务合同', '初中', '通信工程', '西北大学', '2018-01-01', '在职', '00000017', 5.25, NULL, NULL, '2018-01-01', '2023-04-13', NULL);
INSERT INTO `employee` VALUES (1438, '王一亭', '男', '1991-02-01', '610144199102014569', '已婚', 1, '广东', 6, 'zhangliming@qq.com', '18979994478', '广东珠海', 91, 15, 33, '劳动合同', '高中', '考古', '清华大学', '2018-01-01', '在职', '00000018', 7, NULL, NULL, '2018-01-01', '2025-01-30', NULL);
INSERT INTO `employee` VALUES (1439, '薛磊2', '男', '1992-07-01', '610144199207017895', '已婚', 1, '陕西西安', 13, 'xuelei@qq.com', '15648887741', '西安市雁塔区', 92, 14, 34, '劳动合同', '初中', '无', '华胥中学', '2018-01-01', '在职', '00000019', 1, NULL, NULL, '2018-01-01', '2019-01-01', NULL);
INSERT INTO `employee` VALUES (1440, '张洁2', '女', '1990-10-09', '420177199010093652', '未婚', 1, '海南', 5, 'zhangjie@qq.com', '13695557742', '海口市美兰区', 92, 16, 34, '劳动合同', '高中', '无', '海南侨中', '2018-01-01', '在职', '00000020', 1, NULL, NULL, '2018-01-01', '2019-01-01', NULL);
INSERT INTO `employee` VALUES (1441, '江南一点雨3', '男', '1990-01-01', '610122199001011256', '已婚', 1, '陕西', 13, 'laowang@qq.com', '18565558897', '深圳市南山区', 8, 9, 29, '劳动合同', '本科', '信息管理与信息系统', '深圳大学', '2018-01-01', '在职', '00000021', 1, NULL, NULL, '2018-01-01', '2019-01-01', NULL);
INSERT INTO `employee` VALUES (1442, '陈静3', '女', '1989-02-01', '421288198902011234', '已婚', 1, '海南', 1, 'chenjing@qq.com', '18795556693', '海南省海口市美兰区', 82, 12, 30, '劳动合同', '高中', '市场营销', '武汉大学', '2015-06-09', '在职', '00000022', 3, NULL, NULL, '2015-06-09', '2018-06-08', NULL);
INSERT INTO `employee` VALUES (1443, '鹿存亮3', '男', '1990-01-03', '610122199001031456', '已婚', 1, '陕西', 3, 'zhao@qq.com', '15612347795', '陕西省西安市莲湖区', 92, 12, 34, '劳动合同', '高中', '电子工程', '哈尔滨理工大学', '2018-01-01', '在职', '00000024', 3.5, NULL, NULL, '2018-01-01', '2021-07-14', NULL);
INSERT INTO `employee` VALUES (1444, '姚森3', '男', '1991-02-05', '610122199102058952', '已婚', 1, '河南', 3, 'yaosen@qq.com', '14785559936', '河南洛阳人民大道58号', 92, 15, 34, '劳动合同', '初中', '室内装修设计', '西北大学', '2017-01-02', '在职', '00000025', 7, NULL, NULL, '2017-01-02', '2024-01-17', NULL);
INSERT INTO `employee` VALUES (1445, '云星3', '女', '1993-01-05', '610122199301054789', '已婚', 1, '陕西西安', 1, 'yunxing@qq.com', '15644442252', '陕西西安新城区', 92, 16, 34, '劳务合同', '硕士', '通信工程', '西安电子科技学校', '2018-01-01', '在职', '00000026', 5.25, NULL, NULL, '2018-01-01', '2023-04-13', NULL);
INSERT INTO `employee` VALUES (1446, '贾旭明3', '男', '1993-11-11', '610122199311111234', '已婚', 1, '广东广州', 4, 'jiaxuming@qq.com', '15644441234', '广东省广州市天河区冼村路', 78, 15, 33, '劳务合同', '初中', '通信工程', '西北大学', '2018-01-01', '在职', '00000027', 5.25, NULL, NULL, '2018-01-01', '2023-04-13', NULL);
INSERT INTO `employee` VALUES (1447, '张黎明3', '男', '1991-02-01', '610144199102014569', '已婚', 1, '广东', 6, 'zhangliming@qq.com', '18979994478', '广东珠海', 91, 15, 33, '劳动合同', '高中', '考古', '清华大学', '2018-01-01', '在职', '00000028', 7, NULL, NULL, '2018-01-01', '2025-01-30', NULL);
INSERT INTO `employee` VALUES (1448, '薛磊3', '男', '1992-07-01', '610144199207017895', '已婚', 1, '陕西西安', 13, 'xuelei@qq.com', '15648887741', '西安市雁塔区', 92, 14, 34, '劳动合同', '初中', '无', '华胥中学', '2018-01-01', '在职', '00000029', 6, NULL, NULL, '2018-01-01', '2024-01-17', NULL);
INSERT INTO `employee` VALUES (1449, '江南一点雨4', '男', '1990-01-01', '610122199001011256', '已婚', 1, '陕西', 13, 'laowang@qq.com', '18565558897', '深圳市南山区', 8, 9, 29, '劳动合同', '本科', '信息管理与信息系统', '深圳大学', '2018-01-01', '在职', '00000031', 1, NULL, NULL, '2018-01-01', '2019-01-01', NULL);
INSERT INTO `employee` VALUES (1450, '陈静4', '女', '1989-02-01', '421288198902011234', '已婚', 1, '海南', 1, 'chenjing@qq.com', '18795556693', '海南省海口市美兰区', 82, 12, 30, '劳动合同', '高中', '市场营销', '武汉大学', '2015-06-09', '在职', '00000032', 3, NULL, NULL, '2015-06-09', '2018-06-08', NULL);
INSERT INTO `employee` VALUES (1451, '赵琳浩4', '男', '1993-03-04', '610122199303041456', '未婚', 1, '陕西', 3, 'zhao@qq.com', '15698887795', '陕西省西安市莲湖区', 91, 12, 33, '劳动合同', '博士', '电子工程', '哈尔滨理工大学', '2018-01-01', '在职', '00000033', 3.5, NULL, NULL, '2018-01-01', '2021-07-14', NULL);
INSERT INTO `employee` VALUES (1452, '鹿存亮4', '男', '1990-01-03', '610122199001031456', '已婚', 1, '陕西', 3, 'zhao@qq.com', '15612347795', '陕西省西安市莲湖区', 92, 12, 34, '劳动合同', '高中', '电子工程', '哈尔滨理工大学', '2018-01-01', '在职', '00000034', 3.5, NULL, NULL, '2018-01-01', '2021-07-14', NULL);
INSERT INTO `employee` VALUES (1453, '姚森4', '男', '1991-02-05', '610122199102058952', '已婚', 1, '河南', 3, 'yaosen@qq.com', '14785559936', '河南洛阳人民大道58号', 92, 15, 34, '劳动合同', '初中', '室内装修设计', '西北大学', '2017-01-02', '在职', '00000035', 7, NULL, NULL, '2017-01-02', '2024-01-17', NULL);
INSERT INTO `employee` VALUES (1454, '云星4', '女', '1993-01-05', '610122199301054789', '已婚', 1, '陕西西安', 1, 'yunxing@qq.com', '15644442252', '陕西西安新城区', 92, 16, 34, '劳务合同', '硕士', '通信工程', '西安电子科技学校', '2018-01-01', '在职', '00000036', 5.25, NULL, NULL, '2018-01-01', '2023-04-13', NULL);
INSERT INTO `employee` VALUES (1455, '贾旭明4', '男', '1993-11-11', '610122199311111234', '已婚', 1, '广东广州', 4, 'jiaxuming@qq.com', '15644441234', '广东省广州市天河区冼村路', 78, 15, 33, '劳务合同', '初中', '通信工程', '西北大学', '2018-01-01', '在职', '00000037', 5.25, NULL, NULL, '2018-01-01', '2023-04-13', NULL);
INSERT INTO `employee` VALUES (1456, '张黎明2', '男', '1991-02-01', '610144199102014569', '已婚', 1, '广东', 6, 'zhangliming@qq.com', '18979994478', '广东珠海', 91, 15, 33, '劳动合同', '高中', '考古', '清华大学', '2018-01-01', '在职', '00000038', 7, NULL, NULL, '2018-01-01', '2025-01-30', NULL);
INSERT INTO `employee` VALUES (1457, '薛磊4', '男', '1992-07-01', '610144199207017895', '已婚', 1, '陕西西安', 13, 'xuelei@qq.com', '15648887741', '西安市雁塔区', 92, 14, 34, '劳动合同', '初中', '无', '华胥中学', '2018-01-01', '在职', '00000039', 6, NULL, NULL, '2018-01-01', '2024-01-17', NULL);
INSERT INTO `employee` VALUES (1458, '张洁4', '女', '1990-10-09', '420177199010093652', '未婚', 1, '海南', 5, 'zhangjie@qq.com', '13695557742', '海口市美兰区', 92, 16, 34, '劳动合同', '高中', '无', '海南侨中', '2018-01-01', '在职', '00000040', 1, NULL, NULL, '2018-01-01', '2019-01-01', NULL);
INSERT INTO `employee` VALUES (1459, '江南一点雨5', '男', '1990-01-01', '610122199001011256', '已婚', 1, '陕西', 13, 'laowang@qq.com', '18565558897', '深圳市南山区', 8, 9, 29, '劳动合同', '本科', '信息管理与信息系统', '深圳大学', '2018-01-01', '在职', '00000041', 1, NULL, NULL, '2018-01-01', '2019-01-01', NULL);
INSERT INTO `employee` VALUES (1460, '陈静5', '女', '1989-02-01', '421288198902011234', '已婚', 1, '海南', 1, 'chenjing@qq.com', '18795556693', '海南省海口市美兰区', 82, 12, 30, '劳动合同', '高中', '市场营销', '武汉大学', '2015-06-09', '在职', '00000042', 3, NULL, NULL, '2015-06-09', '2018-06-08', NULL);
INSERT INTO `employee` VALUES (1461, '赵琳浩5', '男', '1993-03-04', '610122199303041456', '未婚', 1, '陕西', 3, 'zhao@qq.com', '15698887795', '陕西省西安市莲湖区', 91, 12, 33, '劳动合同', '博士', '电子工程', '哈尔滨理工大学', '2018-01-01', '在职', '00000043', 3.5, NULL, NULL, '2018-01-01', '2021-07-14', NULL);
INSERT INTO `employee` VALUES (1462, '鹿存亮5', '男', '1990-01-03', '610122199001031456', '已婚', 1, '陕西', 3, 'zhao@qq.com', '15612347795', '陕西省西安市莲湖区', 92, 12, 34, '劳动合同', '高中', '电子工程', '哈尔滨理工大学', '2018-01-01', '在职', '00000044', 3.5, NULL, NULL, '2018-01-01', '2021-07-14', NULL);
INSERT INTO `employee` VALUES (1463, '姚森5', '男', '1991-02-05', '610122199102058952', '已婚', 1, '河南', 3, 'yaosen@qq.com', '14785559936', '河南洛阳人民大道58号', 92, 15, 34, '劳动合同', '初中', '室内装修设计', '西北大学', '2017-01-02', '在职', '00000045', 7, NULL, NULL, '2017-01-02', '2024-01-17', NULL);
INSERT INTO `employee` VALUES (1464, '云星5', '女', '1993-01-05', '610122199301054789', '已婚', 1, '陕西西安', 1, 'yunxing@qq.com', '15644442252', '陕西西安新城区', 92, 16, 34, '劳务合同', '硕士', '通信工程', '西安电子科技学校', '2018-01-01', '在职', '00000046', 5.25, NULL, NULL, '2018-01-01', '2023-04-13', NULL);
INSERT INTO `employee` VALUES (1465, '贾旭明5', '男', '1993-11-11', '610122199311111234', '已婚', 1, '广东广州', 4, 'jiaxuming@qq.com', '15644441234', '广东省广州市天河区冼村路', 78, 15, 33, '劳务合同', '初中', '通信工程', '西北大学', '2018-01-01', '在职', '00000047', 5.25, NULL, NULL, '2018-01-01', '2023-04-13', NULL);
INSERT INTO `employee` VALUES (1466, '张黎明5', '男', '1991-02-01', '610144199102014569', '已婚', 1, '广东', 6, 'zhangliming@qq.com', '18979994478', '广东珠海', 91, 15, 33, '劳动合同', '高中', '考古', '清华大学', '2018-01-01', '在职', '00000048', 7, NULL, NULL, '2018-01-01', '2025-01-30', NULL);
INSERT INTO `employee` VALUES (1467, '薛磊5', '男', '1992-07-01', '610144199207017895', '已婚', 1, '陕西西安', 13, 'xuelei@qq.com', '15648887741', '西安市雁塔区', 92, 14, 34, '劳动合同', '初中', '无', '华胥中学', '2018-01-01', '在职', '00000049', 6, NULL, NULL, '2018-01-01', '2024-01-17', NULL);
INSERT INTO `employee` VALUES (1468, '张洁5', '女', '1990-10-09', '420177199010093652', '未婚', 1, '海南', 5, 'zhangjie@qq.com', '13695557742', '海口市美兰区', 92, 16, 34, '劳动合同', '高中', '无', '海南侨中', '2018-01-01', '在职', '00000050', 1, NULL, NULL, '2018-01-01', '2019-01-01', NULL);
INSERT INTO `employee` VALUES (1469, '江南一点雨6', '男', '1990-01-01', '610122199001011256', '已婚', 1, '陕西', 13, 'laowang@qq.com', '18565558897', '深圳市南山区', 8, 9, 29, '劳动合同', '本科', '信息管理与信息系统', '深圳大学', '2018-01-01', '在职', '00000051', 1, NULL, NULL, '2018-01-01', '2019-01-01', NULL);
INSERT INTO `employee` VALUES (1470, '陈静6', '女', '1989-02-01', '421288198902011234', '已婚', 1, '海南', 1, 'chenjing@qq.com', '18795556693', '海南省海口市美兰区', 82, 12, 30, '劳动合同', '高中', '市场营销', '武汉大学', '2015-06-09', '在职', '00000052', 3, NULL, NULL, '2015-06-09', '2018-06-08', NULL);
INSERT INTO `employee` VALUES (1471, '赵琳浩6', '男', '1993-03-04', '610122199303041456', '未婚', 1, '陕西', 3, 'zhao@qq.com', '15698887795', '陕西省西安市莲湖区', 91, 12, 33, '劳动合同', '博士', '电子工程', '哈尔滨理工大学', '2018-01-01', '在职', '00000053', 3.5, NULL, NULL, '2018-01-01', '2021-07-14', NULL);
INSERT INTO `employee` VALUES (1472, '鹿存亮6', '男', '1990-01-03', '610122199001031456', '已婚', 1, '陕西', 3, 'zhao@qq.com', '15612347795', '陕西省西安市莲湖区', 92, 12, 34, '劳动合同', '高中', '电子工程', '哈尔滨理工大学', '2018-01-01', '在职', '00000054', 3.5, NULL, NULL, '2018-01-01', '2021-07-14', NULL);
INSERT INTO `employee` VALUES (1473, '姚森6', '男', '1991-02-05', '610122199102058952', '已婚', 1, '河南', 3, 'yaosen@qq.com', '14785559936', '河南洛阳人民大道58号', 92, 15, 34, '劳动合同', '初中', '室内装修设计', '西北大学', '2017-01-02', '在职', '00000055', 7, NULL, NULL, '2017-01-02', '2024-01-17', NULL);
INSERT INTO `employee` VALUES (1474, '云星6', '女', '1993-01-05', '610122199301054789', '已婚', 1, '陕西西安', 1, 'yunxing@qq.com', '15644442252', '陕西西安新城区', 92, 16, 34, '劳务合同', '硕士', '通信工程', '西安电子科技学校', '2018-01-01', '在职', '00000056', 5.25, NULL, NULL, '2018-01-01', '2023-04-13', NULL);
INSERT INTO `employee` VALUES (1475, '江南一点雨', '男', '1990-01-01', '610122199001011256', '已婚', 1, '陕西', 13, 'laowang@qq.com', '18565558897', '深圳市南山区', 8, 9, 29, '劳动合同', '本科', '信息管理与信息系统', '深圳大学', '2018-01-01', '在职', '00000001', 1, NULL, NULL, '2018-01-01', '2019-01-01', NULL);
INSERT INTO `employee` VALUES (1476, '陈静', '女', '1989-02-01', '421288198902011234', '已婚', 1, '海南', 1, 'chenjing@qq.com', '18795556693', '海南省海口市美兰区', 82, 12, 30, '劳动合同', '高中', '市场营销', '武汉大学', '2015-06-09', '在职', '00000002', 3, NULL, NULL, '2015-06-09', '2018-06-08', NULL);
INSERT INTO `employee` VALUES (1477, '赵琳浩', '男', '1993-03-04', '610122199303041456', '未婚', 1, '陕西', 3, 'zhao@qq.com', '15698887795', '陕西省西安市莲湖区', 91, 12, 33, '劳动合同', '博士', '电子工程', '哈尔滨理工大学', '2018-01-01', '在职', '00000003', 3.5, NULL, NULL, '2018-01-01', '2021-07-14', NULL);
INSERT INTO `employee` VALUES (1478, '鹿存亮', '男', '1990-01-03', '610122199001031456', '已婚', 1, '陕西', 3, 'zhao@qq.com', '15612347795', '陕西省西安市莲湖区', 92, 12, 34, '劳动合同', '高中', '电子工程', '哈尔滨理工大学', '2018-01-01', '在职', '00000004', 3.5, NULL, NULL, '2018-01-01', '2021-07-14', NULL);
INSERT INTO `employee` VALUES (1479, '姚森', '男', '1991-02-05', '610122199102058952', '已婚', 1, '河南', 3, 'yaosen@qq.com', '14785559936', '河南洛阳人民大道58号', 92, 15, 34, '劳动合同', '初中', '室内装修设计', '西北大学', '2017-01-02', '在职', '00000005', 7, NULL, NULL, '2017-01-02', '2024-01-17', NULL);
INSERT INTO `employee` VALUES (1480, '贾旭明', '男', '1993-11-11', '610122199311111234', '已婚', 1, '广东广州', 4, 'jiaxuming@qq.com', '15644441234', '广东省广州市天河区冼村路', 78, 15, 33, '劳务合同', '初中', '通信工程', '西北大学', '2018-01-01', '在职', '00000007', 5.25, NULL, NULL, '2018-01-01', '2023-04-13', NULL);
INSERT INTO `employee` VALUES (1481, '张黎明', '男', '1991-02-01', '610144199102014569', '已婚', 1, '广东', 6, 'zhangliming@qq.com', '18979994478', '广东珠海', 91, 15, 33, '劳动合同', '高中', '考古', '清华大学', '2018-01-01', '在职', '00000008', 7, NULL, NULL, '2018-01-01', '2025-01-30', NULL);
INSERT INTO `employee` VALUES (1482, '薛磊', '男', '1992-07-01', '610144199207017895', '已婚', 1, '陕西西安', 13, 'xuelei@qq.com', '15648887741', '西安市雁塔区', 92, 14, 34, '劳动合同', '初中', '无', '华胥中学', '2018-01-01', '在职', '00000009', 6, NULL, NULL, '2018-01-01', '2024-01-17', NULL);
INSERT INTO `employee` VALUES (1483, '张洁', '女', '1990-10-09', '420177199010093652', '未婚', 1, '海南', 5, 'zhangjie@qq.com', '13695557742', '海口市美兰区', 92, 16, 34, '劳动合同', '高中', '无', '海南侨中', '2018-01-01', '在职', '00000010', 1, NULL, NULL, '2018-01-01', '2019-01-01', NULL);
INSERT INTO `employee` VALUES (1484, '江南一点雨2', '男', '1990-01-01', '610122199001011256', '已婚', 1, '陕西', 13, 'laowang@qq.com', '18565558897', '深圳市南山区', 8, 9, 29, '劳动合同', '本科', '信息管理与信息系统', '深圳大学', '2018-01-01', '在职', '00000011', 1, NULL, NULL, '2018-01-01', '2019-01-01', NULL);
INSERT INTO `employee` VALUES (1485, '陈静2', '女', '1989-02-01', '421288198902011234', '已婚', 1, '海南', 1, 'chenjing@qq.com', '18795556693', '海南省海口市美兰区', 82, 12, 30, '劳动合同', '高中', '市场营销', '武汉大学', '2015-06-09', '在职', '00000012', 3, NULL, NULL, '2015-06-09', '2018-06-08', NULL);
INSERT INTO `employee` VALUES (1486, '赵琳浩2', '男', '1993-03-04', '610122199303041456', '未婚', 1, '陕西', 3, 'zhao@qq.com', '15698887795', '陕西省西安市莲湖区', 91, 12, 33, '劳动合同', '博士', '电子工程', '哈尔滨理工大学', '2018-01-01', '在职', '00000013', 3.5, NULL, NULL, '2018-01-01', '2021-07-14', NULL);
INSERT INTO `employee` VALUES (1487, '鹿存亮2', '男', '1990-01-03', '610122199001031456', '已婚', 1, '陕西', 3, 'zhao@qq.com', '15612347795', '陕西省西安市莲湖区', 92, 12, 34, '劳动合同', '高中', '电子工程', '哈尔滨理工大学', '2018-01-01', '在职', '00000014', 3.5, NULL, NULL, '2018-01-01', '2021-07-14', NULL);
INSERT INTO `employee` VALUES (1488, '姚森2', '男', '1991-02-05', '610122199102058952', '已婚', 1, '河南', 3, 'yaosen@qq.com', '14785559936', '河南洛阳人民大道58号', 92, 15, 34, '劳动合同', '初中', '室内装修设计', '西北大学', '2017-01-02', '在职', '00000015', 7, NULL, NULL, '2017-01-02', '2024-01-17', NULL);
INSERT INTO `employee` VALUES (1489, '云星2', '女', '1993-01-05', '610122199301054789', '已婚', 1, '陕西西安', 1, 'yunxing@qq.com', '15644442252', '陕西西安新城区', 92, 16, 34, '劳务合同', '硕士', '通信工程', '西安电子科技学校', '2018-01-01', '在职', '00000016', 5.25, NULL, NULL, '2018-01-01', '2023-04-13', NULL);
INSERT INTO `employee` VALUES (1490, '贾旭明2', '男', '1993-11-11', '610122199311111234', '已婚', 1, '广东广州', 4, 'jiaxuming@qq.com', '15644441234', '广东省广州市天河区冼村路', 78, 15, 33, '劳务合同', '初中', '通信工程', '西北大学', '2018-01-01', '在职', '00000017', 5.25, NULL, NULL, '2018-01-01', '2023-04-13', NULL);
INSERT INTO `employee` VALUES (1491, '王一亭', '男', '1991-02-01', '610144199102014569', '已婚', 1, '广东', 6, 'zhangliming@qq.com', '18979994478', '广东珠海', 91, 15, 33, '劳动合同', '高中', '考古', '清华大学', '2018-01-01', '在职', '00000018', 7, NULL, NULL, '2018-01-01', '2025-01-30', NULL);
INSERT INTO `employee` VALUES (1492, '薛磊2', '男', '1992-07-01', '610144199207017895', '已婚', 1, '陕西西安', 13, 'xuelei@qq.com', '15648887741', '西安市雁塔区', 92, 14, 34, '劳动合同', '初中', '无', '华胥中学', '2018-01-01', '在职', '00000019', 1, NULL, NULL, '2018-01-01', '2019-01-01', NULL);
INSERT INTO `employee` VALUES (1493, '张洁2', '女', '1990-10-09', '420177199010093652', '未婚', 1, '海南', 5, 'zhangjie@qq.com', '13695557742', '海口市美兰区', 92, 16, 34, '劳动合同', '高中', '无', '海南侨中', '2018-01-01', '在职', '00000020', 1, NULL, NULL, '2018-01-01', '2019-01-01', NULL);
INSERT INTO `employee` VALUES (1494, '江南一点雨3', '男', '1990-01-01', '610122199001011256', '已婚', 1, '陕西', 13, 'laowang@qq.com', '18565558897', '深圳市南山区', 8, 9, 29, '劳动合同', '本科', '信息管理与信息系统', '深圳大学', '2018-01-01', '在职', '00000021', 1, NULL, NULL, '2018-01-01', '2019-01-01', NULL);
INSERT INTO `employee` VALUES (1495, '陈静3', '女', '1989-02-01', '421288198902011234', '已婚', 1, '海南', 1, 'chenjing@qq.com', '18795556693', '海南省海口市美兰区', 82, 12, 30, '劳动合同', '高中', '市场营销', '武汉大学', '2015-06-09', '在职', '00000022', 3, NULL, NULL, '2015-06-09', '2018-06-08', NULL);
INSERT INTO `employee` VALUES (1496, '鹿存亮3', '男', '1990-01-03', '610122199001031456', '已婚', 1, '陕西', 3, 'zhao@qq.com', '15612347795', '陕西省西安市莲湖区', 92, 12, 34, '劳动合同', '高中', '电子工程', '哈尔滨理工大学', '2018-01-01', '在职', '00000024', 3.5, NULL, NULL, '2018-01-01', '2021-07-14', NULL);
INSERT INTO `employee` VALUES (1497, '姚森3', '男', '1991-02-05', '610122199102058952', '已婚', 1, '河南', 3, 'yaosen@qq.com', '14785559936', '河南洛阳人民大道58号', 92, 15, 34, '劳动合同', '初中', '室内装修设计', '西北大学', '2017-01-02', '在职', '00000025', 7, NULL, NULL, '2017-01-02', '2024-01-17', NULL);
INSERT INTO `employee` VALUES (1498, '云星3', '女', '1993-01-05', '610122199301054789', '已婚', 1, '陕西西安', 1, 'yunxing@qq.com', '15644442252', '陕西西安新城区', 92, 16, 34, '劳务合同', '硕士', '通信工程', '西安电子科技学校', '2018-01-01', '在职', '00000026', 5.25, NULL, NULL, '2018-01-01', '2023-04-13', NULL);
INSERT INTO `employee` VALUES (1499, '贾旭明3', '男', '1993-11-11', '610122199311111234', '已婚', 1, '广东广州', 4, 'jiaxuming@qq.com', '15644441234', '广东省广州市天河区冼村路', 78, 15, 33, '劳务合同', '初中', '通信工程', '西北大学', '2018-01-01', '在职', '00000027', 5.25, NULL, NULL, '2018-01-01', '2023-04-13', NULL);
INSERT INTO `employee` VALUES (1500, '张黎明3', '男', '1991-02-01', '610144199102014569', '已婚', 1, '广东', 6, 'zhangliming@qq.com', '18979994478', '广东珠海', 91, 15, 33, '劳动合同', '高中', '考古', '清华大学', '2018-01-01', '在职', '00000028', 7, NULL, NULL, '2018-01-01', '2025-01-30', NULL);
INSERT INTO `employee` VALUES (1501, '薛磊3', '男', '1992-07-01', '610144199207017895', '已婚', 1, '陕西西安', 13, 'xuelei@qq.com', '15648887741', '西安市雁塔区', 92, 14, 34, '劳动合同', '初中', '无', '华胥中学', '2018-01-01', '在职', '00000029', 6, NULL, NULL, '2018-01-01', '2024-01-17', NULL);
INSERT INTO `employee` VALUES (1502, '江南一点雨4', '男', '1990-01-01', '610122199001011256', '已婚', 1, '陕西', 13, 'laowang@qq.com', '18565558897', '深圳市南山区', 8, 9, 29, '劳动合同', '本科', '信息管理与信息系统', '深圳大学', '2018-01-01', '在职', '00000031', 1, NULL, NULL, '2018-01-01', '2019-01-01', NULL);
INSERT INTO `employee` VALUES (1503, '陈静4', '女', '1989-02-01', '421288198902011234', '已婚', 1, '海南', 1, 'chenjing@qq.com', '18795556693', '海南省海口市美兰区', 82, 12, 30, '劳动合同', '高中', '市场营销', '武汉大学', '2015-06-09', '在职', '00000032', 3, NULL, NULL, '2015-06-09', '2018-06-08', NULL);
INSERT INTO `employee` VALUES (1504, '赵琳浩4', '男', '1993-03-04', '610122199303041456', '未婚', 1, '陕西', 3, 'zhao@qq.com', '15698887795', '陕西省西安市莲湖区', 91, 12, 33, '劳动合同', '博士', '电子工程', '哈尔滨理工大学', '2018-01-01', '在职', '00000033', 3.5, NULL, NULL, '2018-01-01', '2021-07-14', NULL);
INSERT INTO `employee` VALUES (1505, '鹿存亮4', '男', '1990-01-03', '610122199001031456', '已婚', 1, '陕西', 3, 'zhao@qq.com', '15612347795', '陕西省西安市莲湖区', 92, 12, 34, '劳动合同', '高中', '电子工程', '哈尔滨理工大学', '2018-01-01', '在职', '00000034', 3.5, NULL, NULL, '2018-01-01', '2021-07-14', NULL);
INSERT INTO `employee` VALUES (1506, '姚森4', '男', '1991-02-05', '610122199102058952', '已婚', 1, '河南', 3, 'yaosen@qq.com', '14785559936', '河南洛阳人民大道58号', 92, 15, 34, '劳动合同', '初中', '室内装修设计', '西北大学', '2017-01-02', '在职', '00000035', 7, NULL, NULL, '2017-01-02', '2024-01-17', NULL);
INSERT INTO `employee` VALUES (1507, '云星4', '女', '1993-01-05', '610122199301054789', '已婚', 1, '陕西西安', 1, 'yunxing@qq.com', '15644442252', '陕西西安新城区', 92, 16, 34, '劳务合同', '硕士', '通信工程', '西安电子科技学校', '2018-01-01', '在职', '00000036', 5.25, NULL, NULL, '2018-01-01', '2023-04-13', NULL);
INSERT INTO `employee` VALUES (1508, '贾旭明4', '男', '1993-11-11', '610122199311111234', '已婚', 1, '广东广州', 4, 'jiaxuming@qq.com', '15644441234', '广东省广州市天河区冼村路', 78, 15, 33, '劳务合同', '初中', '通信工程', '西北大学', '2018-01-01', '在职', '00000037', 5.25, NULL, NULL, '2018-01-01', '2023-04-13', NULL);
INSERT INTO `employee` VALUES (1509, '谢工', '女', '1970-01-01', '618177197001011234', '离异', 1, '江苏', 1, '584991843@qq.com', '18558887788', '北京', 91, 12, 29, '劳动合同', '本科', '计算机软件', '南华大学', '2018-01-01', '在职', '00000038', 5, NULL, NULL, '2018-01-01', '2023-01-01', NULL);
INSERT INTO `employee` VALUES (1510, '林昭亮', '男', '1990-01-01', '610122199809091234', '已婚', 1, '广东', 13, '584991843@qq.com', '16767776654', '广东深圳', 91, 15, 33, '劳动合同', '大专', '计算机软件', '广东职业技术学院', '2018-01-01', '在职', '00000039', 5, NULL, NULL, '2018-01-01', '2023-01-01', NULL);
INSERT INTO `employee` VALUES (1511, '11', '男', '2018-01-01', '610122201801011234', '已婚', 1, '1', 1, '584991843@qq.com', '111', '1', 89, 9, 29, '劳动合同', '本科', '1', '1', '2018-01-01', '在职', '00000040', 4, NULL, NULL, '2018-01-01', '2022-01-26', NULL);
INSERT INTO `employee` VALUES (1512, '1', '男', '2018-01-01', '610188199809091234', '已婚', 1, '1', 1, '584991843@qq.com', '1', '1', 89, 9, 29, '劳动合同', '大专', '1', '1', '2018-01-31', '在职', '00000041', 1, NULL, NULL, '2018-01-31', '2019-01-31', NULL);
INSERT INTO `employee` VALUES (1513, '1', '男', '2018-01-01', '610122199909090000', '已婚', 1, '1', 1, '584991843@qq.com', '1', '1', 78, 9, 29, '劳动合同', '大专', '1', '1', '2018-01-31', '在职', '00000042', 1, NULL, NULL, '2018-01-31', '2019-01-31', NULL);
INSERT INTO `employee` VALUES (1514, '1', '男', '2018-01-01', '610122199909090000', '已婚', 1, '1', 1, '584991843@qq.com', '1', '1', 81, 9, 29, '劳动合同', '大专', '1', '1', '2018-01-31', '在职', '00000043', 0, NULL, NULL, '2018-01-31', '2018-01-31', NULL);
INSERT INTO `employee` VALUES (1515, '1', '男', '2018-01-01', '610122199909099999', '已婚', 1, '1', 1, '584991843@qq.com', '1', '1', 87, 9, 29, '劳动合同', '大专', '1', '1', '2018-01-01', '在职', '00000044', 0, NULL, NULL, '2018-01-01', '2018-01-31', NULL);
INSERT INTO `employee` VALUES (1516, '1', '男', '2018-01-01', '610122199909099999', '已婚', 1, '1', 1, '584991843@qq.com', '1', '1', 78, 9, 29, '劳动合同', '大专', '1', '1', '2018-01-01', '在职', '00000045', 0, NULL, NULL, '2018-01-01', '2018-01-31', NULL);
INSERT INTO `employee` VALUES (1517, '林伯渠', '男', '2018-01-01', '610122199909099999', '未婚', 1, '1', 1, '584991843@qq.com', '1', '1', 8, 9, 29, '劳动合同', '大专', '1', '1', '2018-01-31', '在职', '00000046', 0, NULL, NULL, '2018-01-31', '2018-01-31', NULL);
INSERT INTO `employee` VALUES (1518, '1', '男', '2018-01-01', '610122199909091234', '已婚', 1, '1', 1, '584991843@qq.com', '1', '1', 8, 9, 29, '劳动合同', '大专', '1', '1', '2018-01-31', '在职', '00000047', 0, NULL, NULL, '2018-01-31', '2018-01-31', NULL);
INSERT INTO `employee` VALUES (1519, 'javaboy', '男', '1989-12-31', '610122199001011256', '已婚', 1, '陕西', 13, 'laowang@qq.com', '18565558897', '深圳市南山区', 5, 9, 29, '劳务合同', '本科', '信息管理与信息系统', '深圳大学', '2017-12-31', '在职', '00000057', 2, '2018-03-31', NULL, '2017-12-31', '2019-12-31', NULL);
INSERT INTO `employee` VALUES (1520, 'javaboy', '男', '1989-12-31', '610122199001011256', '已婚', 1, '陕西', 13, 'laowang@qq.com', '18565558897', '深圳市南山区', 93, 9, 29, '劳务合同', '本科', '信息管理与信息系统', '深圳大学', '2019-11-05', '在职', '00000058', 2, '2018-03-31', NULL, '2017-12-31', '2019-12-31', NULL);
INSERT INTO `employee` VALUES (1521, 'javaboy', '男', '1989-12-31', '610122199001011256', '已婚', 1, '', 13, 'laowang@qq.com', '18565558897', '深圳市南山区', 93, 9, 29, '劳务合同', '本科', '信息管理与信息系统', '深圳大学', '2019-11-05', '在职', '00000059', 2, '2018-03-31', NULL, '2017-12-31', '2019-12-31', NULL);
INSERT INTO `employee` VALUES (1522, 'javaboy', '男', '1989-12-31', '610122199001011256', '已婚', 1, '陕西', 13, 'laowan@123.com', '18565558897', '深圳市南山区', 5, 9, 29, '劳务合同', '本科', '信息管理与信息系统', '深圳大学', '2017-12-31', '在职', '00000060', 2, '2018-03-31', NULL, '2017-12-31', '2019-12-31', NULL);
INSERT INTO `employee` VALUES (1523, 'javaboy', '男', '1989-12-31', '610122199001011256', '已婚', 1, '陕西', 13, 'laowan@123.com', '18565558897', '深圳市南山区', 5, 9, 29, '劳务合同', '本科', '信息管理与信息系统', '深圳大学', '2017-12-31', '在职', '00000060', 2, '2018-03-31', NULL, '2017-12-31', '2019-12-31', NULL);
INSERT INTO `employee` VALUES (1526, 'javaboy', '男', '1989-12-31', '610122199001011256', '已婚', 1, '陕西', 13, 'laowang@qq.com', '18565558897', '深圳市南山区', 91, 9, 29, '劳务合同', '本科', '信息管理与信息系统', '深圳大学', '2017-12-31', '在职', '00000061', 2, '2018-03-31', NULL, '2017-12-31', '2019-12-31', NULL);
INSERT INTO `employee` VALUES (1527, 'javaboy', '男', '1989-12-31', '610122199001011256', '已婚', 1, '陕西', 13, 'laowang@qq.com', '18565558897', '深圳市南山区', 91, 9, 29, '劳务合同', '本科', '信息管理与信息系统', '深圳大学', '2017-12-31', '在职', '00000062', 6.17, '2018-03-31', NULL, '2017-12-31', '2024-02-29', NULL);
INSERT INTO `employee` VALUES (1528, 'javaboy666', '男', '2019-11-10', '610122199911111111', '已婚', 1, '广东', 13, '123@qq.com', '12345678901', '广东深圳', 78, 9, 29, '劳动合同', '本科', '信管', '深圳大学', '2019-11-10', '在职', '00000063', 3.25, '2020-02-10', NULL, '2019-11-10', '2023-02-22', NULL);
INSERT INTO `employee` VALUES (1529, 'javaboy666', '男', '2019-11-10', '610122199911111111', '已婚', 1, '广东', 13, '123@qq.com', '12345678901', '广东深圳', 78, 9, 29, '劳动合同', '本科', '信管', '深圳大学', '2019-11-10', '在职', '00000063', 3.25, '2020-02-10', NULL, '2019-11-10', '2023-02-22', NULL);
INSERT INTO `employee` VALUES (1530, '江南一点雨', '男', '1990-01-01', '610122199001011256', '已婚', 1, '陕西', 13, 'laowang@qq.com', '18565558897', '深圳市南山区', 5, 9, 29, '劳务合同', '本科', '信息管理与信息系统', '深圳大学', '2018-01-01', '在职', '00000001', 2, '2018-04-01', NULL, '2018-01-01', '2020-01-01', NULL);
INSERT INTO `employee` VALUES (1531, '陈静', '女', '1989-02-01', '421288198902011234', '已婚', 1, '海南', 1, 'chenjing@qq.com', '18795556693', '海南省海口市美兰区', 91, 12, 29, '劳动合同', '高中', '市场营销', '武汉大学', '2015-06-09', '在职', '00000002', 3, '2015-09-10', NULL, '2015-06-09', '2018-06-08', NULL);
INSERT INTO `employee` VALUES (1532, '赵琳浩', '男', '1993-03-04', '610122199303041456', '未婚', 1, '陕西', 3, 'zhao@qq.com', '15698887795', '陕西省西安市莲湖区', 91, 12, 33, '劳动合同', '博士', '电子工程', '哈尔滨理工大学', '2018-01-01', '在职', '00000003', 3.5, '2018-04-01', NULL, '2018-01-01', '2021-07-14', NULL);
INSERT INTO `employee` VALUES (1533, '鹿存亮', '男', '1990-01-03', '610122199001031456', '已婚', 1, '陕西', 3, 'zhao@qq.com', '15612347795', '陕西省西安市莲湖区', 92, 12, 34, '劳动合同', '高中', '电子工程', '哈尔滨理工大学', '2018-01-01', '在职', '00000004', 3.5, '2018-04-01', NULL, '2018-01-01', '2021-07-14', NULL);
INSERT INTO `employee` VALUES (1534, '姚森', '男', '1991-02-05', '610122199102058952', '已婚', 1, '河南', 3, 'yaosen@qq.com', '14785559936', '河南洛阳人民大道58号', 92, 15, 34, '劳动合同', '硕士', '室内装修设计', '西北大学', '2017-01-02', '在职', '00000005', 7, '2017-04-02', NULL, '2017-01-02', '2024-01-17', NULL);
INSERT INTO `employee` VALUES (1535, '云星', '女', '1993-01-05', '610122199301054789', '已婚', 1, '陕西西安', 1, 'yunxing@qq.com', '15644442252', '陕西西安新城区', 92, 16, 34, '劳务合同', '硕士', '通信工程', '西安电子科技学校', '2018-01-01', '在职', '00000006', 5.25, '2018-04-01', NULL, '2018-01-01', '2023-04-13', NULL);
INSERT INTO `employee` VALUES (1536, '贾旭明', '男', '1993-11-11', '610122199311111234', '已婚', 1, '广东广州', 4, 'jiaxuming@qq.com', '15644441234', '广东省广州市天河区冼村路', 78, 15, 33, '劳务合同', '初中', '通信工程', '西北大学', '2018-01-01', '在职', '00000007', 5.25, '2018-04-01', NULL, '2018-01-01', '2023-04-13', NULL);
INSERT INTO `employee` VALUES (1537, '张黎明', '男', '1991-02-01', '610144199102014569', '已婚', 1, '广东', 6, 'zhangliming@qq.com', '18979994478', '广东珠海', 91, 15, 33, '劳动合同', '高中', '考古', '清华大学', '2018-01-01', '在职', '00000008', 7, '2018-04-01', NULL, '2018-01-01', '2025-01-30', NULL);
INSERT INTO `employee` VALUES (1538, '薛磊', '男', '1992-07-01', '610144199207017895', '已婚', 1, '陕西西安', 13, 'xuelei@qq.com', '15648887741', '西安市雁塔区', 92, 14, 34, '劳动合同', '初中', '无', '华胥中学', '2018-01-01', '在职', '00000009', 6, '2018-04-01', NULL, '2018-01-01', '2024-01-17', NULL);
INSERT INTO `employee` VALUES (1539, '张洁', '女', '1990-10-09', '420177199010093652', '未婚', 1, '海南', 5, 'zhangjie@qq.com', '13695557742', '海口市美兰区', 92, 16, 34, '劳动合同', '高中', '无', '海南侨中', '2018-01-01', '在职', '00000010', 1, '2018-01-31', NULL, '2018-01-01', '2019-01-01', NULL);
INSERT INTO `employee` VALUES (1540, '江南一点雨2', '男', '1990-01-01', '610122199001011256', '已婚', 1, '陕西', 13, 'laowang@qq.com', '18565558897', '深圳市南山区', 91, 9, 29, '劳动合同', '本科', '信息管理与信息系统', '深圳大学', '2018-01-01', '在职', '00000011', 1, '2018-04-01', NULL, '2018-01-01', '2019-01-01', NULL);
INSERT INTO `employee` VALUES (1541, '陈静2', '女', '1989-02-01', '421288198902011234', '已婚', 1, '海南', 1, 'chenjing@qq.com', '18795556693', '海南省海口市美兰区', 82, 12, 30, '劳动合同', '高中', '市场营销', '武汉大学', '2015-06-09', '在职', '00000012', 3, '2015-09-10', NULL, '2015-06-09', '2018-06-08', NULL);
INSERT INTO `employee` VALUES (1542, '赵琳浩2', '男', '1993-03-04', '610122199303041456', '未婚', 1, '陕西', 3, 'zhao@qq.com', '15698887795', '陕西省西安市莲湖区', 91, 12, 33, '劳动合同', '博士', '电子工程', '哈尔滨理工大学', '2018-01-01', '在职', '00000013', 3.5, '2018-04-01', NULL, '2018-01-01', '2021-07-14', NULL);
INSERT INTO `employee` VALUES (1543, '鹿存亮2', '男', '1990-01-03', '610122199001031456', '已婚', 1, '陕西', 3, 'zhao@qq.com', '15612347795', '陕西省西安市莲湖区', 92, 12, 34, '劳动合同', '高中', '电子工程', '哈尔滨理工大学', '2018-01-01', '在职', '00000014', 3.5, '2018-04-01', NULL, '2018-01-01', '2021-07-14', NULL);
INSERT INTO `employee` VALUES (1544, '姚森2', '男', '1991-02-05', '610122199102058952', '已婚', 1, '河南', 3, 'yaosen@qq.com', '14785559936', '河南洛阳人民大道58号', 92, 15, 34, '劳动合同', '初中', '室内装修设计', '西北大学', '2017-01-02', '在职', '00000015', 7, '2017-04-02', NULL, '2017-01-02', '2024-01-17', NULL);
INSERT INTO `employee` VALUES (1545, '云星2', '女', '1993-01-05', '610122199301054789', '已婚', 1, '陕西西安', 1, 'yunxing@qq.com', '15644442252', '陕西西安新城区', 92, 16, 34, '劳务合同', '硕士', '通信工程', '西安电子科技学校', '2018-01-01', '在职', '00000016', 5.25, '2018-04-01', NULL, '2018-01-01', '2023-04-13', NULL);
INSERT INTO `employee` VALUES (1546, '贾旭明2', '男', '1993-11-11', '610122199311111234', '已婚', 1, '广东广州', 4, 'jiaxuming@qq.com', '15644441234', '广东省广州市天河区冼村路', 78, 15, 33, '劳务合同', '初中', '通信工程', '西北大学', '2018-01-01', '在职', '00000017', 5.25, '2018-04-01', NULL, '2018-01-01', '2023-04-13', NULL);
INSERT INTO `employee` VALUES (1547, '王一亭', '男', '1991-02-01', '610144199102014569', '已婚', 1, '广东', 6, 'zhangliming@qq.com', '18979994478', '广东珠海', 91, 15, 33, '劳动合同', '高中', '考古', '清华大学', '2018-01-01', '在职', '00000018', 7, '2018-04-01', NULL, '2018-01-01', '2025-01-30', NULL);
INSERT INTO `employee` VALUES (1548, '薛磊2', '男', '1992-07-01', '610144199207017895', '已婚', 1, '陕西西安', 13, 'xuelei@qq.com', '15648887741', '西安市雁塔区', 92, 14, 34, '劳动合同', '初中', '无', '华胥中学', '2018-01-01', '在职', '00000019', 1, '2018-04-01', NULL, '2018-01-01', '2019-01-01', NULL);
INSERT INTO `employee` VALUES (1549, '张洁2', '女', '1990-10-09', '420177199010093652', '未婚', 1, '海南', 5, 'zhangjie@qq.com', '13695557742', '海口市美兰区', 92, 16, 34, '劳动合同', '高中', '无', '海南侨中', '2018-01-01', '在职', '00000020', 1, '2018-01-31', NULL, '2018-01-01', '2019-01-01', NULL);
INSERT INTO `employee` VALUES (1550, '江南一点雨3', '男', '1990-01-01', '610122199001011256', '已婚', 1, '陕西', 13, 'laowang@qq.com', '18565558897', '深圳市南山区', 8, 9, 29, '劳动合同', '本科', '信息管理与信息系统', '深圳大学', '2018-01-01', '在职', '00000021', 1, '2018-04-01', NULL, '2018-01-01', '2019-01-01', NULL);
INSERT INTO `employee` VALUES (1551, '陈静3', '女', '1989-02-01', '421288198902011234', '已婚', 1, '海南', 1, 'chenjing@qq.com', '18795556693', '海南省海口市美兰区', 82, 12, 30, '劳动合同', '高中', '市场营销', '武汉大学', '2015-06-09', '在职', '00000022', 3, '2015-09-10', NULL, '2015-06-09', '2018-06-08', NULL);
INSERT INTO `employee` VALUES (1552, '鹿存亮3', '男', '1990-01-03', '610122199001031456', '已婚', 1, '陕西', 3, 'zhao@qq.com', '15612347795', '陕西省西安市莲湖区', 92, 12, 34, '劳动合同', '高中', '电子工程', '哈尔滨理工大学', '2018-01-01', '在职', '00000024', 3.5, '2018-04-01', NULL, '2018-01-01', '2021-07-14', NULL);
INSERT INTO `employee` VALUES (1553, '姚森3', '男', '1991-02-05', '610122199102058952', '已婚', 1, '河南', 3, 'yaosen@qq.com', '14785559936', '河南洛阳人民大道58号', 92, 15, 34, '劳动合同', '初中', '室内装修设计', '西北大学', '2017-01-02', '在职', '00000025', 7, '2017-04-02', NULL, '2017-01-02', '2024-01-17', NULL);
INSERT INTO `employee` VALUES (1554, '云星3', '女', '1993-01-05', '610122199301054789', '已婚', 1, '陕西西安', 1, 'yunxing@qq.com', '15644442252', '陕西西安新城区', 92, 16, 34, '劳务合同', '硕士', '通信工程', '西安电子科技学校', '2018-01-01', '在职', '00000026', 5.25, '2018-04-01', NULL, '2018-01-01', '2023-04-13', NULL);
INSERT INTO `employee` VALUES (1555, '贾旭明3', '男', '1993-11-11', '610122199311111234', '已婚', 1, '广东广州', 4, 'jiaxuming@qq.com', '15644441234', '广东省广州市天河区冼村路', 78, 15, 33, '劳务合同', '初中', '通信工程', '西北大学', '2018-01-01', '在职', '00000027', 5.25, '2018-04-01', NULL, '2018-01-01', '2023-04-13', NULL);
INSERT INTO `employee` VALUES (1556, '张黎明3', '男', '1991-02-01', '610144199102014569', '已婚', 1, '广东', 6, 'zhangliming@qq.com', '18979994478', '广东珠海', 91, 15, 33, '劳动合同', '高中', '考古', '清华大学', '2018-01-01', '在职', '00000028', 7, '2018-04-01', NULL, '2018-01-01', '2025-01-30', NULL);
INSERT INTO `employee` VALUES (1557, '薛磊3', '男', '1992-07-01', '610144199207017895', '已婚', 1, '陕西西安', 13, 'xuelei@qq.com', '15648887741', '西安市雁塔区', 92, 14, 34, '劳动合同', '初中', '无', '华胥中学', '2018-01-01', '在职', '00000029', 6, '2018-04-01', NULL, '2018-01-01', '2024-01-17', NULL);
INSERT INTO `employee` VALUES (1558, '江南一点雨4', '男', '1990-01-01', '610122199001011256', '已婚', 1, '陕西', 13, 'laowang@qq.com', '18565558897', '深圳市南山区', 8, 9, 29, '劳动合同', '本科', '信息管理与信息系统', '深圳大学', '2018-01-01', '在职', '00000031', 1, '2018-04-01', NULL, '2018-01-01', '2019-01-01', NULL);
INSERT INTO `employee` VALUES (1559, '陈静4', '女', '1989-02-01', '421288198902011234', '已婚', 1, '海南', 1, 'chenjing@qq.com', '18795556693', '海南省海口市美兰区', 82, 12, 30, '劳动合同', '高中', '市场营销', '武汉大学', '2015-06-09', '在职', '00000032', 3, '2015-09-10', NULL, '2015-06-09', '2018-06-08', NULL);
INSERT INTO `employee` VALUES (1560, '赵琳浩4', '男', '1993-03-04', '610122199303041456', '未婚', 1, '陕西', 3, 'zhao@qq.com', '15698887795', '陕西省西安市莲湖区', 91, 12, 33, '劳动合同', '博士', '电子工程', '哈尔滨理工大学', '2018-01-01', '在职', '00000033', 3.5, '2018-04-01', NULL, '2018-01-01', '2021-07-14', NULL);
INSERT INTO `employee` VALUES (1561, '鹿存亮4', '男', '1990-01-03', '610122199001031456', '已婚', 1, '陕西', 3, 'zhao@qq.com', '15612347795', '陕西省西安市莲湖区', 92, 12, 34, '劳动合同', '高中', '电子工程', '哈尔滨理工大学', '2018-01-01', '在职', '00000034', 3.5, '2018-04-01', NULL, '2018-01-01', '2021-07-14', NULL);
INSERT INTO `employee` VALUES (1562, '姚森4', '男', '1991-02-05', '610122199102058952', '已婚', 1, '河南', 3, 'yaosen@qq.com', '14785559936', '河南洛阳人民大道58号', 92, 15, 34, '劳动合同', '初中', '室内装修设计', '西北大学', '2017-01-02', '在职', '00000035', 7, '2017-04-02', NULL, '2017-01-02', '2024-01-17', NULL);
INSERT INTO `employee` VALUES (1563, '云星4', '女', '1993-01-05', '610122199301054789', '已婚', 1, '陕西西安', 1, 'yunxing@qq.com', '15644442252', '陕西西安新城区', 92, 16, 34, '劳务合同', '硕士', '通信工程', '西安电子科技学校', '2018-01-01', '在职', '00000036', 5.25, '2018-04-01', NULL, '2018-01-01', '2023-04-13', NULL);
INSERT INTO `employee` VALUES (1564, '贾旭明4', '男', '1993-11-11', '610122199311111234', '已婚', 1, '广东广州', 4, 'jiaxuming@qq.com', '15644441234', '广东省广州市天河区冼村路', 78, 15, 33, '劳务合同', '初中', '通信工程', '西北大学', '2018-01-01', '在职', '00000037', 5.25, '2018-04-01', NULL, '2018-01-01', '2023-04-13', NULL);
INSERT INTO `employee` VALUES (1565, '张黎明2', '男', '1991-02-01', '610144199102014569', '已婚', 1, '广东', 6, 'zhangliming@qq.com', '18979994478', '广东珠海', 91, 15, 33, '劳动合同', '高中', '考古', '清华大学', '2018-01-01', '在职', '00000038', 7, '2018-04-01', NULL, '2018-01-01', '2025-01-30', NULL);
INSERT INTO `employee` VALUES (1566, '薛磊4', '男', '1992-07-01', '610144199207017895', '已婚', 1, '陕西西安', 13, 'xuelei@qq.com', '15648887741', '西安市雁塔区', 92, 14, 34, '劳动合同', '初中', '无', '华胥中学', '2018-01-01', '在职', '00000039', 6, '2018-04-01', NULL, '2018-01-01', '2024-01-17', NULL);
INSERT INTO `employee` VALUES (1567, '张洁4', '女', '1990-10-09', '420177199010093652', '未婚', 1, '海南', 5, 'zhangjie@qq.com', '13695557742', '海口市美兰区', 92, 16, 34, '劳动合同', '高中', '无', '海南侨中', '2018-01-01', '在职', '00000040', 1, '2018-01-31', NULL, '2018-01-01', '2019-01-01', NULL);
INSERT INTO `employee` VALUES (1568, '江南一点雨5', '男', '1990-01-01', '610122199001011256', '已婚', 1, '陕西', 13, 'laowang@qq.com', '18565558897', '深圳市南山区', 8, 9, 29, '劳动合同', '本科', '信息管理与信息系统', '深圳大学', '2018-01-01', '在职', '00000041', 1, '2018-04-01', NULL, '2018-01-01', '2019-01-01', NULL);
INSERT INTO `employee` VALUES (1569, '陈静5', '女', '1989-02-01', '421288198902011234', '已婚', 1, '海南', 1, 'chenjing@qq.com', '18795556693', '海南省海口市美兰区', 82, 12, 30, '劳动合同', '高中', '市场营销', '武汉大学', '2015-06-09', '在职', '00000042', 3, '2015-09-10', NULL, '2015-06-09', '2018-06-08', NULL);
INSERT INTO `employee` VALUES (1570, '赵琳浩5', '男', '1993-03-04', '610122199303041456', '未婚', 1, '陕西', 3, 'zhao@qq.com', '15698887795', '陕西省西安市莲湖区', 91, 12, 33, '劳动合同', '博士', '电子工程', '哈尔滨理工大学', '2018-01-01', '在职', '00000043', 3.5, '2018-04-01', NULL, '2018-01-01', '2021-07-14', NULL);
INSERT INTO `employee` VALUES (1571, '鹿存亮5', '男', '1990-01-03', '610122199001031456', '已婚', 1, '陕西', 3, 'zhao@qq.com', '15612347795', '陕西省西安市莲湖区', 92, 12, 34, '劳动合同', '高中', '电子工程', '哈尔滨理工大学', '2018-01-01', '在职', '00000044', 3.5, '2018-04-01', NULL, '2018-01-01', '2021-07-14', NULL);
INSERT INTO `employee` VALUES (1572, '姚森5', '男', '1991-02-05', '610122199102058952', '已婚', 1, '河南', 3, 'yaosen@qq.com', '14785559936', '河南洛阳人民大道58号', 92, 15, 34, '劳动合同', '初中', '室内装修设计', '西北大学', '2017-01-02', '在职', '00000045', 7, '2017-04-02', NULL, '2017-01-02', '2024-01-17', NULL);
INSERT INTO `employee` VALUES (1573, '云星5', '女', '1993-01-05', '610122199301054789', '已婚', 1, '陕西西安', 1, 'yunxing@qq.com', '15644442252', '陕西西安新城区', 92, 16, 34, '劳务合同', '硕士', '通信工程', '西安电子科技学校', '2018-01-01', '在职', '00000046', 5.25, '2018-04-01', NULL, '2018-01-01', '2023-04-13', NULL);
INSERT INTO `employee` VALUES (1574, '贾旭明5', '男', '1993-11-11', '610122199311111234', '已婚', 1, '广东广州', 4, 'jiaxuming@qq.com', '15644441234', '广东省广州市天河区冼村路', 78, 15, 33, '劳务合同', '初中', '通信工程', '西北大学', '2018-01-01', '在职', '00000047', 5.25, '2018-04-01', NULL, '2018-01-01', '2023-04-13', NULL);
INSERT INTO `employee` VALUES (1575, '张黎明5', '男', '1991-02-01', '610144199102014569', '已婚', 1, '广东', 6, 'zhangliming@qq.com', '18979994478', '广东珠海', 91, 15, 33, '劳动合同', '高中', '考古', '清华大学', '2018-01-01', '在职', '00000048', 7, '2018-04-01', NULL, '2018-01-01', '2025-01-30', NULL);
INSERT INTO `employee` VALUES (1576, '薛磊5', '男', '1992-07-01', '610144199207017895', '已婚', 1, '陕西西安', 13, 'xuelei@qq.com', '15648887741', '西安市雁塔区', 92, 14, 34, '劳动合同', '初中', '无', '华胥中学', '2018-01-01', '在职', '00000049', 6, '2018-04-01', NULL, '2018-01-01', '2024-01-17', NULL);
INSERT INTO `employee` VALUES (1577, '张洁5', '女', '1990-10-09', '420177199010093652', '未婚', 1, '海南', 5, 'zhangjie@qq.com', '13695557742', '海口市美兰区', 92, 16, 34, '劳动合同', '高中', '无', '海南侨中', '2018-01-01', '在职', '00000050', 1, '2018-01-31', NULL, '2018-01-01', '2019-01-01', NULL);
INSERT INTO `employee` VALUES (1578, '江南一点雨6', '男', '1990-01-01', '610122199001011256', '已婚', 1, '陕西', 13, 'laowang@qq.com', '18565558897', '深圳市南山区', 8, 9, 29, '劳动合同', '本科', '信息管理与信息系统', '深圳大学', '2018-01-01', '在职', '00000051', 1, '2018-04-01', NULL, '2018-01-01', '2019-01-01', NULL);
INSERT INTO `employee` VALUES (1579, '陈静6', '女', '1989-02-01', '421288198902011234', '已婚', 1, '海南', 1, 'chenjing@qq.com', '18795556693', '海南省海口市美兰区', 82, 12, 30, '劳动合同', '高中', '市场营销', '武汉大学', '2015-06-09', '在职', '00000052', 3, '2015-09-10', NULL, '2015-06-09', '2018-06-08', NULL);
INSERT INTO `employee` VALUES (1580, '赵琳浩6', '男', '1993-03-04', '610122199303041456', '未婚', 1, '陕西', 3, 'zhao@qq.com', '15698887795', '陕西省西安市莲湖区', 91, 12, 33, '劳动合同', '博士', '电子工程', '哈尔滨理工大学', '2018-01-01', '在职', '00000053', 3.5, '2018-04-01', NULL, '2018-01-01', '2021-07-14', NULL);
INSERT INTO `employee` VALUES (1581, '鹿存亮6', '男', '1990-01-03', '610122199001031456', '已婚', 1, '陕西', 3, 'zhao@qq.com', '15612347795', '陕西省西安市莲湖区', 92, 12, 34, '劳动合同', '高中', '电子工程', '哈尔滨理工大学', '2018-01-01', '在职', '00000054', 3.5, '2018-04-01', NULL, '2018-01-01', '2021-07-14', NULL);
INSERT INTO `employee` VALUES (1582, '姚森6', '男', '1991-02-05', '610122199102058952', '已婚', 1, '河南', 3, 'yaosen@qq.com', '14785559936', '河南洛阳人民大道58号', 92, 15, 34, '劳动合同', '初中', '室内装修设计', '西北大学', '2017-01-02', '在职', '00000055', 7, '2017-04-02', NULL, '2017-01-02', '2024-01-17', NULL);
INSERT INTO `employee` VALUES (1583, '云星6', '女', '1993-01-05', '610122199301054789', '已婚', 1, '陕西西安', 1, 'yunxing@qq.com', '15644442252', '陕西西安新城区', 92, 16, 34, '劳务合同', '硕士', '通信工程', '西安电子科技学校', '2018-01-01', '在职', '00000056', 5.25, '2018-04-01', NULL, '2018-01-01', '2023-04-13', NULL);
INSERT INTO `employee` VALUES (1584, '江南一点雨', '男', '1990-01-01', '610122199001011256', '已婚', 1, '陕西', 13, 'laowang@qq.com', '18565558897', '深圳市南山区', 8, 9, 29, '劳动合同', '本科', '信息管理与信息系统', '深圳大学', '2018-01-01', '在职', '00000001', 1, NULL, NULL, '2018-01-01', '2019-01-01', NULL);
INSERT INTO `employee` VALUES (1585, '陈静', '女', '1989-02-01', '421288198902011234', '已婚', 1, '海南', 1, 'chenjing@qq.com', '18795556693', '海南省海口市美兰区', 82, 12, 30, '劳动合同', '高中', '市场营销', '武汉大学', '2015-06-09', '在职', '00000002', 3, NULL, NULL, '2015-06-09', '2018-06-08', NULL);
INSERT INTO `employee` VALUES (1586, '赵琳浩', '男', '1993-03-04', '610122199303041456', '未婚', 1, '陕西', 3, 'zhao@qq.com', '15698887795', '陕西省西安市莲湖区', 91, 12, 33, '劳动合同', '博士', '电子工程', '哈尔滨理工大学', '2018-01-01', '在职', '00000003', 3.5, NULL, NULL, '2018-01-01', '2021-07-14', NULL);
INSERT INTO `employee` VALUES (1587, '鹿存亮', '男', '1990-01-03', '610122199001031456', '已婚', 1, '陕西', 3, 'zhao@qq.com', '15612347795', '陕西省西安市莲湖区', 92, 12, 34, '劳动合同', '高中', '电子工程', '哈尔滨理工大学', '2018-01-01', '在职', '00000004', 3.5, NULL, NULL, '2018-01-01', '2021-07-14', NULL);
INSERT INTO `employee` VALUES (1588, '姚森', '男', '1991-02-05', '610122199102058952', '已婚', 1, '河南', 3, 'yaosen@qq.com', '14785559936', '河南洛阳人民大道58号', 92, 15, 34, '劳动合同', '初中', '室内装修设计', '西北大学', '2017-01-02', '在职', '00000005', 7, NULL, NULL, '2017-01-02', '2024-01-17', NULL);
INSERT INTO `employee` VALUES (1589, '贾旭明', '男', '1993-11-11', '610122199311111234', '已婚', 1, '广东广州', 4, 'jiaxuming@qq.com', '15644441234', '广东省广州市天河区冼村路', 78, 15, 33, '劳务合同', '初中', '通信工程', '西北大学', '2018-01-01', '在职', '00000007', 5.25, NULL, NULL, '2018-01-01', '2023-04-13', NULL);
INSERT INTO `employee` VALUES (1590, '张黎明', '男', '1991-02-01', '610144199102014569', '已婚', 1, '广东', 6, 'zhangliming@qq.com', '18979994478', '广东珠海', 91, 15, 33, '劳动合同', '高中', '考古', '清华大学', '2018-01-01', '在职', '00000008', 7, NULL, NULL, '2018-01-01', '2025-01-30', NULL);
INSERT INTO `employee` VALUES (1591, '薛磊', '男', '1992-07-01', '610144199207017895', '已婚', 1, '陕西西安', 13, 'xuelei@qq.com', '15648887741', '西安市雁塔区', 92, 14, 34, '劳动合同', '初中', '无', '华胥中学', '2018-01-01', '在职', '00000009', 6, NULL, NULL, '2018-01-01', '2024-01-17', NULL);
INSERT INTO `employee` VALUES (1592, '张洁', '女', '1990-10-09', '420177199010093652', '未婚', 1, '海南', 5, 'zhangjie@qq.com', '13695557742', '海口市美兰区', 92, 16, 34, '劳动合同', '高中', '无', '海南侨中', '2018-01-01', '在职', '00000010', 1, NULL, NULL, '2018-01-01', '2019-01-01', NULL);
INSERT INTO `employee` VALUES (1593, '江南一点雨2', '男', '1990-01-01', '610122199001011256', '已婚', 1, '陕西', 13, 'laowang@qq.com', '18565558897', '深圳市南山区', 8, 9, 29, '劳动合同', '本科', '信息管理与信息系统', '深圳大学', '2018-01-01', '在职', '00000011', 1, NULL, NULL, '2018-01-01', '2019-01-01', NULL);
INSERT INTO `employee` VALUES (1594, '陈静2', '女', '1989-02-01', '421288198902011234', '已婚', 1, '海南', 1, 'chenjing@qq.com', '18795556693', '海南省海口市美兰区', 82, 12, 30, '劳动合同', '高中', '市场营销', '武汉大学', '2015-06-09', '在职', '00000012', 3, NULL, NULL, '2015-06-09', '2018-06-08', NULL);
INSERT INTO `employee` VALUES (1595, '赵琳浩2', '男', '1993-03-04', '610122199303041456', '未婚', 1, '陕西', 3, 'zhao@qq.com', '15698887795', '陕西省西安市莲湖区', 91, 12, 33, '劳动合同', '博士', '电子工程', '哈尔滨理工大学', '2018-01-01', '在职', '00000013', 3.5, NULL, NULL, '2018-01-01', '2021-07-14', NULL);
INSERT INTO `employee` VALUES (1596, '鹿存亮2', '男', '1990-01-03', '610122199001031456', '已婚', 1, '陕西', 3, 'zhao@qq.com', '15612347795', '陕西省西安市莲湖区', 92, 12, 34, '劳动合同', '高中', '电子工程', '哈尔滨理工大学', '2018-01-01', '在职', '00000014', 3.5, NULL, NULL, '2018-01-01', '2021-07-14', NULL);
INSERT INTO `employee` VALUES (1597, '姚森2', '男', '1991-02-05', '610122199102058952', '已婚', 1, '河南', 3, 'yaosen@qq.com', '14785559936', '河南洛阳人民大道58号', 92, 15, 34, '劳动合同', '初中', '室内装修设计', '西北大学', '2017-01-02', '在职', '00000015', 7, NULL, NULL, '2017-01-02', '2024-01-17', NULL);
INSERT INTO `employee` VALUES (1598, '云星2', '女', '1993-01-05', '610122199301054789', '已婚', 1, '陕西西安', 1, 'yunxing@qq.com', '15644442252', '陕西西安新城区', 92, 16, 34, '劳务合同', '硕士', '通信工程', '西安电子科技学校', '2018-01-01', '在职', '00000016', 5.25, NULL, NULL, '2018-01-01', '2023-04-13', NULL);
INSERT INTO `employee` VALUES (1599, '贾旭明2', '男', '1993-11-11', '610122199311111234', '已婚', 1, '广东广州', 4, 'jiaxuming@qq.com', '15644441234', '广东省广州市天河区冼村路', 78, 15, 33, '劳务合同', '初中', '通信工程', '西北大学', '2018-01-01', '在职', '00000017', 5.25, NULL, NULL, '2018-01-01', '2023-04-13', NULL);
INSERT INTO `employee` VALUES (1600, '王一亭', '男', '1991-02-01', '610144199102014569', '已婚', 1, '广东', 6, 'zhangliming@qq.com', '18979994478', '广东珠海', 91, 15, 33, '劳动合同', '高中', '考古', '清华大学', '2018-01-01', '在职', '00000018', 7, NULL, NULL, '2018-01-01', '2025-01-30', NULL);
INSERT INTO `employee` VALUES (1601, '薛磊2', '男', '1992-07-01', '610144199207017895', '已婚', 1, '陕西西安', 13, 'xuelei@qq.com', '15648887741', '西安市雁塔区', 92, 14, 34, '劳动合同', '初中', '无', '华胥中学', '2018-01-01', '在职', '00000019', 1, NULL, NULL, '2018-01-01', '2019-01-01', NULL);
INSERT INTO `employee` VALUES (1602, '张洁2', '女', '1990-10-09', '420177199010093652', '未婚', 1, '海南', 5, 'zhangjie@qq.com', '13695557742', '海口市美兰区', 92, 16, 34, '劳动合同', '高中', '无', '海南侨中', '2018-01-01', '在职', '00000020', 1, NULL, NULL, '2018-01-01', '2019-01-01', NULL);
INSERT INTO `employee` VALUES (1603, '江南一点雨3', '男', '1990-01-01', '610122199001011256', '已婚', 1, '陕西', 13, 'laowang@qq.com', '18565558897', '深圳市南山区', 8, 9, 29, '劳动合同', '本科', '信息管理与信息系统', '深圳大学', '2018-01-01', '在职', '00000021', 1, NULL, NULL, '2018-01-01', '2019-01-01', NULL);
INSERT INTO `employee` VALUES (1604, '陈静3', '女', '1989-02-01', '421288198902011234', '已婚', 1, '海南', 1, 'chenjing@qq.com', '18795556693', '海南省海口市美兰区', 82, 12, 30, '劳动合同', '高中', '市场营销', '武汉大学', '2015-06-09', '在职', '00000022', 3, NULL, NULL, '2015-06-09', '2018-06-08', NULL);
INSERT INTO `employee` VALUES (1605, '鹿存亮3', '男', '1990-01-03', '610122199001031456', '已婚', 1, '陕西', 3, 'zhao@qq.com', '15612347795', '陕西省西安市莲湖区', 92, 12, 34, '劳动合同', '高中', '电子工程', '哈尔滨理工大学', '2018-01-01', '在职', '00000024', 3.5, NULL, NULL, '2018-01-01', '2021-07-14', NULL);
INSERT INTO `employee` VALUES (1606, '姚森3', '男', '1991-02-05', '610122199102058952', '已婚', 1, '河南', 3, 'yaosen@qq.com', '14785559936', '河南洛阳人民大道58号', 92, 15, 34, '劳动合同', '初中', '室内装修设计', '西北大学', '2017-01-02', '在职', '00000025', 7, NULL, NULL, '2017-01-02', '2024-01-17', NULL);
INSERT INTO `employee` VALUES (1607, '云星3', '女', '1993-01-05', '610122199301054789', '已婚', 1, '陕西西安', 1, 'yunxing@qq.com', '15644442252', '陕西西安新城区', 92, 16, 34, '劳务合同', '硕士', '通信工程', '西安电子科技学校', '2018-01-01', '在职', '00000026', 5.25, NULL, NULL, '2018-01-01', '2023-04-13', NULL);
INSERT INTO `employee` VALUES (1608, '贾旭明3', '男', '1993-11-11', '610122199311111234', '已婚', 1, '广东广州', 4, 'jiaxuming@qq.com', '15644441234', '广东省广州市天河区冼村路', 78, 15, 33, '劳务合同', '初中', '通信工程', '西北大学', '2018-01-01', '在职', '00000027', 5.25, NULL, NULL, '2018-01-01', '2023-04-13', NULL);
INSERT INTO `employee` VALUES (1609, '张黎明3', '男', '1991-02-01', '610144199102014569', '已婚', 1, '广东', 6, 'zhangliming@qq.com', '18979994478', '广东珠海', 91, 15, 33, '劳动合同', '高中', '考古', '清华大学', '2018-01-01', '在职', '00000028', 7, NULL, NULL, '2018-01-01', '2025-01-30', NULL);
INSERT INTO `employee` VALUES (1610, '薛磊3', '男', '1992-07-01', '610144199207017895', '已婚', 1, '陕西西安', 13, 'xuelei@qq.com', '15648887741', '西安市雁塔区', 92, 14, 34, '劳动合同', '初中', '无', '华胥中学', '2018-01-01', '在职', '00000029', 6, NULL, NULL, '2018-01-01', '2024-01-17', NULL);
INSERT INTO `employee` VALUES (1611, '江南一点雨4', '男', '1990-01-01', '610122199001011256', '已婚', 1, '陕西', 13, 'laowang@qq.com', '18565558897', '深圳市南山区', 8, 9, 29, '劳动合同', '本科', '信息管理与信息系统', '深圳大学', '2018-01-01', '在职', '00000031', 1, NULL, NULL, '2018-01-01', '2019-01-01', NULL);
INSERT INTO `employee` VALUES (1612, '陈静4', '女', '1989-02-01', '421288198902011234', '已婚', 1, '海南', 1, 'chenjing@qq.com', '18795556693', '海南省海口市美兰区', 82, 12, 30, '劳动合同', '高中', '市场营销', '武汉大学', '2015-06-09', '在职', '00000032', 3, NULL, NULL, '2015-06-09', '2018-06-08', NULL);
INSERT INTO `employee` VALUES (1613, '赵琳浩4', '男', '1993-03-04', '610122199303041456', '未婚', 1, '陕西', 3, 'zhao@qq.com', '15698887795', '陕西省西安市莲湖区', 91, 12, 33, '劳动合同', '博士', '电子工程', '哈尔滨理工大学', '2018-01-01', '在职', '00000033', 3.5, NULL, NULL, '2018-01-01', '2021-07-14', NULL);
INSERT INTO `employee` VALUES (1614, '鹿存亮4', '男', '1990-01-03', '610122199001031456', '已婚', 1, '陕西', 3, 'zhao@qq.com', '15612347795', '陕西省西安市莲湖区', 92, 12, 34, '劳动合同', '高中', '电子工程', '哈尔滨理工大学', '2018-01-01', '在职', '00000034', 3.5, NULL, NULL, '2018-01-01', '2021-07-14', NULL);
INSERT INTO `employee` VALUES (1615, '姚森4', '男', '1991-02-05', '610122199102058952', '已婚', 1, '河南', 3, 'yaosen@qq.com', '14785559936', '河南洛阳人民大道58号', 92, 15, 34, '劳动合同', '初中', '室内装修设计', '西北大学', '2017-01-02', '在职', '00000035', 7, NULL, NULL, '2017-01-02', '2024-01-17', NULL);
INSERT INTO `employee` VALUES (1616, '云星4', '女', '1993-01-05', '610122199301054789', '已婚', 1, '陕西西安', 1, 'yunxing@qq.com', '15644442252', '陕西西安新城区', 92, 16, 34, '劳务合同', '硕士', '通信工程', '西安电子科技学校', '2018-01-01', '在职', '00000036', 5.25, NULL, NULL, '2018-01-01', '2023-04-13', NULL);
INSERT INTO `employee` VALUES (1617, '贾旭明4', '男', '1993-11-11', '610122199311111234', '已婚', 1, '广东广州', 4, 'jiaxuming@qq.com', '15644441234', '广东省广州市天河区冼村路', 78, 15, 33, '劳务合同', '初中', '通信工程', '西北大学', '2018-01-01', '在职', '00000037', 5.25, NULL, NULL, '2018-01-01', '2023-04-13', NULL);
INSERT INTO `employee` VALUES (1618, '谢工', '女', '1970-01-01', '618177197001011234', '离异', 1, '江苏', 1, '584991843@qq.com', '18558887788', '北京', 91, 12, 29, '劳动合同', '本科', '计算机软件', '南华大学', '2018-01-01', '在职', '00000038', 5, '2019-01-01', NULL, '2018-01-01', '2023-01-01', NULL);
INSERT INTO `employee` VALUES (1619, '林昭亮', '男', '1990-01-01', '610122199809091234', '已婚', 1, '广东', 13, '584991843@qq.com', '16767776654', '广东深圳', 91, 15, 33, '劳动合同', '大专', '计算机软件', '广东职业技术学院', '2018-01-01', '在职', '00000039', 5, '2018-04-01', NULL, '2018-01-01', '2023-01-01', NULL);
INSERT INTO `employee` VALUES (1620, '11', '男', '2018-01-01', '610122201801011234', '已婚', 1, '1', 1, '584991843@qq.com', '111', '1', 89, 9, 29, '劳动合同', '本科', '1', '1', '2018-01-01', '在职', '00000040', 4, '2018-04-01', NULL, '2018-01-01', '2022-01-26', NULL);
INSERT INTO `employee` VALUES (1621, '1', '男', '2018-01-01', '610188199809091234', '已婚', 1, '1', 1, '584991843@qq.com', '1', '1', 89, 9, 29, '劳动合同', '大专', '1', '1', '2018-01-31', '在职', '00000041', 1, '2018-01-31', NULL, '2018-01-31', '2019-01-31', NULL);
INSERT INTO `employee` VALUES (1622, '1', '男', '2018-01-01', '610122199909090000', '已婚', 1, '1', 1, '584991843@qq.com', '1', '1', 78, 9, 29, '劳动合同', '大专', '1', '1', '2018-01-31', '在职', '00000042', 1, '2018-01-31', NULL, '2018-01-31', '2019-01-31', NULL);
INSERT INTO `employee` VALUES (1623, '1', '男', '2018-01-01', '610122199909090000', '已婚', 1, '1', 1, '584991843@qq.com', '1', '1', 81, 9, 29, '劳动合同', '大专', '1', '1', '2018-01-31', '在职', '00000043', 0, '2018-01-31', NULL, '2018-01-31', '2018-01-31', NULL);
INSERT INTO `employee` VALUES (1624, '1', '男', '2018-01-01', '610122199909099999', '已婚', 1, '1', 1, '584991843@qq.com', '1', '1', 87, 9, 29, '劳动合同', '大专', '1', '1', '2018-01-01', '在职', '00000044', 0, '2018-01-01', NULL, '2018-01-01', '2018-01-31', NULL);
INSERT INTO `employee` VALUES (1625, '1', '男', '2018-01-01', '610122199909099999', '已婚', 1, '1', 1, '584991843@qq.com', '1', '1', 78, 9, 29, '劳动合同', '大专', '1', '1', '2018-01-01', '在职', '00000045', 0, '2018-01-01', NULL, '2018-01-01', '2018-01-31', NULL);
INSERT INTO `employee` VALUES (1626, '林伯渠', '男', '2018-01-01', '610122199909099999', '未婚', 1, '1', 1, '584991843@qq.com', '1', '1', 8, 9, 29, '劳动合同', '大专', '1', '1', '2018-01-31', '在职', '00000046', 0, '2018-01-31', NULL, '2018-01-31', '2018-01-31', NULL);
INSERT INTO `employee` VALUES (1627, '1', '男', '2018-01-01', '610122199909091234', '已婚', 1, '1', 1, '584991843@qq.com', '1', '1', 8, 9, 29, '劳动合同', '大专', '1', '1', '2018-01-31', '在职', '00000047', 0, '2018-01-31', NULL, '2018-01-31', '2018-01-31', NULL);
INSERT INTO `employee` VALUES (1628, '江南一点雨', '男', '1990-01-01', '610122199001011256', '已婚', 1, '陕西', 13, 'laowang@qq.com', '18565558897', '深圳市南山区', 5, 9, 29, '劳务合同', '本科', '信息管理与信息系统', '深圳大学', '2018-01-01', '在职', '00000001', 2, NULL, NULL, '2018-01-01', '2020-01-01', NULL);
INSERT INTO `employee` VALUES (1629, '陈静', '女', '1989-02-01', '421288198902011234', '已婚', 1, '海南', 1, 'chenjing@qq.com', '18795556693', '海南省海口市美兰区', 8, 12, 30, '劳动合同', '高中', '市场营销', '武汉大学', '2015-06-09', '在职', '00000002', 3, NULL, NULL, '2015-06-09', '2018-06-08', NULL);
INSERT INTO `employee` VALUES (1630, '赵琳浩', '男', '1993-03-04', '610122199303041456', '未婚', 1, '陕西', 3, 'zhao@qq.com', '15698887795', '陕西省西安市莲湖区', 91, 12, 33, '劳动合同', '博士', '电子工程', '哈尔滨理工大学', '2018-01-01', '在职', '00000003', 3.5, NULL, NULL, '2018-01-01', '2021-07-14', NULL);
INSERT INTO `employee` VALUES (1631, '鹿存亮', '男', '1990-01-03', '610122199001031456', '已婚', 1, '陕西', 3, 'zhao@qq.com', '15612347795', '陕西省西安市莲湖区', 92, 12, 34, '劳动合同', '高中', '电子工程', '哈尔滨理工大学', '2018-01-01', '在职', '00000004', 3.5, NULL, NULL, '2018-01-01', '2021-07-14', NULL);
INSERT INTO `employee` VALUES (1632, '姚森', '男', '1991-02-05', '610122199102058952', '已婚', 1, '河南', 3, 'yaosen@qq.com', '14785559936', '河南洛阳人民大道58号', 92, 15, 34, '劳动合同', '硕士', '室内装修设计', '西北大学', '2017-01-02', '在职', '00000005', 7, NULL, NULL, '2017-01-02', '2024-01-17', NULL);
INSERT INTO `employee` VALUES (1633, '云星', '女', '1993-01-05', '610122199301054789', '已婚', 1, '陕西西安', 1, 'yunxing@qq.com', '15644442252', '陕西西安新城区', 92, 16, 34, '劳务合同', '硕士', '通信工程', '西安电子科技学校', '2018-01-01', '在职', '00000006', 5.25, NULL, NULL, '2018-01-01', '2023-04-13', NULL);
INSERT INTO `employee` VALUES (1634, '贾旭明', '男', '1993-11-11', '610122199311111234', '已婚', 1, '广东广州', 4, 'jiaxuming@qq.com', '15644441234', '广东省广州市天河区冼村路', 78, 15, 33, '劳务合同', '初中', '通信工程', '西北大学', '2018-01-01', '在职', '00000007', 5.25, NULL, NULL, '2018-01-01', '2023-04-13', NULL);
INSERT INTO `employee` VALUES (1635, '张黎明', '男', '1991-02-01', '610144199102014569', '已婚', 1, '广东', 6, 'zhangliming@qq.com', '18979994478', '广东珠海', 91, 15, 33, '劳动合同', '高中', '考古', '清华大学', '2018-01-01', '在职', '00000008', 7, NULL, NULL, '2018-01-01', '2025-01-30', NULL);
INSERT INTO `employee` VALUES (1636, '薛磊', '男', '1992-07-01', '610144199207017895', '已婚', 1, '陕西西安', 13, 'xuelei@qq.com', '15648887741', '西安市雁塔区', 92, 14, 34, '劳动合同', '初中', '无', '华胥中学', '2018-01-01', '在职', '00000009', 6, NULL, NULL, '2018-01-01', '2024-01-17', NULL);
INSERT INTO `employee` VALUES (1637, '张洁', '女', '1990-10-09', '420177199010093652', '未婚', 1, '海南', 5, 'zhangjie@qq.com', '13695557742', '海口市美兰区', 92, 16, 34, '劳动合同', '高中', '无', '海南侨中', '2018-01-01', '在职', '00000010', 1, NULL, NULL, '2018-01-01', '2019-01-01', NULL);
INSERT INTO `employee` VALUES (1638, '江南一点雨2', '男', '1990-01-01', '610122199001011256', '已婚', 1, '陕西', 13, 'laowang@qq.com', '18565558897', '深圳市南山区', 91, 9, 29, '劳动合同', '本科', '信息管理与信息系统', '深圳大学', '2018-01-01', '在职', '00000011', 1, NULL, NULL, '2018-01-01', '2019-01-01', NULL);
INSERT INTO `employee` VALUES (1639, '陈静2', '女', '1989-02-01', '421288198902011234', '已婚', 1, '海南', 1, 'chenjing@qq.com', '18795556693', '海南省海口市美兰区', 82, 12, 30, '劳动合同', '高中', '市场营销', '武汉大学', '2015-06-09', '在职', '00000012', 3, NULL, NULL, '2015-06-09', '2018-06-08', NULL);
INSERT INTO `employee` VALUES (1640, '赵琳浩2', '男', '1993-03-04', '610122199303041456', '未婚', 1, '陕西', 3, 'zhao@qq.com', '15698887795', '陕西省西安市莲湖区', 91, 12, 33, '劳动合同', '博士', '电子工程', '哈尔滨理工大学', '2018-01-01', '在职', '00000013', 3.5, NULL, NULL, '2018-01-01', '2021-07-14', NULL);
INSERT INTO `employee` VALUES (1641, '鹿存亮2', '男', '1990-01-03', '610122199001031456', '已婚', 1, '陕西', 3, 'zhao@qq.com', '15612347795', '陕西省西安市莲湖区', 92, 12, 34, '劳动合同', '高中', '电子工程', '哈尔滨理工大学', '2018-01-01', '在职', '00000014', 3.5, NULL, NULL, '2018-01-01', '2021-07-14', NULL);
INSERT INTO `employee` VALUES (1642, '姚森2', '男', '1991-02-05', '610122199102058952', '已婚', 1, '河南', 3, 'yaosen@qq.com', '14785559936', '河南洛阳人民大道58号', 92, 15, 34, '劳动合同', '初中', '室内装修设计', '西北大学', '2017-01-02', '在职', '00000015', 7, NULL, NULL, '2017-01-02', '2024-01-17', NULL);
INSERT INTO `employee` VALUES (1643, '云星2', '女', '1993-01-05', '610122199301054789', '已婚', 1, '陕西西安', 1, 'yunxing@qq.com', '15644442252', '陕西西安新城区', 92, 16, 34, '劳务合同', '硕士', '通信工程', '西安电子科技学校', '2018-01-01', '在职', '00000016', 5.25, NULL, NULL, '2018-01-01', '2023-04-13', NULL);
INSERT INTO `employee` VALUES (1644, '贾旭明2', '男', '1993-11-11', '610122199311111234', '已婚', 1, '广东广州', 4, 'jiaxuming@qq.com', '15644441234', '广东省广州市天河区冼村路', 78, 15, 33, '劳务合同', '初中', '通信工程', '西北大学', '2018-01-01', '在职', '00000017', 5.25, NULL, NULL, '2018-01-01', '2023-04-13', NULL);
INSERT INTO `employee` VALUES (1645, '王一亭', '男', '1991-02-01', '610144199102014569', '已婚', 1, '广东', 6, 'zhangliming@qq.com', '18979994478', '广东珠海', 91, 15, 33, '劳动合同', '高中', '考古', '清华大学', '2018-01-01', '在职', '00000018', 7, NULL, NULL, '2018-01-01', '2025-01-30', NULL);
INSERT INTO `employee` VALUES (1646, '薛磊2', '男', '1992-07-01', '610144199207017895', '已婚', 1, '陕西西安', 13, 'xuelei@qq.com', '15648887741', '西安市雁塔区', 92, 14, 34, '劳动合同', '初中', '无', '华胥中学', '2018-01-01', '在职', '00000019', 1, NULL, NULL, '2018-01-01', '2019-01-01', NULL);
INSERT INTO `employee` VALUES (1647, '张洁2', '女', '1990-10-09', '420177199010093652', '未婚', 1, '海南', 5, 'zhangjie@qq.com', '13695557742', '海口市美兰区', 92, 16, 34, '劳动合同', '高中', '无', '海南侨中', '2018-01-01', '在职', '00000020', 1, NULL, NULL, '2018-01-01', '2019-01-01', NULL);
INSERT INTO `employee` VALUES (1648, '江南一点雨3', '男', '1990-01-01', '610122199001011256', '已婚', 1, '陕西', 13, 'laowang@qq.com', '18565558897', '深圳市南山区', 8, 9, 29, '劳动合同', '本科', '信息管理与信息系统', '深圳大学', '2018-01-01', '在职', '00000021', 1, NULL, NULL, '2018-01-01', '2019-01-01', NULL);
INSERT INTO `employee` VALUES (1649, '陈静3', '女', '1989-02-01', '421288198902011234', '已婚', 1, '海南', 1, 'chenjing@qq.com', '18795556693', '海南省海口市美兰区', 82, 12, 30, '劳动合同', '高中', '市场营销', '武汉大学', '2015-06-09', '在职', '00000022', 3, NULL, NULL, '2015-06-09', '2018-06-08', NULL);
INSERT INTO `employee` VALUES (1650, '鹿存亮3', '男', '1990-01-03', '610122199001031456', '已婚', 1, '陕西', 3, 'zhao@qq.com', '15612347795', '陕西省西安市莲湖区', 92, 12, 34, '劳动合同', '高中', '电子工程', '哈尔滨理工大学', '2018-01-01', '在职', '00000024', 3.5, NULL, NULL, '2018-01-01', '2021-07-14', NULL);
INSERT INTO `employee` VALUES (1651, '姚森3', '男', '1991-02-05', '610122199102058952', '已婚', 1, '河南', 3, 'yaosen@qq.com', '14785559936', '河南洛阳人民大道58号', 92, 15, 34, '劳动合同', '初中', '室内装修设计', '西北大学', '2017-01-02', '在职', '00000025', 7, NULL, NULL, '2017-01-02', '2024-01-17', NULL);
INSERT INTO `employee` VALUES (1652, '云星3', '女', '1993-01-05', '610122199301054789', '已婚', 1, '陕西西安', 1, 'yunxing@qq.com', '15644442252', '陕西西安新城区', 92, 16, 34, '劳务合同', '硕士', '通信工程', '西安电子科技学校', '2018-01-01', '在职', '00000026', 5.25, NULL, NULL, '2018-01-01', '2023-04-13', NULL);
INSERT INTO `employee` VALUES (1653, '贾旭明3', '男', '1993-11-11', '610122199311111234', '已婚', 1, '广东广州', 4, 'jiaxuming@qq.com', '15644441234', '广东省广州市天河区冼村路', 78, 15, 33, '劳务合同', '初中', '通信工程', '西北大学', '2018-01-01', '在职', '00000027', 5.25, NULL, NULL, '2018-01-01', '2023-04-13', NULL);
INSERT INTO `employee` VALUES (1654, '张黎明3', '男', '1991-02-01', '610144199102014569', '已婚', 1, '广东', 6, 'zhangliming@qq.com', '18979994478', '广东珠海', 91, 15, 33, '劳动合同', '高中', '考古', '清华大学', '2018-01-01', '在职', '00000028', 7, NULL, NULL, '2018-01-01', '2025-01-30', NULL);
INSERT INTO `employee` VALUES (1655, '薛磊3', '男', '1992-07-01', '610144199207017895', '已婚', 1, '陕西西安', 13, 'xuelei@qq.com', '15648887741', '西安市雁塔区', 92, 14, 34, '劳动合同', '初中', '无', '华胥中学', '2018-01-01', '在职', '00000029', 6, NULL, NULL, '2018-01-01', '2024-01-17', NULL);
INSERT INTO `employee` VALUES (1656, '江南一点雨4', '男', '1990-01-01', '610122199001011256', '已婚', 1, '陕西', 13, 'laowang@qq.com', '18565558897', '深圳市南山区', 8, 9, 29, '劳动合同', '本科', '信息管理与信息系统', '深圳大学', '2018-01-01', '在职', '00000031', 1, NULL, NULL, '2018-01-01', '2019-01-01', NULL);
INSERT INTO `employee` VALUES (1657, '陈静4', '女', '1989-02-01', '421288198902011234', '已婚', 1, '海南', 1, 'chenjing@qq.com', '18795556693', '海南省海口市美兰区', 82, 12, 30, '劳动合同', '高中', '市场营销', '武汉大学', '2015-06-09', '在职', '00000032', 3, NULL, NULL, '2015-06-09', '2018-06-08', NULL);
INSERT INTO `employee` VALUES (1658, '赵琳浩4', '男', '1993-03-04', '610122199303041456', '未婚', 1, '陕西', 3, 'zhao@qq.com', '15698887795', '陕西省西安市莲湖区', 91, 12, 33, '劳动合同', '博士', '电子工程', '哈尔滨理工大学', '2018-01-01', '在职', '00000033', 3.5, NULL, NULL, '2018-01-01', '2021-07-14', NULL);
INSERT INTO `employee` VALUES (1659, '鹿存亮4', '男', '1990-01-03', '610122199001031456', '已婚', 1, '陕西', 3, 'zhao@qq.com', '15612347795', '陕西省西安市莲湖区', 92, 12, 34, '劳动合同', '高中', '电子工程', '哈尔滨理工大学', '2018-01-01', '在职', '00000034', 3.5, NULL, NULL, '2018-01-01', '2021-07-14', NULL);
INSERT INTO `employee` VALUES (1660, '姚森4', '男', '1991-02-05', '610122199102058952', '已婚', 1, '河南', 3, 'yaosen@qq.com', '14785559936', '河南洛阳人民大道58号', 92, 15, 34, '劳动合同', '初中', '室内装修设计', '西北大学', '2017-01-02', '在职', '00000035', 7, NULL, NULL, '2017-01-02', '2024-01-17', NULL);
INSERT INTO `employee` VALUES (1661, '云星4', '女', '1993-01-05', '610122199301054789', '已婚', 1, '陕西西安', 1, 'yunxing@qq.com', '15644442252', '陕西西安新城区', 92, 16, 34, '劳务合同', '硕士', '通信工程', '西安电子科技学校', '2018-01-01', '在职', '00000036', 5.25, NULL, NULL, '2018-01-01', '2023-04-13', NULL);
INSERT INTO `employee` VALUES (1662, '贾旭明4', '男', '1993-11-11', '610122199311111234', '已婚', 1, '广东广州', 4, 'jiaxuming@qq.com', '15644441234', '广东省广州市天河区冼村路', 78, 15, 33, '劳务合同', '初中', '通信工程', '西北大学', '2018-01-01', '在职', '00000037', 5.25, NULL, NULL, '2018-01-01', '2023-04-13', NULL);
INSERT INTO `employee` VALUES (1663, '张黎明2', '男', '1991-02-01', '610144199102014569', '已婚', 1, '广东', 6, 'zhangliming@qq.com', '18979994478', '广东珠海', 91, 15, 33, '劳动合同', '高中', '考古', '清华大学', '2018-01-01', '在职', '00000038', 7, NULL, NULL, '2018-01-01', '2025-01-30', NULL);
INSERT INTO `employee` VALUES (1664, '薛磊4', '男', '1992-07-01', '610144199207017895', '已婚', 1, '陕西西安', 13, 'xuelei@qq.com', '15648887741', '西安市雁塔区', 92, 14, 34, '劳动合同', '初中', '无', '华胥中学', '2018-01-01', '在职', '00000039', 6, NULL, NULL, '2018-01-01', '2024-01-17', NULL);
INSERT INTO `employee` VALUES (1665, '张洁4', '女', '1990-10-09', '420177199010093652', '未婚', 1, '海南', 5, 'zhangjie@qq.com', '13695557742', '海口市美兰区', 92, 16, 34, '劳动合同', '高中', '无', '海南侨中', '2018-01-01', '在职', '00000040', 1, NULL, NULL, '2018-01-01', '2019-01-01', NULL);
INSERT INTO `employee` VALUES (1666, '江南一点雨5', '男', '1990-01-01', '610122199001011256', '已婚', 1, '陕西', 13, 'laowang@qq.com', '18565558897', '深圳市南山区', 8, 9, 29, '劳动合同', '本科', '信息管理与信息系统', '深圳大学', '2018-01-01', '在职', '00000041', 1, NULL, NULL, '2018-01-01', '2019-01-01', NULL);
INSERT INTO `employee` VALUES (1667, '陈静5', '女', '1989-02-01', '421288198902011234', '已婚', 1, '海南', 1, 'chenjing@qq.com', '18795556693', '海南省海口市美兰区', 82, 12, 30, '劳动合同', '高中', '市场营销', '武汉大学', '2015-06-09', '在职', '00000042', 3, NULL, NULL, '2015-06-09', '2018-06-08', NULL);
INSERT INTO `employee` VALUES (1668, '赵琳浩5', '男', '1993-03-04', '610122199303041456', '未婚', 1, '陕西', 3, 'zhao@qq.com', '15698887795', '陕西省西安市莲湖区', 91, 12, 33, '劳动合同', '博士', '电子工程', '哈尔滨理工大学', '2018-01-01', '在职', '00000043', 3.5, NULL, NULL, '2018-01-01', '2021-07-14', NULL);
INSERT INTO `employee` VALUES (1669, '鹿存亮5', '男', '1990-01-03', '610122199001031456', '已婚', 1, '陕西', 3, 'zhao@qq.com', '15612347795', '陕西省西安市莲湖区', 92, 12, 34, '劳动合同', '高中', '电子工程', '哈尔滨理工大学', '2018-01-01', '在职', '00000044', 3.5, NULL, NULL, '2018-01-01', '2021-07-14', NULL);
INSERT INTO `employee` VALUES (1670, '姚森5', '男', '1991-02-05', '610122199102058952', '已婚', 1, '河南', 3, 'yaosen@qq.com', '14785559936', '河南洛阳人民大道58号', 92, 15, 34, '劳动合同', '初中', '室内装修设计', '西北大学', '2017-01-02', '在职', '00000045', 7, NULL, NULL, '2017-01-02', '2024-01-17', NULL);
INSERT INTO `employee` VALUES (1671, '云星5', '女', '1993-01-05', '610122199301054789', '已婚', 1, '陕西西安', 1, 'yunxing@qq.com', '15644442252', '陕西西安新城区', 92, 16, 34, '劳务合同', '硕士', '通信工程', '西安电子科技学校', '2018-01-01', '在职', '00000046', 5.25, NULL, NULL, '2018-01-01', '2023-04-13', NULL);
INSERT INTO `employee` VALUES (1672, '贾旭明5', '男', '1993-11-11', '610122199311111234', '已婚', 1, '广东广州', 4, 'jiaxuming@qq.com', '15644441234', '广东省广州市天河区冼村路', 78, 15, 33, '劳务合同', '初中', '通信工程', '西北大学', '2018-01-01', '在职', '00000047', 5.25, NULL, NULL, '2018-01-01', '2023-04-13', NULL);
INSERT INTO `employee` VALUES (1673, '张黎明5', '男', '1991-02-01', '610144199102014569', '已婚', 1, '广东', 6, 'zhangliming@qq.com', '18979994478', '广东珠海', 91, 15, 33, '劳动合同', '高中', '考古', '清华大学', '2018-01-01', '在职', '00000048', 7, NULL, NULL, '2018-01-01', '2025-01-30', NULL);
INSERT INTO `employee` VALUES (1674, '薛磊5', '男', '1992-07-01', '610144199207017895', '已婚', 1, '陕西西安', 13, 'xuelei@qq.com', '15648887741', '西安市雁塔区', 92, 14, 34, '劳动合同', '初中', '无', '华胥中学', '2018-01-01', '在职', '00000049', 6, NULL, NULL, '2018-01-01', '2024-01-17', NULL);
INSERT INTO `employee` VALUES (1675, '张洁5', '女', '1990-10-09', '420177199010093652', '未婚', 1, '海南', 5, 'zhangjie@qq.com', '13695557742', '海口市美兰区', 92, 16, 34, '劳动合同', '高中', '无', '海南侨中', '2018-01-01', '在职', '00000050', 1, NULL, NULL, '2018-01-01', '2019-01-01', NULL);
INSERT INTO `employee` VALUES (1676, '江南一点雨6', '男', '1990-01-01', '610122199001011256', '已婚', 1, '陕西', 13, 'laowang@qq.com', '18565558897', '深圳市南山区', 8, 9, 29, '劳动合同', '本科', '信息管理与信息系统', '深圳大学', '2018-01-01', '在职', '00000051', 1, NULL, NULL, '2018-01-01', '2019-01-01', NULL);
INSERT INTO `employee` VALUES (1677, '陈静6', '女', '1989-02-01', '421288198902011234', '已婚', 1, '海南', 1, 'chenjing@qq.com', '18795556693', '海南省海口市美兰区', 82, 12, 30, '劳动合同', '高中', '市场营销', '武汉大学', '2015-06-09', '在职', '00000052', 3, NULL, NULL, '2015-06-09', '2018-06-08', NULL);
INSERT INTO `employee` VALUES (1678, '赵琳浩6', '男', '1993-03-04', '610122199303041456', '未婚', 1, '陕西', 3, 'zhao@qq.com', '15698887795', '陕西省西安市莲湖区', 91, 12, 33, '劳动合同', '博士', '电子工程', '哈尔滨理工大学', '2018-01-01', '在职', '00000053', 3.5, NULL, NULL, '2018-01-01', '2021-07-14', NULL);
INSERT INTO `employee` VALUES (1679, '鹿存亮6', '男', '1990-01-03', '610122199001031456', '已婚', 1, '陕西', 3, 'zhao@qq.com', '15612347795', '陕西省西安市莲湖区', 92, 12, 34, '劳动合同', '高中', '电子工程', '哈尔滨理工大学', '2018-01-01', '在职', '00000054', 3.5, NULL, NULL, '2018-01-01', '2021-07-14', NULL);
INSERT INTO `employee` VALUES (1680, '姚森6', '男', '1991-02-05', '610122199102058952', '已婚', 1, '河南', 3, 'yaosen@qq.com', '14785559936', '河南洛阳人民大道58号', 92, 15, 34, '劳动合同', '初中', '室内装修设计', '西北大学', '2017-01-02', '在职', '00000055', 7, NULL, NULL, '2017-01-02', '2024-01-17', NULL);
INSERT INTO `employee` VALUES (1681, '云星6', '女', '1993-01-05', '610122199301054789', '已婚', 1, '陕西西安', 1, 'yunxing@qq.com', '15644442252', '陕西西安新城区', 92, 16, 34, '劳务合同', '硕士', '通信工程', '西安电子科技学校', '2018-01-01', '在职', '00000056', 5.25, NULL, NULL, '2018-01-01', '2023-04-13', NULL);
INSERT INTO `employee` VALUES (1682, '江南一点雨', '男', '1990-01-01', '610122199001011256', '已婚', 1, '陕西', 13, 'laowang@qq.com', '18565558897', '深圳市南山区', 8, 9, 29, '劳动合同', '本科', '信息管理与信息系统', '深圳大学', '2018-01-01', '在职', '00000001', 1, NULL, NULL, '2018-01-01', '2019-01-01', NULL);
INSERT INTO `employee` VALUES (1683, '陈静', '女', '1989-02-01', '421288198902011234', '已婚', 1, '海南', 1, 'chenjing@qq.com', '18795556693', '海南省海口市美兰区', 82, 12, 30, '劳动合同', '高中', '市场营销', '武汉大学', '2015-06-09', '在职', '00000002', 3, NULL, NULL, '2015-06-09', '2018-06-08', NULL);
INSERT INTO `employee` VALUES (1684, '赵琳浩', '男', '1993-03-04', '610122199303041456', '未婚', 1, '陕西', 3, 'zhao@qq.com', '15698887795', '陕西省西安市莲湖区', 91, 12, 33, '劳动合同', '博士', '电子工程', '哈尔滨理工大学', '2018-01-01', '在职', '00000003', 3.5, NULL, NULL, '2018-01-01', '2021-07-14', NULL);
INSERT INTO `employee` VALUES (1685, '鹿存亮', '男', '1990-01-03', '610122199001031456', '已婚', 1, '陕西', 3, 'zhao@qq.com', '15612347795', '陕西省西安市莲湖区', 92, 12, 34, '劳动合同', '高中', '电子工程', '哈尔滨理工大学', '2018-01-01', '在职', '00000004', 3.5, NULL, NULL, '2018-01-01', '2021-07-14', NULL);
INSERT INTO `employee` VALUES (1686, '姚森', '男', '1991-02-05', '610122199102058952', '已婚', 1, '河南', 3, 'yaosen@qq.com', '14785559936', '河南洛阳人民大道58号', 92, 15, 34, '劳动合同', '初中', '室内装修设计', '西北大学', '2017-01-02', '在职', '00000005', 7, NULL, NULL, '2017-01-02', '2024-01-17', NULL);
INSERT INTO `employee` VALUES (1687, '贾旭明', '男', '1993-11-11', '610122199311111234', '已婚', 1, '广东广州', 4, 'jiaxuming@qq.com', '15644441234', '广东省广州市天河区冼村路', 78, 15, 33, '劳务合同', '初中', '通信工程', '西北大学', '2018-01-01', '在职', '00000007', 5.25, NULL, NULL, '2018-01-01', '2023-04-13', NULL);
INSERT INTO `employee` VALUES (1688, '张黎明', '男', '1991-02-01', '610144199102014569', '已婚', 1, '广东', 6, 'zhangliming@qq.com', '18979994478', '广东珠海', 91, 15, 33, '劳动合同', '高中', '考古', '清华大学', '2018-01-01', '在职', '00000008', 7, NULL, NULL, '2018-01-01', '2025-01-30', NULL);
INSERT INTO `employee` VALUES (1689, '薛磊', '男', '1992-07-01', '610144199207017895', '已婚', 1, '陕西西安', 13, 'xuelei@qq.com', '15648887741', '西安市雁塔区', 92, 14, 34, '劳动合同', '初中', '无', '华胥中学', '2018-01-01', '在职', '00000009', 6, NULL, NULL, '2018-01-01', '2024-01-17', NULL);
INSERT INTO `employee` VALUES (1690, '张洁', '女', '1990-10-09', '420177199010093652', '未婚', 1, '海南', 5, 'zhangjie@qq.com', '13695557742', '海口市美兰区', 92, 16, 34, '劳动合同', '高中', '无', '海南侨中', '2018-01-01', '在职', '00000010', 1, NULL, NULL, '2018-01-01', '2019-01-01', NULL);
INSERT INTO `employee` VALUES (1691, '江南一点雨2', '男', '1990-01-01', '610122199001011256', '已婚', 1, '陕西', 13, 'laowang@qq.com', '18565558897', '深圳市南山区', 8, 9, 29, '劳动合同', '本科', '信息管理与信息系统', '深圳大学', '2018-01-01', '在职', '00000011', 1, NULL, NULL, '2018-01-01', '2019-01-01', NULL);
INSERT INTO `employee` VALUES (1692, '陈静2', '女', '1989-02-01', '421288198902011234', '已婚', 1, '海南', 1, 'chenjing@qq.com', '18795556693', '海南省海口市美兰区', 82, 12, 30, '劳动合同', '高中', '市场营销', '武汉大学', '2015-06-09', '在职', '00000012', 3, NULL, NULL, '2015-06-09', '2018-06-08', NULL);
INSERT INTO `employee` VALUES (1693, '赵琳浩2', '男', '1993-03-04', '610122199303041456', '未婚', 1, '陕西', 3, 'zhao@qq.com', '15698887795', '陕西省西安市莲湖区', 91, 12, 33, '劳动合同', '博士', '电子工程', '哈尔滨理工大学', '2018-01-01', '在职', '00000013', 3.5, NULL, NULL, '2018-01-01', '2021-07-14', NULL);
INSERT INTO `employee` VALUES (1694, '鹿存亮2', '男', '1990-01-03', '610122199001031456', '已婚', 1, '陕西', 3, 'zhao@qq.com', '15612347795', '陕西省西安市莲湖区', 92, 12, 34, '劳动合同', '高中', '电子工程', '哈尔滨理工大学', '2018-01-01', '在职', '00000014', 3.5, NULL, NULL, '2018-01-01', '2021-07-14', NULL);
INSERT INTO `employee` VALUES (1695, '姚森2', '男', '1991-02-05', '610122199102058952', '已婚', 1, '河南', 3, 'yaosen@qq.com', '14785559936', '河南洛阳人民大道58号', 92, 15, 34, '劳动合同', '初中', '室内装修设计', '西北大学', '2017-01-02', '在职', '00000015', 7, NULL, NULL, '2017-01-02', '2024-01-17', NULL);
INSERT INTO `employee` VALUES (1696, '云星2', '女', '1993-01-05', '610122199301054789', '已婚', 1, '陕西西安', 1, 'yunxing@qq.com', '15644442252', '陕西西安新城区', 92, 16, 34, '劳务合同', '硕士', '通信工程', '西安电子科技学校', '2018-01-01', '在职', '00000016', 5.25, NULL, NULL, '2018-01-01', '2023-04-13', NULL);
INSERT INTO `employee` VALUES (1697, '贾旭明2', '男', '1993-11-11', '610122199311111234', '已婚', 1, '广东广州', 4, 'jiaxuming@qq.com', '15644441234', '广东省广州市天河区冼村路', 78, 15, 33, '劳务合同', '初中', '通信工程', '西北大学', '2018-01-01', '在职', '00000017', 5.25, NULL, NULL, '2018-01-01', '2023-04-13', NULL);
INSERT INTO `employee` VALUES (1698, '王一亭', '男', '1991-02-01', '610144199102014569', '已婚', 1, '广东', 6, 'zhangliming@qq.com', '18979994478', '广东珠海', 91, 15, 33, '劳动合同', '高中', '考古', '清华大学', '2018-01-01', '在职', '00000018', 7, NULL, NULL, '2018-01-01', '2025-01-30', NULL);
INSERT INTO `employee` VALUES (1699, '薛磊2', '男', '1992-07-01', '610144199207017895', '已婚', 1, '陕西西安', 13, 'xuelei@qq.com', '15648887741', '西安市雁塔区', 92, 14, 34, '劳动合同', '初中', '无', '华胥中学', '2018-01-01', '在职', '00000019', 1, NULL, NULL, '2018-01-01', '2019-01-01', NULL);
INSERT INTO `employee` VALUES (1700, '张洁2', '女', '1990-10-09', '420177199010093652', '未婚', 1, '海南', 5, 'zhangjie@qq.com', '13695557742', '海口市美兰区', 92, 16, 34, '劳动合同', '高中', '无', '海南侨中', '2018-01-01', '在职', '00000020', 1, NULL, NULL, '2018-01-01', '2019-01-01', NULL);
INSERT INTO `employee` VALUES (1701, '江南一点雨3', '男', '1990-01-01', '610122199001011256', '已婚', 1, '陕西', 13, 'laowang@qq.com', '18565558897', '深圳市南山区', 8, 9, 29, '劳动合同', '本科', '信息管理与信息系统', '深圳大学', '2018-01-01', '在职', '00000021', 1, NULL, NULL, '2018-01-01', '2019-01-01', NULL);
INSERT INTO `employee` VALUES (1702, '陈静3', '女', '1989-02-01', '421288198902011234', '已婚', 1, '海南', 1, 'chenjing@qq.com', '18795556693', '海南省海口市美兰区', 82, 12, 30, '劳动合同', '高中', '市场营销', '武汉大学', '2015-06-09', '在职', '00000022', 3, NULL, NULL, '2015-06-09', '2018-06-08', NULL);
INSERT INTO `employee` VALUES (1703, '鹿存亮3', '男', '1990-01-03', '610122199001031456', '已婚', 1, '陕西', 3, 'zhao@qq.com', '15612347795', '陕西省西安市莲湖区', 92, 12, 34, '劳动合同', '高中', '电子工程', '哈尔滨理工大学', '2018-01-01', '在职', '00000024', 3.5, NULL, NULL, '2018-01-01', '2021-07-14', NULL);
INSERT INTO `employee` VALUES (1704, '姚森3', '男', '1991-02-05', '610122199102058952', '已婚', 1, '河南', 3, 'yaosen@qq.com', '14785559936', '河南洛阳人民大道58号', 92, 15, 34, '劳动合同', '初中', '室内装修设计', '西北大学', '2017-01-02', '在职', '00000025', 7, NULL, NULL, '2017-01-02', '2024-01-17', NULL);
INSERT INTO `employee` VALUES (1705, '云星3', '女', '1993-01-05', '610122199301054789', '已婚', 1, '陕西西安', 1, 'yunxing@qq.com', '15644442252', '陕西西安新城区', 92, 16, 34, '劳务合同', '硕士', '通信工程', '西安电子科技学校', '2018-01-01', '在职', '00000026', 5.25, NULL, NULL, '2018-01-01', '2023-04-13', NULL);
INSERT INTO `employee` VALUES (1706, '贾旭明3', '男', '1993-11-11', '610122199311111234', '已婚', 1, '广东广州', 4, 'jiaxuming@qq.com', '15644441234', '广东省广州市天河区冼村路', 78, 15, 33, '劳务合同', '初中', '通信工程', '西北大学', '2018-01-01', '在职', '00000027', 5.25, NULL, NULL, '2018-01-01', '2023-04-13', NULL);
INSERT INTO `employee` VALUES (1707, '张黎明3', '男', '1991-02-01', '610144199102014569', '已婚', 1, '广东', 6, 'zhangliming@qq.com', '18979994478', '广东珠海', 91, 15, 33, '劳动合同', '高中', '考古', '清华大学', '2018-01-01', '在职', '00000028', 7, NULL, NULL, '2018-01-01', '2025-01-30', NULL);
INSERT INTO `employee` VALUES (1708, '薛磊3', '男', '1992-07-01', '610144199207017895', '已婚', 1, '陕西西安', 13, 'xuelei@qq.com', '15648887741', '西安市雁塔区', 92, 14, 34, '劳动合同', '初中', '无', '华胥中学', '2018-01-01', '在职', '00000029', 6, NULL, NULL, '2018-01-01', '2024-01-17', NULL);
INSERT INTO `employee` VALUES (1709, '江南一点雨4', '男', '1990-01-01', '610122199001011256', '已婚', 1, '陕西', 13, 'laowang@qq.com', '18565558897', '深圳市南山区', 8, 9, 29, '劳动合同', '本科', '信息管理与信息系统', '深圳大学', '2018-01-01', '在职', '00000031', 1, NULL, NULL, '2018-01-01', '2019-01-01', NULL);
INSERT INTO `employee` VALUES (1710, '陈静4', '女', '1989-02-01', '421288198902011234', '已婚', 1, '海南', 1, 'chenjing@qq.com', '18795556693', '海南省海口市美兰区', 82, 12, 30, '劳动合同', '高中', '市场营销', '武汉大学', '2015-06-09', '在职', '00000032', 3, NULL, NULL, '2015-06-09', '2018-06-08', NULL);
INSERT INTO `employee` VALUES (1711, '赵琳浩4', '男', '1993-03-04', '610122199303041456', '未婚', 1, '陕西', 3, 'zhao@qq.com', '15698887795', '陕西省西安市莲湖区', 91, 12, 33, '劳动合同', '博士', '电子工程', '哈尔滨理工大学', '2018-01-01', '在职', '00000033', 3.5, NULL, NULL, '2018-01-01', '2021-07-14', NULL);
INSERT INTO `employee` VALUES (1712, '鹿存亮4', '男', '1990-01-03', '610122199001031456', '已婚', 1, '陕西', 3, 'zhao@qq.com', '15612347795', '陕西省西安市莲湖区', 92, 12, 34, '劳动合同', '高中', '电子工程', '哈尔滨理工大学', '2018-01-01', '在职', '00000034', 3.5, NULL, NULL, '2018-01-01', '2021-07-14', NULL);
INSERT INTO `employee` VALUES (1713, '姚森4', '男', '1991-02-05', '610122199102058952', '已婚', 1, '河南', 3, 'yaosen@qq.com', '14785559936', '河南洛阳人民大道58号', 92, 15, 34, '劳动合同', '初中', '室内装修设计', '西北大学', '2017-01-02', '在职', '00000035', 7, NULL, NULL, '2017-01-02', '2024-01-17', NULL);
INSERT INTO `employee` VALUES (1714, '云星4', '女', '1993-01-05', '610122199301054789', '已婚', 1, '陕西西安', 1, 'yunxing@qq.com', '15644442252', '陕西西安新城区', 92, 16, 34, '劳务合同', '硕士', '通信工程', '西安电子科技学校', '2018-01-01', '在职', '00000036', 5.25, NULL, NULL, '2018-01-01', '2023-04-13', NULL);
INSERT INTO `employee` VALUES (1715, '贾旭明4', '男', '1993-11-11', '610122199311111234', '已婚', 1, '广东广州', 4, 'jiaxuming@qq.com', '15644441234', '广东省广州市天河区冼村路', 78, 15, 33, '劳务合同', '初中', '通信工程', '西北大学', '2018-01-01', '在职', '00000037', 5.25, NULL, NULL, '2018-01-01', '2023-04-13', NULL);
INSERT INTO `employee` VALUES (1716, '谢工', '女', '1970-01-01', '618177197001011234', '离异', 1, '江苏', 1, '584991843@qq.com', '18558887788', '北京', 91, 12, 29, '劳动合同', '本科', '计算机软件', '南华大学', '2018-01-01', '在职', '00000038', 5, NULL, NULL, '2018-01-01', '2023-01-01', NULL);
INSERT INTO `employee` VALUES (1717, '林昭亮', '男', '1990-01-01', '610122199809091234', '已婚', 1, '广东', 13, '584991843@qq.com', '16767776654', '广东深圳', 91, 15, 33, '劳动合同', '大专', '计算机软件', '广东职业技术学院', '2018-01-01', '在职', '00000039', 5, NULL, NULL, '2018-01-01', '2023-01-01', NULL);
INSERT INTO `employee` VALUES (1718, '11', '男', '2018-01-01', '610122201801011234', '已婚', 1, '1', 1, '584991843@qq.com', '111', '1', 89, 9, 29, '劳动合同', '本科', '1', '1', '2018-01-01', '在职', '00000040', 4, NULL, NULL, '2018-01-01', '2022-01-26', NULL);
INSERT INTO `employee` VALUES (1719, '1', '男', '2018-01-01', '610188199809091234', '已婚', 1, '1', 1, '584991843@qq.com', '1', '1', 89, 9, 29, '劳动合同', '大专', '1', '1', '2018-01-31', '在职', '00000041', 1, NULL, NULL, '2018-01-31', '2019-01-31', NULL);
INSERT INTO `employee` VALUES (1720, '1', '男', '2018-01-01', '610122199909090000', '已婚', 1, '1', 1, '584991843@qq.com', '1', '1', 78, 9, 29, '劳动合同', '大专', '1', '1', '2018-01-31', '在职', '00000042', 1, NULL, NULL, '2018-01-31', '2019-01-31', NULL);
INSERT INTO `employee` VALUES (1721, '1', '男', '2018-01-01', '610122199909090000', '已婚', 1, '1', 1, '584991843@qq.com', '1', '1', 81, 9, 29, '劳动合同', '大专', '1', '1', '2018-01-31', '在职', '00000043', 0, NULL, NULL, '2018-01-31', '2018-01-31', NULL);
INSERT INTO `employee` VALUES (1722, '1', '男', '2018-01-01', '610122199909099999', '已婚', 1, '1', 1, '584991843@qq.com', '1', '1', 87, 9, 29, '劳动合同', '大专', '1', '1', '2018-01-01', '在职', '00000044', 0, NULL, NULL, '2018-01-01', '2018-01-31', NULL);
INSERT INTO `employee` VALUES (1723, '1', '男', '2018-01-01', '610122199909099999', '已婚', 1, '1', 1, '584991843@qq.com', '1', '1', 78, 9, 29, '劳动合同', '大专', '1', '1', '2018-01-01', '在职', '00000045', 0, NULL, NULL, '2018-01-01', '2018-01-31', NULL);
INSERT INTO `employee` VALUES (1724, '林伯渠', '男', '2018-01-01', '610122199909099999', '未婚', 1, '1', 1, '584991843@qq.com', '1', '1', 8, 9, 29, '劳动合同', '大专', '1', '1', '2018-01-31', '在职', '00000046', 0, NULL, NULL, '2018-01-31', '2018-01-31', NULL);
INSERT INTO `employee` VALUES (1725, '1', '男', '2018-01-01', '610122199909091234', '已婚', 1, '1', 1, '584991843@qq.com', '1', '1', 8, 9, 29, '劳动合同', '大专', '1', '1', '2018-01-31', '在职', '00000047', 0, NULL, NULL, '2018-01-31', '2018-01-31', NULL);
INSERT INTO `employee` VALUES (1726, 'javaboy', '男', '1989-12-31', '610122199001011256', '已婚', 1, '陕西', 13, 'laowang@qq.com', '18565558897', '深圳市南山区', 5, 9, 29, '劳务合同', '本科', '信息管理与信息系统', '深圳大学', '2017-12-31', '在职', '00000057', 2, '2018-03-31', NULL, '2017-12-31', '2019-12-31', NULL);
INSERT INTO `employee` VALUES (1727, 'javaboy', '男', '1989-12-31', '610122199001011256', '已婚', 1, '陕西', 13, 'laowang@qq.com', '18565558897', '深圳市南山区', 93, 9, 29, '劳务合同', '本科', '信息管理与信息系统', '深圳大学', '2019-11-05', '在职', '00000058', 2, '2018-03-31', NULL, '2017-12-31', '2019-12-31', NULL);
INSERT INTO `employee` VALUES (1728, 'javaboy', '男', '1989-12-31', '610122199001011256', '已婚', 1, '', 13, 'laowang@qq.com', '18565558897', '深圳市南山区', 93, 9, 29, '劳务合同', '本科', '信息管理与信息系统', '深圳大学', '2019-11-05', '在职', '00000059', 2, '2018-03-31', NULL, '2017-12-31', '2019-12-31', NULL);
INSERT INTO `employee` VALUES (1729, 'javaboy', '男', '1989-12-31', '610122199001011256', '已婚', 1, '陕西', 13, 'laowan@123.com', '18565558897', '深圳市南山区', 5, 9, 29, '劳务合同', '本科', '信息管理与信息系统', '深圳大学', '2017-12-31', '在职', '00000060', 2, '2018-03-31', NULL, '2017-12-31', '2019-12-31', NULL);
INSERT INTO `employee` VALUES (1730, 'javaboy', '男', '1989-12-31', '610122199001011256', '已婚', 1, '陕西', 13, 'laowan@123.com', '18565558897', '深圳市南山区', 5, 9, 29, '劳务合同', '本科', '信息管理与信息系统', '深圳大学', '2017-12-31', '在职', '00000060', 2, '2018-03-31', NULL, '2017-12-31', '2019-12-31', NULL);
INSERT INTO `employee` VALUES (1731, 'javaboy', '男', '1989-12-31', '610122199001011256', '已婚', 1, '陕西', 13, 'laowang@qq.com', '18565558897', '深圳市南山区', 91, 9, 29, '劳务合同', '本科', '信息管理与信息系统', '深圳大学', '2017-12-31', '在职', '00000061', 2, '2018-03-31', NULL, '2017-12-31', '2019-12-31', NULL);
INSERT INTO `employee` VALUES (1732, 'javaboy', '男', '1989-12-31', '610122199001011256', '已婚', 1, '陕西', 13, 'laowang@qq.com', '18565558897', '深圳市南山区', 91, 9, 29, '劳务合同', '本科', '信息管理与信息系统', '深圳大学', '2017-12-31', '在职', '00000062', 6.17, '2018-03-31', NULL, '2017-12-31', '2024-02-29', NULL);
INSERT INTO `employee` VALUES (1733, 'javaboy666', '男', '2019-11-10', '610122199911111111', '已婚', 1, '广东', 13, '123@qq.com', '12345678901', '广东深圳', 78, 9, 29, '劳动合同', '本科', '信管', '深圳大学', '2019-11-10', '在职', '00000063', 3.25, '2020-02-10', NULL, '2019-11-10', '2023-02-22', NULL);
INSERT INTO `employee` VALUES (1734, 'javaboy666', '男', '2019-11-10', '610122199911111111', '已婚', 1, '广东', 13, '123@qq.com', '12345678901', '广东深圳', 78, 9, 29, '劳动合同', '本科', '信管', '深圳大学', '2019-11-10', '在职', '00000063', 3.25, '2020-02-10', NULL, '2019-11-10', '2023-02-22', NULL);
INSERT INTO `employee` VALUES (1735, '江南一点雨', '男', '1990-01-01', '610122199001011256', '已婚', 1, '陕西', 13, 'laowang@qq.com', '18565558897', '深圳市南山区', 5, 9, 29, '劳务合同', '本科', '信息管理与信息系统', '深圳大学', '2018-01-01', '在职', '00000001', 2, '2018-04-01', NULL, '2018-01-01', '2020-01-01', NULL);
INSERT INTO `employee` VALUES (1736, '陈静', '女', '1989-02-01', '421288198902011234', '已婚', 1, '海南', 1, 'chenjing@qq.com', '18795556693', '海南省海口市美兰区', 91, 12, 29, '劳动合同', '高中', '市场营销', '武汉大学', '2015-06-09', '在职', '00000002', 3, '2015-09-10', NULL, '2015-06-09', '2018-06-08', NULL);
INSERT INTO `employee` VALUES (1737, '赵琳浩', '男', '1993-03-04', '610122199303041456', '未婚', 1, '陕西', 3, 'zhao@qq.com', '15698887795', '陕西省西安市莲湖区', 91, 12, 33, '劳动合同', '博士', '电子工程', '哈尔滨理工大学', '2018-01-01', '在职', '00000003', 3.5, '2018-04-01', NULL, '2018-01-01', '2021-07-14', NULL);
INSERT INTO `employee` VALUES (1738, '鹿存亮', '男', '1990-01-03', '610122199001031456', '已婚', 1, '陕西', 3, 'zhao@qq.com', '15612347795', '陕西省西安市莲湖区', 92, 12, 34, '劳动合同', '高中', '电子工程', '哈尔滨理工大学', '2018-01-01', '在职', '00000004', 3.5, '2018-04-01', NULL, '2018-01-01', '2021-07-14', NULL);
INSERT INTO `employee` VALUES (1739, '姚森', '男', '1991-02-05', '610122199102058952', '已婚', 1, '河南', 3, 'yaosen@qq.com', '14785559936', '河南洛阳人民大道58号', 92, 15, 34, '劳动合同', '硕士', '室内装修设计', '西北大学', '2017-01-02', '在职', '00000005', 7, '2017-04-02', NULL, '2017-01-02', '2024-01-17', NULL);
INSERT INTO `employee` VALUES (1740, '云星', '女', '1993-01-05', '610122199301054789', '已婚', 1, '陕西西安', 1, 'yunxing@qq.com', '15644442252', '陕西西安新城区', 92, 16, 34, '劳务合同', '硕士', '通信工程', '西安电子科技学校', '2018-01-01', '在职', '00000006', 5.25, '2018-04-01', NULL, '2018-01-01', '2023-04-13', NULL);
INSERT INTO `employee` VALUES (1741, '贾旭明', '男', '1993-11-11', '610122199311111234', '已婚', 1, '广东广州', 4, 'jiaxuming@qq.com', '15644441234', '广东省广州市天河区冼村路', 78, 15, 33, '劳务合同', '初中', '通信工程', '西北大学', '2018-01-01', '在职', '00000007', 5.25, '2018-04-01', NULL, '2018-01-01', '2023-04-13', NULL);
INSERT INTO `employee` VALUES (1742, '张黎明', '男', '1991-02-01', '610144199102014569', '已婚', 1, '广东', 6, 'zhangliming@qq.com', '18979994478', '广东珠海', 91, 15, 33, '劳动合同', '高中', '考古', '清华大学', '2018-01-01', '在职', '00000008', 7, '2018-04-01', NULL, '2018-01-01', '2025-01-30', NULL);
INSERT INTO `employee` VALUES (1743, '薛磊', '男', '1992-07-01', '610144199207017895', '已婚', 1, '陕西西安', 13, 'xuelei@qq.com', '15648887741', '西安市雁塔区', 92, 14, 34, '劳动合同', '初中', '无', '华胥中学', '2018-01-01', '在职', '00000009', 6, '2018-04-01', NULL, '2018-01-01', '2024-01-17', NULL);
INSERT INTO `employee` VALUES (1744, '张洁', '女', '1990-10-09', '420177199010093652', '未婚', 1, '海南', 5, 'zhangjie@qq.com', '13695557742', '海口市美兰区', 92, 16, 34, '劳动合同', '高中', '无', '海南侨中', '2018-01-01', '在职', '00000010', 1, '2018-01-31', NULL, '2018-01-01', '2019-01-01', NULL);
INSERT INTO `employee` VALUES (1745, '江南一点雨2', '男', '1990-01-01', '610122199001011256', '已婚', 1, '陕西', 13, 'laowang@qq.com', '18565558897', '深圳市南山区', 91, 9, 29, '劳动合同', '本科', '信息管理与信息系统', '深圳大学', '2018-01-01', '在职', '00000011', 1, '2018-04-01', NULL, '2018-01-01', '2019-01-01', NULL);
INSERT INTO `employee` VALUES (1746, '陈静2', '女', '1989-02-01', '421288198902011234', '已婚', 1, '海南', 1, 'chenjing@qq.com', '18795556693', '海南省海口市美兰区', 82, 12, 30, '劳动合同', '高中', '市场营销', '武汉大学', '2015-06-09', '在职', '00000012', 3, '2015-09-10', NULL, '2015-06-09', '2018-06-08', NULL);
INSERT INTO `employee` VALUES (1747, '赵琳浩2', '男', '1993-03-04', '610122199303041456', '未婚', 1, '陕西', 3, 'zhao@qq.com', '15698887795', '陕西省西安市莲湖区', 91, 12, 33, '劳动合同', '博士', '电子工程', '哈尔滨理工大学', '2018-01-01', '在职', '00000013', 3.5, '2018-04-01', NULL, '2018-01-01', '2021-07-14', NULL);
INSERT INTO `employee` VALUES (1748, '鹿存亮2', '男', '1990-01-03', '610122199001031456', '已婚', 1, '陕西', 3, 'zhao@qq.com', '15612347795', '陕西省西安市莲湖区', 92, 12, 34, '劳动合同', '高中', '电子工程', '哈尔滨理工大学', '2018-01-01', '在职', '00000014', 3.5, '2018-04-01', NULL, '2018-01-01', '2021-07-14', NULL);
INSERT INTO `employee` VALUES (1749, '姚森2', '男', '1991-02-05', '610122199102058952', '已婚', 1, '河南', 3, 'yaosen@qq.com', '14785559936', '河南洛阳人民大道58号', 92, 15, 34, '劳动合同', '初中', '室内装修设计', '西北大学', '2017-01-02', '在职', '00000015', 7, '2017-04-02', NULL, '2017-01-02', '2024-01-17', NULL);
INSERT INTO `employee` VALUES (1750, '云星2', '女', '1993-01-05', '610122199301054789', '已婚', 1, '陕西西安', 1, 'yunxing@qq.com', '15644442252', '陕西西安新城区', 92, 16, 34, '劳务合同', '硕士', '通信工程', '西安电子科技学校', '2018-01-01', '在职', '00000016', 5.25, '2018-04-01', NULL, '2018-01-01', '2023-04-13', NULL);
INSERT INTO `employee` VALUES (1751, '贾旭明2', '男', '1993-11-11', '610122199311111234', '已婚', 1, '广东广州', 4, 'jiaxuming@qq.com', '15644441234', '广东省广州市天河区冼村路', 78, 15, 33, '劳务合同', '初中', '通信工程', '西北大学', '2018-01-01', '在职', '00000017', 5.25, '2018-04-01', NULL, '2018-01-01', '2023-04-13', NULL);
INSERT INTO `employee` VALUES (1752, '王一亭', '男', '1991-02-01', '610144199102014569', '已婚', 1, '广东', 6, 'zhangliming@qq.com', '18979994478', '广东珠海', 91, 15, 33, '劳动合同', '高中', '考古', '清华大学', '2018-01-01', '在职', '00000018', 7, '2018-04-01', NULL, '2018-01-01', '2025-01-30', NULL);
INSERT INTO `employee` VALUES (1753, '薛磊2', '男', '1992-07-01', '610144199207017895', '已婚', 1, '陕西西安', 13, 'xuelei@qq.com', '15648887741', '西安市雁塔区', 92, 14, 34, '劳动合同', '初中', '无', '华胥中学', '2018-01-01', '在职', '00000019', 1, '2018-04-01', NULL, '2018-01-01', '2019-01-01', NULL);
INSERT INTO `employee` VALUES (1754, '张洁2', '女', '1990-10-09', '420177199010093652', '未婚', 1, '海南', 5, 'zhangjie@qq.com', '13695557742', '海口市美兰区', 92, 16, 34, '劳动合同', '高中', '无', '海南侨中', '2018-01-01', '在职', '00000020', 1, '2018-01-31', NULL, '2018-01-01', '2019-01-01', NULL);
INSERT INTO `employee` VALUES (1755, '江南一点雨3', '男', '1990-01-01', '610122199001011256', '已婚', 1, '陕西', 13, 'laowang@qq.com', '18565558897', '深圳市南山区', 8, 9, 29, '劳动合同', '本科', '信息管理与信息系统', '深圳大学', '2018-01-01', '在职', '00000021', 1, '2018-04-01', NULL, '2018-01-01', '2019-01-01', NULL);
INSERT INTO `employee` VALUES (1756, '陈静3', '女', '1989-02-01', '421288198902011234', '已婚', 1, '海南', 1, 'chenjing@qq.com', '18795556693', '海南省海口市美兰区', 82, 12, 30, '劳动合同', '高中', '市场营销', '武汉大学', '2015-06-09', '在职', '00000022', 3, '2015-09-10', NULL, '2015-06-09', '2018-06-08', NULL);
INSERT INTO `employee` VALUES (1757, '鹿存亮3', '男', '1990-01-03', '610122199001031456', '已婚', 1, '陕西', 3, 'zhao@qq.com', '15612347795', '陕西省西安市莲湖区', 92, 12, 34, '劳动合同', '高中', '电子工程', '哈尔滨理工大学', '2018-01-01', '在职', '00000024', 3.5, '2018-04-01', NULL, '2018-01-01', '2021-07-14', NULL);
INSERT INTO `employee` VALUES (1758, '姚森3', '男', '1991-02-05', '610122199102058952', '已婚', 1, '河南', 3, 'yaosen@qq.com', '14785559936', '河南洛阳人民大道58号', 92, 15, 34, '劳动合同', '初中', '室内装修设计', '西北大学', '2017-01-02', '在职', '00000025', 7, '2017-04-02', NULL, '2017-01-02', '2024-01-17', NULL);
INSERT INTO `employee` VALUES (1759, '云星3', '女', '1993-01-05', '610122199301054789', '已婚', 1, '陕西西安', 1, 'yunxing@qq.com', '15644442252', '陕西西安新城区', 92, 16, 34, '劳务合同', '硕士', '通信工程', '西安电子科技学校', '2018-01-01', '在职', '00000026', 5.25, '2018-04-01', NULL, '2018-01-01', '2023-04-13', NULL);
INSERT INTO `employee` VALUES (1760, '贾旭明3', '男', '1993-11-11', '610122199311111234', '已婚', 1, '广东广州', 4, 'jiaxuming@qq.com', '15644441234', '广东省广州市天河区冼村路', 78, 15, 33, '劳务合同', '初中', '通信工程', '西北大学', '2018-01-01', '在职', '00000027', 5.25, '2018-04-01', NULL, '2018-01-01', '2023-04-13', NULL);
INSERT INTO `employee` VALUES (1761, '张黎明3', '男', '1991-02-01', '610144199102014569', '已婚', 1, '广东', 6, 'zhangliming@qq.com', '18979994478', '广东珠海', 91, 15, 33, '劳动合同', '高中', '考古', '清华大学', '2018-01-01', '在职', '00000028', 7, '2018-04-01', NULL, '2018-01-01', '2025-01-30', NULL);
INSERT INTO `employee` VALUES (1762, '薛磊3', '男', '1992-07-01', '610144199207017895', '已婚', 1, '陕西西安', 13, 'xuelei@qq.com', '15648887741', '西安市雁塔区', 92, 14, 34, '劳动合同', '初中', '无', '华胥中学', '2018-01-01', '在职', '00000029', 6, '2018-04-01', NULL, '2018-01-01', '2024-01-17', NULL);
INSERT INTO `employee` VALUES (1763, '江南一点雨4', '男', '1990-01-01', '610122199001011256', '已婚', 1, '陕西', 13, 'laowang@qq.com', '18565558897', '深圳市南山区', 8, 9, 29, '劳动合同', '本科', '信息管理与信息系统', '深圳大学', '2018-01-01', '在职', '00000031', 1, '2018-04-01', NULL, '2018-01-01', '2019-01-01', NULL);
INSERT INTO `employee` VALUES (1764, '陈静4', '女', '1989-02-01', '421288198902011234', '已婚', 1, '海南', 1, 'chenjing@qq.com', '18795556693', '海南省海口市美兰区', 82, 12, 30, '劳动合同', '高中', '市场营销', '武汉大学', '2015-06-09', '在职', '00000032', 3, '2015-09-10', NULL, '2015-06-09', '2018-06-08', NULL);
INSERT INTO `employee` VALUES (1765, '赵琳浩4', '男', '1993-03-04', '610122199303041456', '未婚', 1, '陕西', 3, 'zhao@qq.com', '15698887795', '陕西省西安市莲湖区', 91, 12, 33, '劳动合同', '博士', '电子工程', '哈尔滨理工大学', '2018-01-01', '在职', '00000033', 3.5, '2018-04-01', NULL, '2018-01-01', '2021-07-14', NULL);
INSERT INTO `employee` VALUES (1766, '鹿存亮4', '男', '1990-01-03', '610122199001031456', '已婚', 1, '陕西', 3, 'zhao@qq.com', '15612347795', '陕西省西安市莲湖区', 92, 12, 34, '劳动合同', '高中', '电子工程', '哈尔滨理工大学', '2018-01-01', '在职', '00000034', 3.5, '2018-04-01', NULL, '2018-01-01', '2021-07-14', NULL);
INSERT INTO `employee` VALUES (1767, '姚森4', '男', '1991-02-05', '610122199102058952', '已婚', 1, '河南', 3, 'yaosen@qq.com', '14785559936', '河南洛阳人民大道58号', 92, 15, 34, '劳动合同', '初中', '室内装修设计', '西北大学', '2017-01-02', '在职', '00000035', 7, '2017-04-02', NULL, '2017-01-02', '2024-01-17', NULL);
INSERT INTO `employee` VALUES (1768, '云星4', '女', '1993-01-05', '610122199301054789', '已婚', 1, '陕西西安', 1, 'yunxing@qq.com', '15644442252', '陕西西安新城区', 92, 16, 34, '劳务合同', '硕士', '通信工程', '西安电子科技学校', '2018-01-01', '在职', '00000036', 5.25, '2018-04-01', NULL, '2018-01-01', '2023-04-13', NULL);
INSERT INTO `employee` VALUES (1769, '贾旭明4', '男', '1993-11-11', '610122199311111234', '已婚', 1, '广东广州', 4, 'jiaxuming@qq.com', '15644441234', '广东省广州市天河区冼村路', 78, 15, 33, '劳务合同', '初中', '通信工程', '西北大学', '2018-01-01', '在职', '00000037', 5.25, '2018-04-01', NULL, '2018-01-01', '2023-04-13', NULL);
INSERT INTO `employee` VALUES (1770, '张黎明2', '男', '1991-02-01', '610144199102014569', '已婚', 1, '广东', 6, 'zhangliming@qq.com', '18979994478', '广东珠海', 91, 15, 33, '劳动合同', '高中', '考古', '清华大学', '2018-01-01', '在职', '00000038', 7, '2018-04-01', NULL, '2018-01-01', '2025-01-30', NULL);
INSERT INTO `employee` VALUES (1771, '薛磊4', '男', '1992-07-01', '610144199207017895', '已婚', 1, '陕西西安', 13, 'xuelei@qq.com', '15648887741', '西安市雁塔区', 92, 14, 34, '劳动合同', '初中', '无', '华胥中学', '2018-01-01', '在职', '00000039', 6, '2018-04-01', NULL, '2018-01-01', '2024-01-17', NULL);
INSERT INTO `employee` VALUES (1772, '张洁4', '女', '1990-10-09', '420177199010093652', '未婚', 1, '海南', 5, 'zhangjie@qq.com', '13695557742', '海口市美兰区', 92, 16, 34, '劳动合同', '高中', '无', '海南侨中', '2018-01-01', '在职', '00000040', 1, '2018-01-31', NULL, '2018-01-01', '2019-01-01', NULL);
INSERT INTO `employee` VALUES (1773, '江南一点雨5', '男', '1990-01-01', '610122199001011256', '已婚', 1, '陕西', 13, 'laowang@qq.com', '18565558897', '深圳市南山区', 8, 9, 29, '劳动合同', '本科', '信息管理与信息系统', '深圳大学', '2018-01-01', '在职', '00000041', 1, '2018-04-01', NULL, '2018-01-01', '2019-01-01', NULL);
INSERT INTO `employee` VALUES (1774, '陈静5', '女', '1989-02-01', '421288198902011234', '已婚', 1, '海南', 1, 'chenjing@qq.com', '18795556693', '海南省海口市美兰区', 82, 12, 30, '劳动合同', '高中', '市场营销', '武汉大学', '2015-06-09', '在职', '00000042', 3, '2015-09-10', NULL, '2015-06-09', '2018-06-08', NULL);
INSERT INTO `employee` VALUES (1775, '赵琳浩5', '男', '1993-03-04', '610122199303041456', '未婚', 1, '陕西', 3, 'zhao@qq.com', '15698887795', '陕西省西安市莲湖区', 91, 12, 33, '劳动合同', '博士', '电子工程', '哈尔滨理工大学', '2018-01-01', '在职', '00000043', 3.5, '2018-04-01', NULL, '2018-01-01', '2021-07-14', NULL);
INSERT INTO `employee` VALUES (1776, '鹿存亮5', '男', '1990-01-03', '610122199001031456', '已婚', 1, '陕西', 3, 'zhao@qq.com', '15612347795', '陕西省西安市莲湖区', 92, 12, 34, '劳动合同', '高中', '电子工程', '哈尔滨理工大学', '2018-01-01', '在职', '00000044', 3.5, '2018-04-01', NULL, '2018-01-01', '2021-07-14', NULL);
INSERT INTO `employee` VALUES (1777, '姚森5', '男', '1991-02-05', '610122199102058952', '已婚', 1, '河南', 3, 'yaosen@qq.com', '14785559936', '河南洛阳人民大道58号', 92, 15, 34, '劳动合同', '初中', '室内装修设计', '西北大学', '2017-01-02', '在职', '00000045', 7, '2017-04-02', NULL, '2017-01-02', '2024-01-17', NULL);
INSERT INTO `employee` VALUES (1778, '云星5', '女', '1993-01-05', '610122199301054789', '已婚', 1, '陕西西安', 1, 'yunxing@qq.com', '15644442252', '陕西西安新城区', 92, 16, 34, '劳务合同', '硕士', '通信工程', '西安电子科技学校', '2018-01-01', '在职', '00000046', 5.25, '2018-04-01', NULL, '2018-01-01', '2023-04-13', NULL);
INSERT INTO `employee` VALUES (1779, '贾旭明5', '男', '1993-11-11', '610122199311111234', '已婚', 1, '广东广州', 4, 'jiaxuming@qq.com', '15644441234', '广东省广州市天河区冼村路', 78, 15, 33, '劳务合同', '初中', '通信工程', '西北大学', '2018-01-01', '在职', '00000047', 5.25, '2018-04-01', NULL, '2018-01-01', '2023-04-13', NULL);
INSERT INTO `employee` VALUES (1780, '张黎明5', '男', '1991-02-01', '610144199102014569', '已婚', 1, '广东', 6, 'zhangliming@qq.com', '18979994478', '广东珠海', 91, 15, 33, '劳动合同', '高中', '考古', '清华大学', '2018-01-01', '在职', '00000048', 7, '2018-04-01', NULL, '2018-01-01', '2025-01-30', NULL);
INSERT INTO `employee` VALUES (1781, '薛磊5', '男', '1992-07-01', '610144199207017895', '已婚', 1, '陕西西安', 13, 'xuelei@qq.com', '15648887741', '西安市雁塔区', 92, 14, 34, '劳动合同', '初中', '无', '华胥中学', '2018-01-01', '在职', '00000049', 6, '2018-04-01', NULL, '2018-01-01', '2024-01-17', NULL);
INSERT INTO `employee` VALUES (1782, '张洁5', '女', '1990-10-09', '420177199010093652', '未婚', 1, '海南', 5, 'zhangjie@qq.com', '13695557742', '海口市美兰区', 92, 16, 34, '劳动合同', '高中', '无', '海南侨中', '2018-01-01', '在职', '00000050', 1, '2018-01-31', NULL, '2018-01-01', '2019-01-01', NULL);
INSERT INTO `employee` VALUES (1783, '江南一点雨6', '男', '1990-01-01', '610122199001011256', '已婚', 1, '陕西', 13, 'laowang@qq.com', '18565558897', '深圳市南山区', 8, 9, 29, '劳动合同', '本科', '信息管理与信息系统', '深圳大学', '2018-01-01', '在职', '00000051', 1, '2018-04-01', NULL, '2018-01-01', '2019-01-01', NULL);
INSERT INTO `employee` VALUES (1784, '陈静6', '女', '1989-02-01', '421288198902011234', '已婚', 1, '海南', 1, 'chenjing@qq.com', '18795556693', '海南省海口市美兰区', 82, 12, 30, '劳动合同', '高中', '市场营销', '武汉大学', '2015-06-09', '在职', '00000052', 3, '2015-09-10', NULL, '2015-06-09', '2018-06-08', NULL);
INSERT INTO `employee` VALUES (1785, '赵琳浩6', '男', '1993-03-04', '610122199303041456', '未婚', 1, '陕西', 3, 'zhao@qq.com', '15698887795', '陕西省西安市莲湖区', 91, 12, 33, '劳动合同', '博士', '电子工程', '哈尔滨理工大学', '2018-01-01', '在职', '00000053', 3.5, '2018-04-01', NULL, '2018-01-01', '2021-07-14', NULL);
INSERT INTO `employee` VALUES (1786, '鹿存亮6', '男', '1990-01-03', '610122199001031456', '已婚', 1, '陕西', 3, 'zhao@qq.com', '15612347795', '陕西省西安市莲湖区', 92, 12, 34, '劳动合同', '高中', '电子工程', '哈尔滨理工大学', '2018-01-01', '在职', '00000054', 3.5, '2018-04-01', NULL, '2018-01-01', '2021-07-14', NULL);
INSERT INTO `employee` VALUES (1787, '姚森6', '男', '1991-02-05', '610122199102058952', '已婚', 1, '河南', 3, 'yaosen@qq.com', '14785559936', '河南洛阳人民大道58号', 92, 15, 34, '劳动合同', '初中', '室内装修设计', '西北大学', '2017-01-02', '在职', '00000055', 7, '2017-04-02', NULL, '2017-01-02', '2024-01-17', NULL);
INSERT INTO `employee` VALUES (1788, '云星6', '女', '1993-01-05', '610122199301054789', '已婚', 1, '陕西西安', 1, 'yunxing@qq.com', '15644442252', '陕西西安新城区', 92, 16, 34, '劳务合同', '硕士', '通信工程', '西安电子科技学校', '2018-01-01', '在职', '00000056', 5.25, '2018-04-01', NULL, '2018-01-01', '2023-04-13', NULL);
INSERT INTO `employee` VALUES (1789, '江南一点雨', '男', '1990-01-01', '610122199001011256', '已婚', 1, '陕西', 13, 'laowang@qq.com', '18565558897', '深圳市南山区', 8, 9, 29, '劳动合同', '本科', '信息管理与信息系统', '深圳大学', '2018-01-01', '在职', '00000001', 1, NULL, NULL, '2018-01-01', '2019-01-01', NULL);
INSERT INTO `employee` VALUES (1790, '陈静', '女', '1989-02-01', '421288198902011234', '已婚', 1, '海南', 1, 'chenjing@qq.com', '18795556693', '海南省海口市美兰区', 82, 12, 30, '劳动合同', '高中', '市场营销', '武汉大学', '2015-06-09', '在职', '00000002', 3, NULL, NULL, '2015-06-09', '2018-06-08', NULL);
INSERT INTO `employee` VALUES (1791, '赵琳浩', '男', '1993-03-04', '610122199303041456', '未婚', 1, '陕西', 3, 'zhao@qq.com', '15698887795', '陕西省西安市莲湖区', 91, 12, 33, '劳动合同', '博士', '电子工程', '哈尔滨理工大学', '2018-01-01', '在职', '00000003', 3.5, NULL, NULL, '2018-01-01', '2021-07-14', NULL);
INSERT INTO `employee` VALUES (1792, '鹿存亮', '男', '1990-01-03', '610122199001031456', '已婚', 1, '陕西', 3, 'zhao@qq.com', '15612347795', '陕西省西安市莲湖区', 92, 12, 34, '劳动合同', '高中', '电子工程', '哈尔滨理工大学', '2018-01-01', '在职', '00000004', 3.5, NULL, NULL, '2018-01-01', '2021-07-14', NULL);
INSERT INTO `employee` VALUES (1793, '姚森', '男', '1991-02-05', '610122199102058952', '已婚', 1, '河南', 3, 'yaosen@qq.com', '14785559936', '河南洛阳人民大道58号', 92, 15, 34, '劳动合同', '初中', '室内装修设计', '西北大学', '2017-01-02', '在职', '00000005', 7, NULL, NULL, '2017-01-02', '2024-01-17', NULL);
INSERT INTO `employee` VALUES (1794, '贾旭明', '男', '1993-11-11', '610122199311111234', '已婚', 1, '广东广州', 4, 'jiaxuming@qq.com', '15644441234', '广东省广州市天河区冼村路', 78, 15, 33, '劳务合同', '初中', '通信工程', '西北大学', '2018-01-01', '在职', '00000007', 5.25, NULL, NULL, '2018-01-01', '2023-04-13', NULL);
INSERT INTO `employee` VALUES (1795, '张黎明', '男', '1991-02-01', '610144199102014569', '已婚', 1, '广东', 6, 'zhangliming@qq.com', '18979994478', '广东珠海', 91, 15, 33, '劳动合同', '高中', '考古', '清华大学', '2018-01-01', '在职', '00000008', 7, NULL, NULL, '2018-01-01', '2025-01-30', NULL);
INSERT INTO `employee` VALUES (1796, '薛磊', '男', '1992-07-01', '610144199207017895', '已婚', 1, '陕西西安', 13, 'xuelei@qq.com', '15648887741', '西安市雁塔区', 92, 14, 34, '劳动合同', '初中', '无', '华胥中学', '2018-01-01', '在职', '00000009', 6, NULL, NULL, '2018-01-01', '2024-01-17', NULL);
INSERT INTO `employee` VALUES (1797, '张洁', '女', '1990-10-09', '420177199010093652', '未婚', 1, '海南', 5, 'zhangjie@qq.com', '13695557742', '海口市美兰区', 92, 16, 34, '劳动合同', '高中', '无', '海南侨中', '2018-01-01', '在职', '00000010', 1, NULL, NULL, '2018-01-01', '2019-01-01', NULL);
INSERT INTO `employee` VALUES (1798, '江南一点雨2', '男', '1990-01-01', '610122199001011256', '已婚', 1, '陕西', 13, 'laowang@qq.com', '18565558897', '深圳市南山区', 8, 9, 29, '劳动合同', '本科', '信息管理与信息系统', '深圳大学', '2018-01-01', '在职', '00000011', 1, NULL, NULL, '2018-01-01', '2019-01-01', NULL);
INSERT INTO `employee` VALUES (1799, '陈静2', '女', '1989-02-01', '421288198902011234', '已婚', 1, '海南', 1, 'chenjing@qq.com', '18795556693', '海南省海口市美兰区', 82, 12, 30, '劳动合同', '高中', '市场营销', '武汉大学', '2015-06-09', '在职', '00000012', 3, NULL, NULL, '2015-06-09', '2018-06-08', NULL);
INSERT INTO `employee` VALUES (1800, '赵琳浩2', '男', '1993-03-04', '610122199303041456', '未婚', 1, '陕西', 3, 'zhao@qq.com', '15698887795', '陕西省西安市莲湖区', 91, 12, 33, '劳动合同', '博士', '电子工程', '哈尔滨理工大学', '2018-01-01', '在职', '00000013', 3.5, NULL, NULL, '2018-01-01', '2021-07-14', NULL);
INSERT INTO `employee` VALUES (1801, '鹿存亮2', '男', '1990-01-03', '610122199001031456', '已婚', 1, '陕西', 3, 'zhao@qq.com', '15612347795', '陕西省西安市莲湖区', 92, 12, 34, '劳动合同', '高中', '电子工程', '哈尔滨理工大学', '2018-01-01', '在职', '00000014', 3.5, NULL, NULL, '2018-01-01', '2021-07-14', NULL);
INSERT INTO `employee` VALUES (1802, '姚森2', '男', '1991-02-05', '610122199102058952', '已婚', 1, '河南', 3, 'yaosen@qq.com', '14785559936', '河南洛阳人民大道58号', 92, 15, 34, '劳动合同', '初中', '室内装修设计', '西北大学', '2017-01-02', '在职', '00000015', 7, NULL, NULL, '2017-01-02', '2024-01-17', NULL);
INSERT INTO `employee` VALUES (1803, '云星2', '女', '1993-01-05', '610122199301054789', '已婚', 1, '陕西西安', 1, 'yunxing@qq.com', '15644442252', '陕西西安新城区', 92, 16, 34, '劳务合同', '硕士', '通信工程', '西安电子科技学校', '2018-01-01', '在职', '00000016', 5.25, NULL, NULL, '2018-01-01', '2023-04-13', NULL);
INSERT INTO `employee` VALUES (1804, '贾旭明2', '男', '1993-11-11', '610122199311111234', '已婚', 1, '广东广州', 4, 'jiaxuming@qq.com', '15644441234', '广东省广州市天河区冼村路', 78, 15, 33, '劳务合同', '初中', '通信工程', '西北大学', '2018-01-01', '在职', '00000017', 5.25, NULL, NULL, '2018-01-01', '2023-04-13', NULL);
INSERT INTO `employee` VALUES (1805, '王一亭', '男', '1991-02-01', '610144199102014569', '已婚', 1, '广东', 6, 'zhangliming@qq.com', '18979994478', '广东珠海', 91, 15, 33, '劳动合同', '高中', '考古', '清华大学', '2018-01-01', '在职', '00000018', 7, NULL, NULL, '2018-01-01', '2025-01-30', NULL);
INSERT INTO `employee` VALUES (1806, '薛磊2', '男', '1992-07-01', '610144199207017895', '已婚', 1, '陕西西安', 13, 'xuelei@qq.com', '15648887741', '西安市雁塔区', 92, 14, 34, '劳动合同', '初中', '无', '华胥中学', '2018-01-01', '在职', '00000019', 1, NULL, NULL, '2018-01-01', '2019-01-01', NULL);
INSERT INTO `employee` VALUES (1807, '张洁2', '女', '1990-10-09', '420177199010093652', '未婚', 1, '海南', 5, 'zhangjie@qq.com', '13695557742', '海口市美兰区', 92, 16, 34, '劳动合同', '高中', '无', '海南侨中', '2018-01-01', '在职', '00000020', 1, NULL, NULL, '2018-01-01', '2019-01-01', NULL);
INSERT INTO `employee` VALUES (1808, '江南一点雨3', '男', '1990-01-01', '610122199001011256', '已婚', 1, '陕西', 13, 'laowang@qq.com', '18565558897', '深圳市南山区', 8, 9, 29, '劳动合同', '本科', '信息管理与信息系统', '深圳大学', '2018-01-01', '在职', '00000021', 1, NULL, NULL, '2018-01-01', '2019-01-01', NULL);
INSERT INTO `employee` VALUES (1809, '陈静3', '女', '1989-02-01', '421288198902011234', '已婚', 1, '海南', 1, 'chenjing@qq.com', '18795556693', '海南省海口市美兰区', 82, 12, 30, '劳动合同', '高中', '市场营销', '武汉大学', '2015-06-09', '在职', '00000022', 3, NULL, NULL, '2015-06-09', '2018-06-08', NULL);
INSERT INTO `employee` VALUES (1810, '鹿存亮3', '男', '1990-01-03', '610122199001031456', '已婚', 1, '陕西', 3, 'zhao@qq.com', '15612347795', '陕西省西安市莲湖区', 92, 12, 34, '劳动合同', '高中', '电子工程', '哈尔滨理工大学', '2018-01-01', '在职', '00000024', 3.5, NULL, NULL, '2018-01-01', '2021-07-14', NULL);
INSERT INTO `employee` VALUES (1811, '姚森3', '男', '1991-02-05', '610122199102058952', '已婚', 1, '河南', 3, 'yaosen@qq.com', '14785559936', '河南洛阳人民大道58号', 92, 15, 34, '劳动合同', '初中', '室内装修设计', '西北大学', '2017-01-02', '在职', '00000025', 7, NULL, NULL, '2017-01-02', '2024-01-17', NULL);
INSERT INTO `employee` VALUES (1812, '云星3', '女', '1993-01-05', '610122199301054789', '已婚', 1, '陕西西安', 1, 'yunxing@qq.com', '15644442252', '陕西西安新城区', 92, 16, 34, '劳务合同', '硕士', '通信工程', '西安电子科技学校', '2018-01-01', '在职', '00000026', 5.25, NULL, NULL, '2018-01-01', '2023-04-13', NULL);
INSERT INTO `employee` VALUES (1813, '贾旭明3', '男', '1993-11-11', '610122199311111234', '已婚', 1, '广东广州', 4, 'jiaxuming@qq.com', '15644441234', '广东省广州市天河区冼村路', 78, 15, 33, '劳务合同', '初中', '通信工程', '西北大学', '2018-01-01', '在职', '00000027', 5.25, NULL, NULL, '2018-01-01', '2023-04-13', NULL);
INSERT INTO `employee` VALUES (1814, '张黎明3', '男', '1991-02-01', '610144199102014569', '已婚', 1, '广东', 6, 'zhangliming@qq.com', '18979994478', '广东珠海', 91, 15, 33, '劳动合同', '高中', '考古', '清华大学', '2018-01-01', '在职', '00000028', 7, NULL, NULL, '2018-01-01', '2025-01-30', NULL);
INSERT INTO `employee` VALUES (1815, '薛磊3', '男', '1992-07-01', '610144199207017895', '已婚', 1, '陕西西安', 13, 'xuelei@qq.com', '15648887741', '西安市雁塔区', 92, 14, 34, '劳动合同', '初中', '无', '华胥中学', '2018-01-01', '在职', '00000029', 6, NULL, NULL, '2018-01-01', '2024-01-17', NULL);
INSERT INTO `employee` VALUES (1816, '江南一点雨4', '男', '1990-01-01', '610122199001011256', '已婚', 1, '陕西', 13, 'laowang@qq.com', '18565558897', '深圳市南山区', 8, 9, 29, '劳动合同', '本科', '信息管理与信息系统', '深圳大学', '2018-01-01', '在职', '00000031', 1, NULL, NULL, '2018-01-01', '2019-01-01', NULL);
INSERT INTO `employee` VALUES (1817, '陈静4', '女', '1989-02-01', '421288198902011234', '已婚', 1, '海南', 1, 'chenjing@qq.com', '18795556693', '海南省海口市美兰区', 82, 12, 30, '劳动合同', '高中', '市场营销', '武汉大学', '2015-06-09', '在职', '00000032', 3, NULL, NULL, '2015-06-09', '2018-06-08', NULL);
INSERT INTO `employee` VALUES (1818, '赵琳浩4', '男', '1993-03-04', '610122199303041456', '未婚', 1, '陕西', 3, 'zhao@qq.com', '15698887795', '陕西省西安市莲湖区', 91, 12, 33, '劳动合同', '博士', '电子工程', '哈尔滨理工大学', '2018-01-01', '在职', '00000033', 3.5, NULL, NULL, '2018-01-01', '2021-07-14', NULL);
INSERT INTO `employee` VALUES (1819, '鹿存亮4', '男', '1990-01-03', '610122199001031456', '已婚', 1, '陕西', 3, 'zhao@qq.com', '15612347795', '陕西省西安市莲湖区', 92, 12, 34, '劳动合同', '高中', '电子工程', '哈尔滨理工大学', '2018-01-01', '在职', '00000034', 3.5, NULL, NULL, '2018-01-01', '2021-07-14', NULL);
INSERT INTO `employee` VALUES (1820, '姚森4', '男', '1991-02-05', '610122199102058952', '已婚', 1, '河南', 3, 'yaosen@qq.com', '14785559936', '河南洛阳人民大道58号', 92, 15, 34, '劳动合同', '初中', '室内装修设计', '西北大学', '2017-01-02', '在职', '00000035', 7, NULL, NULL, '2017-01-02', '2024-01-17', NULL);
INSERT INTO `employee` VALUES (1821, '云星4', '女', '1993-01-05', '610122199301054789', '已婚', 1, '陕西西安', 1, 'yunxing@qq.com', '15644442252', '陕西西安新城区', 92, 16, 34, '劳务合同', '硕士', '通信工程', '西安电子科技学校', '2018-01-01', '在职', '00000036', 5.25, NULL, NULL, '2018-01-01', '2023-04-13', NULL);
INSERT INTO `employee` VALUES (1822, '贾旭明4', '男', '1993-11-11', '610122199311111234', '已婚', 1, '广东广州', 4, 'jiaxuming@qq.com', '15644441234', '广东省广州市天河区冼村路', 78, 15, 33, '劳务合同', '初中', '通信工程', '西北大学', '2018-01-01', '在职', '00000037', 5.25, NULL, NULL, '2018-01-01', '2023-04-13', NULL);
INSERT INTO `employee` VALUES (1823, '谢工', '女', '1970-01-01', '618177197001011234', '离异', 1, '江苏', 1, '584991843@qq.com', '18558887788', '北京', 91, 12, 29, '劳动合同', '本科', '计算机软件', '南华大学', '2018-01-01', '在职', '00000038', 5, '2019-01-01', NULL, '2018-01-01', '2023-01-01', NULL);
INSERT INTO `employee` VALUES (1824, '林昭亮', '男', '1990-01-01', '610122199809091234', '已婚', 1, '广东', 13, '584991843@qq.com', '16767776654', '广东深圳', 91, 15, 33, '劳动合同', '大专', '计算机软件', '广东职业技术学院', '2018-01-01', '在职', '00000039', 5, '2018-04-01', NULL, '2018-01-01', '2023-01-01', NULL);
INSERT INTO `employee` VALUES (1825, '11', '男', '2018-01-01', '610122201801011234', '已婚', 1, '1', 1, '584991843@qq.com', '111', '1', 89, 9, 29, '劳动合同', '本科', '1', '1', '2018-01-01', '在职', '00000040', 4, '2018-04-01', NULL, '2018-01-01', '2022-01-26', NULL);
INSERT INTO `employee` VALUES (1826, '1', '男', '2018-01-01', '610188199809091234', '已婚', 1, '1', 1, '584991843@qq.com', '1', '1', 89, 9, 29, '劳动合同', '大专', '1', '1', '2018-01-31', '在职', '00000041', 1, '2018-01-31', NULL, '2018-01-31', '2019-01-31', NULL);
INSERT INTO `employee` VALUES (1827, '1', '男', '2018-01-01', '610122199909090000', '已婚', 1, '1', 1, '584991843@qq.com', '1', '1', 78, 9, 29, '劳动合同', '大专', '1', '1', '2018-01-31', '在职', '00000042', 1, '2018-01-31', NULL, '2018-01-31', '2019-01-31', NULL);
INSERT INTO `employee` VALUES (1828, '1', '男', '2018-01-01', '610122199909090000', '已婚', 1, '1', 1, '584991843@qq.com', '1', '1', 81, 9, 29, '劳动合同', '大专', '1', '1', '2018-01-31', '在职', '00000043', 0, '2018-01-31', NULL, '2018-01-31', '2018-01-31', NULL);
INSERT INTO `employee` VALUES (1829, '1', '男', '2018-01-01', '610122199909099999', '已婚', 1, '1', 1, '584991843@qq.com', '1', '1', 87, 9, 29, '劳动合同', '大专', '1', '1', '2018-01-01', '在职', '00000044', 0, '2018-01-01', NULL, '2018-01-01', '2018-01-31', NULL);
INSERT INTO `employee` VALUES (1830, '1', '男', '2018-01-01', '610122199909099999', '已婚', 1, '1', 1, '584991843@qq.com', '1', '1', 78, 9, 29, '劳动合同', '大专', '1', '1', '2018-01-01', '在职', '00000045', 0, '2018-01-01', NULL, '2018-01-01', '2018-01-31', NULL);
INSERT INTO `employee` VALUES (1831, '林伯渠', '男', '2018-01-01', '610122199909099999', '未婚', 1, '1', 1, '584991843@qq.com', '1', '1', 8, 9, 29, '劳动合同', '大专', '1', '1', '2018-01-31', '在职', '00000046', 0, '2018-01-31', NULL, '2018-01-31', '2018-01-31', NULL);
INSERT INTO `employee` VALUES (1832, '1', '男', '2018-01-01', '610122199909091234', '已婚', 1, '1', 1, '584991843@qq.com', '1', '1', 8, 9, 29, '劳动合同', '大专', '1', '1', '2018-01-31', '在职', '00000047', 0, '2018-01-31', NULL, '2018-01-31', '2018-01-31', NULL);
INSERT INTO `employee` VALUES (1833, '江南一点雨', '男', '1990-01-01', '610122199001011256', '已婚', 1, '陕西', 13, 'laowang@qq.com', '18565558897', '深圳市南山区', 5, 9, 29, '劳务合同', '本科', '信息管理与信息系统', '深圳大学', '2018-01-01', '在职', '00000001', 2, NULL, NULL, '2018-01-01', '2020-01-01', NULL);
INSERT INTO `employee` VALUES (1834, '陈静', '女', '1989-02-01', '421288198902011234', '已婚', 1, '海南', 1, 'chenjing@qq.com', '18795556693', '海南省海口市美兰区', 8, 12, 30, '劳动合同', '高中', '市场营销', '武汉大学', '2015-06-09', '在职', '00000002', 3, NULL, NULL, '2015-06-09', '2018-06-08', NULL);
INSERT INTO `employee` VALUES (1835, '赵琳浩', '男', '1993-03-04', '610122199303041456', '未婚', 1, '陕西', 3, 'zhao@qq.com', '15698887795', '陕西省西安市莲湖区', 91, 12, 33, '劳动合同', '博士', '电子工程', '哈尔滨理工大学', '2018-01-01', '在职', '00000003', 3.5, NULL, NULL, '2018-01-01', '2021-07-14', NULL);
INSERT INTO `employee` VALUES (1836, '鹿存亮', '男', '1990-01-03', '610122199001031456', '已婚', 1, '陕西', 3, 'zhao@qq.com', '15612347795', '陕西省西安市莲湖区', 92, 12, 34, '劳动合同', '高中', '电子工程', '哈尔滨理工大学', '2018-01-01', '在职', '00000004', 3.5, NULL, NULL, '2018-01-01', '2021-07-14', NULL);
INSERT INTO `employee` VALUES (1837, '姚森', '男', '1991-02-05', '610122199102058952', '已婚', 1, '河南', 3, 'yaosen@qq.com', '14785559936', '河南洛阳人民大道58号', 92, 15, 34, '劳动合同', '硕士', '室内装修设计', '西北大学', '2017-01-02', '在职', '00000005', 7, NULL, NULL, '2017-01-02', '2024-01-17', NULL);
INSERT INTO `employee` VALUES (1838, '云星', '女', '1993-01-05', '610122199301054789', '已婚', 1, '陕西西安', 1, 'yunxing@qq.com', '15644442252', '陕西西安新城区', 92, 16, 34, '劳务合同', '硕士', '通信工程', '西安电子科技学校', '2018-01-01', '在职', '00000006', 5.25, NULL, NULL, '2018-01-01', '2023-04-13', NULL);
INSERT INTO `employee` VALUES (1839, '贾旭明', '男', '1993-11-11', '610122199311111234', '已婚', 1, '广东广州', 4, 'jiaxuming@qq.com', '15644441234', '广东省广州市天河区冼村路', 78, 15, 33, '劳务合同', '初中', '通信工程', '西北大学', '2018-01-01', '在职', '00000007', 5.25, NULL, NULL, '2018-01-01', '2023-04-13', NULL);
INSERT INTO `employee` VALUES (1840, '张黎明', '男', '1991-02-01', '610144199102014569', '已婚', 1, '广东', 6, 'zhangliming@qq.com', '18979994478', '广东珠海', 91, 15, 33, '劳动合同', '高中', '考古', '清华大学', '2018-01-01', '在职', '00000008', 7, NULL, NULL, '2018-01-01', '2025-01-30', NULL);
INSERT INTO `employee` VALUES (1841, '薛磊', '男', '1992-07-01', '610144199207017895', '已婚', 1, '陕西西安', 13, 'xuelei@qq.com', '15648887741', '西安市雁塔区', 92, 14, 34, '劳动合同', '初中', '无', '华胥中学', '2018-01-01', '在职', '00000009', 6, NULL, NULL, '2018-01-01', '2024-01-17', NULL);
INSERT INTO `employee` VALUES (1842, '张洁', '女', '1990-10-09', '420177199010093652', '未婚', 1, '海南', 5, 'zhangjie@qq.com', '13695557742', '海口市美兰区', 92, 16, 34, '劳动合同', '高中', '无', '海南侨中', '2018-01-01', '在职', '00000010', 1, NULL, NULL, '2018-01-01', '2019-01-01', NULL);
INSERT INTO `employee` VALUES (1843, '江南一点雨2', '男', '1990-01-01', '610122199001011256', '已婚', 1, '陕西', 13, 'laowang@qq.com', '18565558897', '深圳市南山区', 91, 9, 29, '劳动合同', '本科', '信息管理与信息系统', '深圳大学', '2018-01-01', '在职', '00000011', 1, NULL, NULL, '2018-01-01', '2019-01-01', NULL);
INSERT INTO `employee` VALUES (1844, '陈静2', '女', '1989-02-01', '421288198902011234', '已婚', 1, '海南', 1, 'chenjing@qq.com', '18795556693', '海南省海口市美兰区', 82, 12, 30, '劳动合同', '高中', '市场营销', '武汉大学', '2015-06-09', '在职', '00000012', 3, NULL, NULL, '2015-06-09', '2018-06-08', NULL);
INSERT INTO `employee` VALUES (1845, '赵琳浩2', '男', '1993-03-04', '610122199303041456', '未婚', 1, '陕西', 3, 'zhao@qq.com', '15698887795', '陕西省西安市莲湖区', 91, 12, 33, '劳动合同', '博士', '电子工程', '哈尔滨理工大学', '2018-01-01', '在职', '00000013', 3.5, NULL, NULL, '2018-01-01', '2021-07-14', NULL);
INSERT INTO `employee` VALUES (1846, '鹿存亮2', '男', '1990-01-03', '610122199001031456', '已婚', 1, '陕西', 3, 'zhao@qq.com', '15612347795', '陕西省西安市莲湖区', 92, 12, 34, '劳动合同', '高中', '电子工程', '哈尔滨理工大学', '2018-01-01', '在职', '00000014', 3.5, NULL, NULL, '2018-01-01', '2021-07-14', NULL);
INSERT INTO `employee` VALUES (1847, '姚森2', '男', '1991-02-05', '610122199102058952', '已婚', 1, '河南', 3, 'yaosen@qq.com', '14785559936', '河南洛阳人民大道58号', 92, 15, 34, '劳动合同', '初中', '室内装修设计', '西北大学', '2017-01-02', '在职', '00000015', 7, NULL, NULL, '2017-01-02', '2024-01-17', NULL);
INSERT INTO `employee` VALUES (1848, '云星2', '女', '1993-01-05', '610122199301054789', '已婚', 1, '陕西西安', 1, 'yunxing@qq.com', '15644442252', '陕西西安新城区', 92, 16, 34, '劳务合同', '硕士', '通信工程', '西安电子科技学校', '2018-01-01', '在职', '00000016', 5.25, NULL, NULL, '2018-01-01', '2023-04-13', NULL);
INSERT INTO `employee` VALUES (1849, '贾旭明2', '男', '1993-11-11', '610122199311111234', '已婚', 1, '广东广州', 4, 'jiaxuming@qq.com', '15644441234', '广东省广州市天河区冼村路', 78, 15, 33, '劳务合同', '初中', '通信工程', '西北大学', '2018-01-01', '在职', '00000017', 5.25, NULL, NULL, '2018-01-01', '2023-04-13', NULL);
INSERT INTO `employee` VALUES (1850, '王一亭', '男', '1991-02-01', '610144199102014569', '已婚', 1, '广东', 6, 'zhangliming@qq.com', '18979994478', '广东珠海', 91, 15, 33, '劳动合同', '高中', '考古', '清华大学', '2018-01-01', '在职', '00000018', 7, NULL, NULL, '2018-01-01', '2025-01-30', NULL);
INSERT INTO `employee` VALUES (1851, '薛磊2', '男', '1992-07-01', '610144199207017895', '已婚', 1, '陕西西安', 13, 'xuelei@qq.com', '15648887741', '西安市雁塔区', 92, 14, 34, '劳动合同', '初中', '无', '华胥中学', '2018-01-01', '在职', '00000019', 1, NULL, NULL, '2018-01-01', '2019-01-01', NULL);
INSERT INTO `employee` VALUES (1852, '张洁2', '女', '1990-10-09', '420177199010093652', '未婚', 1, '海南', 5, 'zhangjie@qq.com', '13695557742', '海口市美兰区', 92, 16, 34, '劳动合同', '高中', '无', '海南侨中', '2018-01-01', '在职', '00000020', 1, NULL, NULL, '2018-01-01', '2019-01-01', NULL);
INSERT INTO `employee` VALUES (1853, '江南一点雨3', '男', '1990-01-01', '610122199001011256', '已婚', 1, '陕西', 13, 'laowang@qq.com', '18565558897', '深圳市南山区', 8, 9, 29, '劳动合同', '本科', '信息管理与信息系统', '深圳大学', '2018-01-01', '在职', '00000021', 1, NULL, NULL, '2018-01-01', '2019-01-01', NULL);
INSERT INTO `employee` VALUES (1854, '陈静3', '女', '1989-02-01', '421288198902011234', '已婚', 1, '海南', 1, 'chenjing@qq.com', '18795556693', '海南省海口市美兰区', 82, 12, 30, '劳动合同', '高中', '市场营销', '武汉大学', '2015-06-09', '在职', '00000022', 3, NULL, NULL, '2015-06-09', '2018-06-08', NULL);
INSERT INTO `employee` VALUES (1855, '鹿存亮3', '男', '1990-01-03', '610122199001031456', '已婚', 1, '陕西', 3, 'zhao@qq.com', '15612347795', '陕西省西安市莲湖区', 92, 12, 34, '劳动合同', '高中', '电子工程', '哈尔滨理工大学', '2018-01-01', '在职', '00000024', 3.5, NULL, NULL, '2018-01-01', '2021-07-14', NULL);
INSERT INTO `employee` VALUES (1856, '姚森3', '男', '1991-02-05', '610122199102058952', '已婚', 1, '河南', 3, 'yaosen@qq.com', '14785559936', '河南洛阳人民大道58号', 92, 15, 34, '劳动合同', '初中', '室内装修设计', '西北大学', '2017-01-02', '在职', '00000025', 7, NULL, NULL, '2017-01-02', '2024-01-17', NULL);
INSERT INTO `employee` VALUES (1857, '云星3', '女', '1993-01-05', '610122199301054789', '已婚', 1, '陕西西安', 1, 'yunxing@qq.com', '15644442252', '陕西西安新城区', 92, 16, 34, '劳务合同', '硕士', '通信工程', '西安电子科技学校', '2018-01-01', '在职', '00000026', 5.25, NULL, NULL, '2018-01-01', '2023-04-13', NULL);
INSERT INTO `employee` VALUES (1858, '贾旭明3', '男', '1993-11-11', '610122199311111234', '已婚', 1, '广东广州', 4, 'jiaxuming@qq.com', '15644441234', '广东省广州市天河区冼村路', 78, 15, 33, '劳务合同', '初中', '通信工程', '西北大学', '2018-01-01', '在职', '00000027', 5.25, NULL, NULL, '2018-01-01', '2023-04-13', NULL);
INSERT INTO `employee` VALUES (1859, '张黎明3', '男', '1991-02-01', '610144199102014569', '已婚', 1, '广东', 6, 'zhangliming@qq.com', '18979994478', '广东珠海', 91, 15, 33, '劳动合同', '高中', '考古', '清华大学', '2018-01-01', '在职', '00000028', 7, NULL, NULL, '2018-01-01', '2025-01-30', NULL);
INSERT INTO `employee` VALUES (1860, '薛磊3', '男', '1992-07-01', '610144199207017895', '已婚', 1, '陕西西安', 13, 'xuelei@qq.com', '15648887741', '西安市雁塔区', 92, 14, 34, '劳动合同', '初中', '无', '华胥中学', '2018-01-01', '在职', '00000029', 6, NULL, NULL, '2018-01-01', '2024-01-17', NULL);
INSERT INTO `employee` VALUES (1861, '江南一点雨4', '男', '1990-01-01', '610122199001011256', '已婚', 1, '陕西', 13, 'laowang@qq.com', '18565558897', '深圳市南山区', 8, 9, 29, '劳动合同', '本科', '信息管理与信息系统', '深圳大学', '2018-01-01', '在职', '00000031', 1, NULL, NULL, '2018-01-01', '2019-01-01', NULL);
INSERT INTO `employee` VALUES (1862, '陈静4', '女', '1989-02-01', '421288198902011234', '已婚', 1, '海南', 1, 'chenjing@qq.com', '18795556693', '海南省海口市美兰区', 82, 12, 30, '劳动合同', '高中', '市场营销', '武汉大学', '2015-06-09', '在职', '00000032', 3, NULL, NULL, '2015-06-09', '2018-06-08', NULL);
INSERT INTO `employee` VALUES (1863, '赵琳浩4', '男', '1993-03-04', '610122199303041456', '未婚', 1, '陕西', 3, 'zhao@qq.com', '15698887795', '陕西省西安市莲湖区', 91, 12, 33, '劳动合同', '博士', '电子工程', '哈尔滨理工大学', '2018-01-01', '在职', '00000033', 3.5, NULL, NULL, '2018-01-01', '2021-07-14', NULL);
INSERT INTO `employee` VALUES (1864, '鹿存亮4', '男', '1990-01-03', '610122199001031456', '已婚', 1, '陕西', 3, 'zhao@qq.com', '15612347795', '陕西省西安市莲湖区', 92, 12, 34, '劳动合同', '高中', '电子工程', '哈尔滨理工大学', '2018-01-01', '在职', '00000034', 3.5, NULL, NULL, '2018-01-01', '2021-07-14', NULL);
INSERT INTO `employee` VALUES (1865, '姚森4', '男', '1991-02-05', '610122199102058952', '已婚', 1, '河南', 3, 'yaosen@qq.com', '14785559936', '河南洛阳人民大道58号', 92, 15, 34, '劳动合同', '初中', '室内装修设计', '西北大学', '2017-01-02', '在职', '00000035', 7, NULL, NULL, '2017-01-02', '2024-01-17', NULL);
INSERT INTO `employee` VALUES (1866, '云星4', '女', '1993-01-05', '610122199301054789', '已婚', 1, '陕西西安', 1, 'yunxing@qq.com', '15644442252', '陕西西安新城区', 92, 16, 34, '劳务合同', '硕士', '通信工程', '西安电子科技学校', '2018-01-01', '在职', '00000036', 5.25, NULL, NULL, '2018-01-01', '2023-04-13', NULL);
INSERT INTO `employee` VALUES (1867, '贾旭明4', '男', '1993-11-11', '610122199311111234', '已婚', 1, '广东广州', 4, 'jiaxuming@qq.com', '15644441234', '广东省广州市天河区冼村路', 78, 15, 33, '劳务合同', '初中', '通信工程', '西北大学', '2018-01-01', '在职', '00000037', 5.25, NULL, NULL, '2018-01-01', '2023-04-13', NULL);
INSERT INTO `employee` VALUES (1868, '张黎明2', '男', '1991-02-01', '610144199102014569', '已婚', 1, '广东', 6, 'zhangliming@qq.com', '18979994478', '广东珠海', 91, 15, 33, '劳动合同', '高中', '考古', '清华大学', '2018-01-01', '在职', '00000038', 7, NULL, NULL, '2018-01-01', '2025-01-30', NULL);
INSERT INTO `employee` VALUES (1869, '薛磊4', '男', '1992-07-01', '610144199207017895', '已婚', 1, '陕西西安', 13, 'xuelei@qq.com', '15648887741', '西安市雁塔区', 92, 14, 34, '劳动合同', '初中', '无', '华胥中学', '2018-01-01', '在职', '00000039', 6, NULL, NULL, '2018-01-01', '2024-01-17', NULL);
INSERT INTO `employee` VALUES (1870, '张洁4', '女', '1990-10-09', '420177199010093652', '未婚', 1, '海南', 5, 'zhangjie@qq.com', '13695557742', '海口市美兰区', 92, 16, 34, '劳动合同', '高中', '无', '海南侨中', '2018-01-01', '在职', '00000040', 1, NULL, NULL, '2018-01-01', '2019-01-01', NULL);
INSERT INTO `employee` VALUES (1871, '江南一点雨5', '男', '1990-01-01', '610122199001011256', '已婚', 1, '陕西', 13, 'laowang@qq.com', '18565558897', '深圳市南山区', 8, 9, 29, '劳动合同', '本科', '信息管理与信息系统', '深圳大学', '2018-01-01', '在职', '00000041', 1, NULL, NULL, '2018-01-01', '2019-01-01', NULL);
INSERT INTO `employee` VALUES (1872, '陈静5', '女', '1989-02-01', '421288198902011234', '已婚', 1, '海南', 1, 'chenjing@qq.com', '18795556693', '海南省海口市美兰区', 82, 12, 30, '劳动合同', '高中', '市场营销', '武汉大学', '2015-06-09', '在职', '00000042', 3, NULL, NULL, '2015-06-09', '2018-06-08', NULL);
INSERT INTO `employee` VALUES (1873, '赵琳浩5', '男', '1993-03-04', '610122199303041456', '未婚', 1, '陕西', 3, 'zhao@qq.com', '15698887795', '陕西省西安市莲湖区', 91, 12, 33, '劳动合同', '博士', '电子工程', '哈尔滨理工大学', '2018-01-01', '在职', '00000043', 3.5, NULL, NULL, '2018-01-01', '2021-07-14', NULL);
INSERT INTO `employee` VALUES (1874, '鹿存亮5', '男', '1990-01-03', '610122199001031456', '已婚', 1, '陕西', 3, 'zhao@qq.com', '15612347795', '陕西省西安市莲湖区', 92, 12, 34, '劳动合同', '高中', '电子工程', '哈尔滨理工大学', '2018-01-01', '在职', '00000044', 3.5, NULL, NULL, '2018-01-01', '2021-07-14', NULL);
INSERT INTO `employee` VALUES (1875, '姚森5', '男', '1991-02-05', '610122199102058952', '已婚', 1, '河南', 3, 'yaosen@qq.com', '14785559936', '河南洛阳人民大道58号', 92, 15, 34, '劳动合同', '初中', '室内装修设计', '西北大学', '2017-01-02', '在职', '00000045', 7, NULL, NULL, '2017-01-02', '2024-01-17', NULL);
INSERT INTO `employee` VALUES (1876, '云星5', '女', '1993-01-05', '610122199301054789', '已婚', 1, '陕西西安', 1, 'yunxing@qq.com', '15644442252', '陕西西安新城区', 92, 16, 34, '劳务合同', '硕士', '通信工程', '西安电子科技学校', '2018-01-01', '在职', '00000046', 5.25, NULL, NULL, '2018-01-01', '2023-04-13', NULL);
INSERT INTO `employee` VALUES (1877, '贾旭明5', '男', '1993-11-11', '610122199311111234', '已婚', 1, '广东广州', 4, 'jiaxuming@qq.com', '15644441234', '广东省广州市天河区冼村路', 78, 15, 33, '劳务合同', '初中', '通信工程', '西北大学', '2018-01-01', '在职', '00000047', 5.25, NULL, NULL, '2018-01-01', '2023-04-13', NULL);
INSERT INTO `employee` VALUES (1878, '张黎明5', '男', '1991-02-01', '610144199102014569', '已婚', 1, '广东', 6, 'zhangliming@qq.com', '18979994478', '广东珠海', 91, 15, 33, '劳动合同', '高中', '考古', '清华大学', '2018-01-01', '在职', '00000048', 7, NULL, NULL, '2018-01-01', '2025-01-30', NULL);
INSERT INTO `employee` VALUES (1879, '薛磊5', '男', '1992-07-01', '610144199207017895', '已婚', 1, '陕西西安', 13, 'xuelei@qq.com', '15648887741', '西安市雁塔区', 92, 14, 34, '劳动合同', '初中', '无', '华胥中学', '2018-01-01', '在职', '00000049', 6, NULL, NULL, '2018-01-01', '2024-01-17', NULL);
INSERT INTO `employee` VALUES (1880, '张洁5', '女', '1990-10-09', '420177199010093652', '未婚', 1, '海南', 5, 'zhangjie@qq.com', '13695557742', '海口市美兰区', 92, 16, 34, '劳动合同', '高中', '无', '海南侨中', '2018-01-01', '在职', '00000050', 1, NULL, NULL, '2018-01-01', '2019-01-01', NULL);
INSERT INTO `employee` VALUES (1881, '江南一点雨6', '男', '1990-01-01', '610122199001011256', '已婚', 1, '陕西', 13, 'laowang@qq.com', '18565558897', '深圳市南山区', 8, 9, 29, '劳动合同', '本科', '信息管理与信息系统', '深圳大学', '2018-01-01', '在职', '00000051', 1, NULL, NULL, '2018-01-01', '2019-01-01', NULL);
INSERT INTO `employee` VALUES (1882, '陈静6', '女', '1989-02-01', '421288198902011234', '已婚', 1, '海南', 1, 'chenjing@qq.com', '18795556693', '海南省海口市美兰区', 82, 12, 30, '劳动合同', '高中', '市场营销', '武汉大学', '2015-06-09', '在职', '00000052', 3, NULL, NULL, '2015-06-09', '2018-06-08', NULL);
INSERT INTO `employee` VALUES (1883, '赵琳浩6', '男', '1993-03-04', '610122199303041456', '未婚', 1, '陕西', 3, 'zhao@qq.com', '15698887795', '陕西省西安市莲湖区', 91, 12, 33, '劳动合同', '博士', '电子工程', '哈尔滨理工大学', '2018-01-01', '在职', '00000053', 3.5, NULL, NULL, '2018-01-01', '2021-07-14', NULL);
INSERT INTO `employee` VALUES (1884, '鹿存亮6', '男', '1990-01-03', '610122199001031456', '已婚', 1, '陕西', 3, 'zhao@qq.com', '15612347795', '陕西省西安市莲湖区', 92, 12, 34, '劳动合同', '高中', '电子工程', '哈尔滨理工大学', '2018-01-01', '在职', '00000054', 3.5, NULL, NULL, '2018-01-01', '2021-07-14', NULL);
INSERT INTO `employee` VALUES (1885, '姚森6', '男', '1991-02-05', '610122199102058952', '已婚', 1, '河南', 3, 'yaosen@qq.com', '14785559936', '河南洛阳人民大道58号', 92, 15, 34, '劳动合同', '初中', '室内装修设计', '西北大学', '2017-01-02', '在职', '00000055', 7, NULL, NULL, '2017-01-02', '2024-01-17', NULL);
INSERT INTO `employee` VALUES (1886, '云星6', '女', '1993-01-05', '610122199301054789', '已婚', 1, '陕西西安', 1, 'yunxing@qq.com', '15644442252', '陕西西安新城区', 92, 16, 34, '劳务合同', '硕士', '通信工程', '西安电子科技学校', '2018-01-01', '在职', '00000056', 5.25, NULL, NULL, '2018-01-01', '2023-04-13', NULL);
INSERT INTO `employee` VALUES (1887, '江南一点雨', '男', '1990-01-01', '610122199001011256', '已婚', 1, '陕西', 13, 'laowang@qq.com', '18565558897', '深圳市南山区', 8, 9, 29, '劳动合同', '本科', '信息管理与信息系统', '深圳大学', '2018-01-01', '在职', '00000001', 1, NULL, NULL, '2018-01-01', '2019-01-01', NULL);
INSERT INTO `employee` VALUES (1888, '陈静', '女', '1989-02-01', '421288198902011234', '已婚', 1, '海南', 1, 'chenjing@qq.com', '18795556693', '海南省海口市美兰区', 82, 12, 30, '劳动合同', '高中', '市场营销', '武汉大学', '2015-06-09', '在职', '00000002', 3, NULL, NULL, '2015-06-09', '2018-06-08', NULL);
INSERT INTO `employee` VALUES (1889, '赵琳浩', '男', '1993-03-04', '610122199303041456', '未婚', 1, '陕西', 3, 'zhao@qq.com', '15698887795', '陕西省西安市莲湖区', 91, 12, 33, '劳动合同', '博士', '电子工程', '哈尔滨理工大学', '2018-01-01', '在职', '00000003', 3.5, NULL, NULL, '2018-01-01', '2021-07-14', NULL);
INSERT INTO `employee` VALUES (1890, '鹿存亮', '男', '1990-01-03', '610122199001031456', '已婚', 1, '陕西', 3, 'zhao@qq.com', '15612347795', '陕西省西安市莲湖区', 92, 12, 34, '劳动合同', '高中', '电子工程', '哈尔滨理工大学', '2018-01-01', '在职', '00000004', 3.5, NULL, NULL, '2018-01-01', '2021-07-14', NULL);
INSERT INTO `employee` VALUES (1891, '姚森', '男', '1991-02-05', '610122199102058952', '已婚', 1, '河南', 3, 'yaosen@qq.com', '14785559936', '河南洛阳人民大道58号', 92, 15, 34, '劳动合同', '初中', '室内装修设计', '西北大学', '2017-01-02', '在职', '00000005', 7, NULL, NULL, '2017-01-02', '2024-01-17', NULL);
INSERT INTO `employee` VALUES (1892, '贾旭明', '男', '1993-11-11', '610122199311111234', '已婚', 1, '广东广州', 4, 'jiaxuming@qq.com', '15644441234', '广东省广州市天河区冼村路', 78, 15, 33, '劳务合同', '初中', '通信工程', '西北大学', '2018-01-01', '在职', '00000007', 5.25, NULL, NULL, '2018-01-01', '2023-04-13', NULL);
INSERT INTO `employee` VALUES (1893, '张黎明', '男', '1991-02-01', '610144199102014569', '已婚', 1, '广东', 6, 'zhangliming@qq.com', '18979994478', '广东珠海', 91, 15, 33, '劳动合同', '高中', '考古', '清华大学', '2018-01-01', '在职', '00000008', 7, NULL, NULL, '2018-01-01', '2025-01-30', NULL);
INSERT INTO `employee` VALUES (1894, '薛磊', '男', '1992-07-01', '610144199207017895', '已婚', 1, '陕西西安', 13, 'xuelei@qq.com', '15648887741', '西安市雁塔区', 92, 14, 34, '劳动合同', '初中', '无', '华胥中学', '2018-01-01', '在职', '00000009', 6, NULL, NULL, '2018-01-01', '2024-01-17', NULL);
INSERT INTO `employee` VALUES (1895, '张洁', '女', '1990-10-09', '420177199010093652', '未婚', 1, '海南', 5, 'zhangjie@qq.com', '13695557742', '海口市美兰区', 92, 16, 34, '劳动合同', '高中', '无', '海南侨中', '2018-01-01', '在职', '00000010', 1, NULL, NULL, '2018-01-01', '2019-01-01', NULL);
INSERT INTO `employee` VALUES (1896, '江南一点雨2', '男', '1990-01-01', '610122199001011256', '已婚', 1, '陕西', 13, 'laowang@qq.com', '18565558897', '深圳市南山区', 8, 9, 29, '劳动合同', '本科', '信息管理与信息系统', '深圳大学', '2018-01-01', '在职', '00000011', 1, NULL, NULL, '2018-01-01', '2019-01-01', NULL);
INSERT INTO `employee` VALUES (1897, '陈静2', '女', '1989-02-01', '421288198902011234', '已婚', 1, '海南', 1, 'chenjing@qq.com', '18795556693', '海南省海口市美兰区', 82, 12, 30, '劳动合同', '高中', '市场营销', '武汉大学', '2015-06-09', '在职', '00000012', 3, NULL, NULL, '2015-06-09', '2018-06-08', NULL);
INSERT INTO `employee` VALUES (1898, '赵琳浩2', '男', '1993-03-04', '610122199303041456', '未婚', 1, '陕西', 3, 'zhao@qq.com', '15698887795', '陕西省西安市莲湖区', 91, 12, 33, '劳动合同', '博士', '电子工程', '哈尔滨理工大学', '2018-01-01', '在职', '00000013', 3.5, NULL, NULL, '2018-01-01', '2021-07-14', NULL);
INSERT INTO `employee` VALUES (1899, '鹿存亮2', '男', '1990-01-03', '610122199001031456', '已婚', 1, '陕西', 3, 'zhao@qq.com', '15612347795', '陕西省西安市莲湖区', 92, 12, 34, '劳动合同', '高中', '电子工程', '哈尔滨理工大学', '2018-01-01', '在职', '00000014', 3.5, NULL, NULL, '2018-01-01', '2021-07-14', NULL);
INSERT INTO `employee` VALUES (1900, '姚森2', '男', '1991-02-05', '610122199102058952', '已婚', 1, '河南', 3, 'yaosen@qq.com', '14785559936', '河南洛阳人民大道58号', 92, 15, 34, '劳动合同', '初中', '室内装修设计', '西北大学', '2017-01-02', '在职', '00000015', 7, NULL, NULL, '2017-01-02', '2024-01-17', NULL);
INSERT INTO `employee` VALUES (1901, '云星2', '女', '1993-01-05', '610122199301054789', '已婚', 1, '陕西西安', 1, 'yunxing@qq.com', '15644442252', '陕西西安新城区', 92, 16, 34, '劳务合同', '硕士', '通信工程', '西安电子科技学校', '2018-01-01', '在职', '00000016', 5.25, NULL, NULL, '2018-01-01', '2023-04-13', NULL);
INSERT INTO `employee` VALUES (1902, '贾旭明2', '男', '1993-11-11', '610122199311111234', '已婚', 1, '广东广州', 4, 'jiaxuming@qq.com', '15644441234', '广东省广州市天河区冼村路', 78, 15, 33, '劳务合同', '初中', '通信工程', '西北大学', '2018-01-01', '在职', '00000017', 5.25, NULL, NULL, '2018-01-01', '2023-04-13', NULL);
INSERT INTO `employee` VALUES (1903, '王一亭', '男', '1991-02-01', '610144199102014569', '已婚', 1, '广东', 6, 'zhangliming@qq.com', '18979994478', '广东珠海', 91, 15, 33, '劳动合同', '高中', '考古', '清华大学', '2018-01-01', '在职', '00000018', 7, NULL, NULL, '2018-01-01', '2025-01-30', NULL);
INSERT INTO `employee` VALUES (1904, '薛磊2', '男', '1992-07-01', '610144199207017895', '已婚', 1, '陕西西安', 13, 'xuelei@qq.com', '15648887741', '西安市雁塔区', 92, 14, 34, '劳动合同', '初中', '无', '华胥中学', '2018-01-01', '在职', '00000019', 1, NULL, NULL, '2018-01-01', '2019-01-01', NULL);
INSERT INTO `employee` VALUES (1905, '张洁2', '女', '1990-10-09', '420177199010093652', '未婚', 1, '海南', 5, 'zhangjie@qq.com', '13695557742', '海口市美兰区', 92, 16, 34, '劳动合同', '高中', '无', '海南侨中', '2018-01-01', '在职', '00000020', 1, NULL, NULL, '2018-01-01', '2019-01-01', NULL);
INSERT INTO `employee` VALUES (1906, '江南一点雨3', '男', '1990-01-01', '610122199001011256', '已婚', 1, '陕西', 13, 'laowang@qq.com', '18565558897', '深圳市南山区', 8, 9, 29, '劳动合同', '本科', '信息管理与信息系统', '深圳大学', '2018-01-01', '在职', '00000021', 1, NULL, NULL, '2018-01-01', '2019-01-01', NULL);
INSERT INTO `employee` VALUES (1907, '陈静3', '女', '1989-02-01', '421288198902011234', '已婚', 1, '海南', 1, 'chenjing@qq.com', '18795556693', '海南省海口市美兰区', 82, 12, 30, '劳动合同', '高中', '市场营销', '武汉大学', '2015-06-09', '在职', '00000022', 3, NULL, NULL, '2015-06-09', '2018-06-08', NULL);
INSERT INTO `employee` VALUES (1908, '鹿存亮3', '男', '1990-01-03', '610122199001031456', '已婚', 1, '陕西', 3, 'zhao@qq.com', '15612347795', '陕西省西安市莲湖区', 92, 12, 34, '劳动合同', '高中', '电子工程', '哈尔滨理工大学', '2018-01-01', '在职', '00000024', 3.5, NULL, NULL, '2018-01-01', '2021-07-14', NULL);
INSERT INTO `employee` VALUES (1909, '姚森3', '男', '1991-02-05', '610122199102058952', '已婚', 1, '河南', 3, 'yaosen@qq.com', '14785559936', '河南洛阳人民大道58号', 92, 15, 34, '劳动合同', '初中', '室内装修设计', '西北大学', '2017-01-02', '在职', '00000025', 7, NULL, NULL, '2017-01-02', '2024-01-17', NULL);
INSERT INTO `employee` VALUES (1910, '云星3', '女', '1993-01-05', '610122199301054789', '已婚', 1, '陕西西安', 1, 'yunxing@qq.com', '15644442252', '陕西西安新城区', 92, 16, 34, '劳务合同', '硕士', '通信工程', '西安电子科技学校', '2018-01-01', '在职', '00000026', 5.25, NULL, NULL, '2018-01-01', '2023-04-13', NULL);
INSERT INTO `employee` VALUES (1911, '贾旭明3', '男', '1993-11-11', '610122199311111234', '已婚', 1, '广东广州', 4, 'jiaxuming@qq.com', '15644441234', '广东省广州市天河区冼村路', 78, 15, 33, '劳务合同', '初中', '通信工程', '西北大学', '2018-01-01', '在职', '00000027', 5.25, NULL, NULL, '2018-01-01', '2023-04-13', NULL);
INSERT INTO `employee` VALUES (1912, '张黎明3', '男', '1991-02-01', '610144199102014569', '已婚', 1, '广东', 6, 'zhangliming@qq.com', '18979994478', '广东珠海', 91, 15, 33, '劳动合同', '高中', '考古', '清华大学', '2018-01-01', '在职', '00000028', 7, NULL, NULL, '2018-01-01', '2025-01-30', NULL);
INSERT INTO `employee` VALUES (1913, '薛磊3', '男', '1992-07-01', '610144199207017895', '已婚', 1, '陕西西安', 13, 'xuelei@qq.com', '15648887741', '西安市雁塔区', 92, 14, 34, '劳动合同', '初中', '无', '华胥中学', '2018-01-01', '在职', '00000029', 6, NULL, NULL, '2018-01-01', '2024-01-17', NULL);
INSERT INTO `employee` VALUES (1914, '江南一点雨4', '男', '1990-01-01', '610122199001011256', '已婚', 1, '陕西', 13, 'laowang@qq.com', '18565558897', '深圳市南山区', 8, 9, 29, '劳动合同', '本科', '信息管理与信息系统', '深圳大学', '2018-01-01', '在职', '00000031', 1, NULL, NULL, '2018-01-01', '2019-01-01', NULL);
INSERT INTO `employee` VALUES (1915, '陈静4', '女', '1989-02-01', '421288198902011234', '已婚', 1, '海南', 1, 'chenjing@qq.com', '18795556693', '海南省海口市美兰区', 82, 12, 30, '劳动合同', '高中', '市场营销', '武汉大学', '2015-06-09', '在职', '00000032', 3, NULL, NULL, '2015-06-09', '2018-06-08', NULL);
INSERT INTO `employee` VALUES (1916, '赵琳浩4', '男', '1993-03-04', '610122199303041456', '未婚', 1, '陕西', 3, 'zhao@qq.com', '15698887795', '陕西省西安市莲湖区', 91, 12, 33, '劳动合同', '博士', '电子工程', '哈尔滨理工大学', '2018-01-01', '在职', '00000033', 3.5, NULL, NULL, '2018-01-01', '2021-07-14', NULL);
INSERT INTO `employee` VALUES (1917, '鹿存亮4', '男', '1990-01-03', '610122199001031456', '已婚', 1, '陕西', 3, 'zhao@qq.com', '15612347795', '陕西省西安市莲湖区', 92, 12, 34, '劳动合同', '高中', '电子工程', '哈尔滨理工大学', '2018-01-01', '在职', '00000034', 3.5, NULL, NULL, '2018-01-01', '2021-07-14', NULL);
INSERT INTO `employee` VALUES (1918, '姚森4', '男', '1991-02-05', '610122199102058952', '已婚', 1, '河南', 3, 'yaosen@qq.com', '14785559936', '河南洛阳人民大道58号', 92, 15, 34, '劳动合同', '初中', '室内装修设计', '西北大学', '2017-01-02', '在职', '00000035', 7, NULL, NULL, '2017-01-02', '2024-01-17', NULL);
INSERT INTO `employee` VALUES (1919, '云星4', '女', '1993-01-05', '610122199301054789', '已婚', 1, '陕西西安', 1, 'yunxing@qq.com', '15644442252', '陕西西安新城区', 92, 16, 34, '劳务合同', '硕士', '通信工程', '西安电子科技学校', '2018-01-01', '在职', '00000036', 5.25, NULL, NULL, '2018-01-01', '2023-04-13', NULL);
INSERT INTO `employee` VALUES (1920, '贾旭明4', '男', '1993-11-11', '610122199311111234', '已婚', 1, '广东广州', 4, 'jiaxuming@qq.com', '15644441234', '广东省广州市天河区冼村路', 78, 15, 33, '劳务合同', '初中', '通信工程', '西北大学', '2018-01-01', '在职', '00000037', 5.25, NULL, NULL, '2018-01-01', '2023-04-13', NULL);
INSERT INTO `employee` VALUES (1921, '谢工', '女', '1970-01-01', '618177197001011234', '离异', 1, '江苏', 1, '584991843@qq.com', '18558887788', '北京', 91, 12, 29, '劳动合同', '本科', '计算机软件', '南华大学', '2018-01-01', '在职', '00000038', 5, NULL, NULL, '2018-01-01', '2023-01-01', NULL);
INSERT INTO `employee` VALUES (1922, '林昭亮', '男', '1990-01-01', '610122199809091234', '已婚', 1, '广东', 13, '584991843@qq.com', '16767776654', '广东深圳', 91, 15, 33, '劳动合同', '大专', '计算机软件', '广东职业技术学院', '2018-01-01', '在职', '00000039', 5, NULL, NULL, '2018-01-01', '2023-01-01', NULL);
INSERT INTO `employee` VALUES (1923, '11', '男', '2018-01-01', '610122201801011234', '已婚', 1, '1', 1, '584991843@qq.com', '111', '1', 89, 9, 29, '劳动合同', '本科', '1', '1', '2018-01-01', '在职', '00000040', 4, NULL, NULL, '2018-01-01', '2022-01-26', NULL);
INSERT INTO `employee` VALUES (1924, '1', '男', '2018-01-01', '610188199809091234', '已婚', 1, '1', 1, '584991843@qq.com', '1', '1', 89, 9, 29, '劳动合同', '大专', '1', '1', '2018-01-31', '在职', '00000041', 1, NULL, NULL, '2018-01-31', '2019-01-31', NULL);
INSERT INTO `employee` VALUES (1925, '1', '男', '2018-01-01', '610122199909090000', '已婚', 1, '1', 1, '584991843@qq.com', '1', '1', 78, 9, 29, '劳动合同', '大专', '1', '1', '2018-01-31', '在职', '00000042', 1, NULL, NULL, '2018-01-31', '2019-01-31', NULL);
INSERT INTO `employee` VALUES (1926, '1', '男', '2018-01-01', '610122199909090000', '已婚', 1, '1', 1, '584991843@qq.com', '1', '1', 81, 9, 29, '劳动合同', '大专', '1', '1', '2018-01-31', '在职', '00000043', 0, NULL, NULL, '2018-01-31', '2018-01-31', NULL);
INSERT INTO `employee` VALUES (1927, '1', '男', '2018-01-01', '610122199909099999', '已婚', 1, '1', 1, '584991843@qq.com', '1', '1', 87, 9, 29, '劳动合同', '大专', '1', '1', '2018-01-01', '在职', '00000044', 0, NULL, NULL, '2018-01-01', '2018-01-31', NULL);
INSERT INTO `employee` VALUES (1928, '1', '男', '2018-01-01', '610122199909099999', '已婚', 1, '1', 1, '584991843@qq.com', '1', '1', 78, 9, 29, '劳动合同', '大专', '1', '1', '2018-01-01', '在职', '00000045', 0, NULL, NULL, '2018-01-01', '2018-01-31', NULL);
INSERT INTO `employee` VALUES (1929, '林伯渠', '男', '2018-01-01', '610122199909099999', '未婚', 1, '1', 1, '584991843@qq.com', '1', '1', 8, 9, 29, '劳动合同', '大专', '1', '1', '2018-01-31', '在职', '00000046', 0, NULL, NULL, '2018-01-31', '2018-01-31', NULL);
INSERT INTO `employee` VALUES (1930, '1', '男', '2018-01-01', '610122199909091234', '已婚', 1, '1', 1, '584991843@qq.com', '1', '1', 8, 9, 29, '劳动合同', '大专', '1', '1', '2018-01-31', '在职', '00000047', 0, NULL, NULL, '2018-01-31', '2018-01-31', NULL);
INSERT INTO `employee` VALUES (1931, 'javaboy', '男', '1989-12-31', '610122199001011256', '已婚', 1, '陕西', 13, 'laowang@qq.com', '18565558897', '深圳市南山区', 5, 9, 29, '劳务合同', '本科', '信息管理与信息系统', '深圳大学', '2017-12-31', '在职', '00000057', 2, '2018-03-31', NULL, '2017-12-31', '2019-12-31', NULL);
INSERT INTO `employee` VALUES (1932, 'javaboy', '男', '1989-12-31', '610122199001011256', '已婚', 1, '陕西', 13, 'laowang@qq.com', '18565558897', '深圳市南山区', 93, 9, 29, '劳务合同', '本科', '信息管理与信息系统', '深圳大学', '2019-11-05', '在职', '00000058', 2, '2018-03-31', NULL, '2017-12-31', '2019-12-31', NULL);
INSERT INTO `employee` VALUES (1933, 'javaboy', '男', '1989-12-31', '610122199001011256', '已婚', 1, '', 13, 'laowang@qq.com', '18565558897', '深圳市南山区', 93, 9, 29, '劳务合同', '本科', '信息管理与信息系统', '深圳大学', '2019-11-05', '在职', '00000059', 2, '2018-03-31', NULL, '2017-12-31', '2019-12-31', NULL);
INSERT INTO `employee` VALUES (1934, 'javaboy', '男', '1989-12-31', '610122199001011256', '已婚', 1, '陕西', 13, 'laowan@123.com', '18565558897', '深圳市南山区', 5, 9, 29, '劳务合同', '本科', '信息管理与信息系统', '深圳大学', '2017-12-31', '在职', '00000060', 2, '2018-03-31', NULL, '2017-12-31', '2019-12-31', NULL);
INSERT INTO `employee` VALUES (1935, 'javaboy', '男', '1989-12-31', '610122199001011256', '已婚', 1, '陕西', 13, 'laowan@123.com', '18565558897', '深圳市南山区', 5, 9, 29, '劳务合同', '本科', '信息管理与信息系统', '深圳大学', '2017-12-31', '在职', '00000060', 2, '2018-03-31', NULL, '2017-12-31', '2019-12-31', NULL);
INSERT INTO `employee` VALUES (1936, 'javaboy', '男', '1989-12-31', '610122199001011256', '已婚', 1, '陕西', 13, 'laowang@qq.com', '18565558897', '深圳市南山区', 91, 9, 29, '劳务合同', '本科', '信息管理与信息系统', '深圳大学', '2017-12-31', '在职', '00000061', 2, '2018-03-31', NULL, '2017-12-31', '2019-12-31', NULL);
INSERT INTO `employee` VALUES (1937, 'javaboy', '男', '1989-12-31', '610122199001011256', '已婚', 1, '陕西', 13, 'laowang@qq.com', '18565558897', '深圳市南山区', 91, 9, 29, '劳务合同', '本科', '信息管理与信息系统', '深圳大学', '2017-12-31', '在职', '00000062', 6.17, '2018-03-31', NULL, '2017-12-31', '2024-02-29', NULL);
INSERT INTO `employee` VALUES (1938, 'javaboy666', '男', '2019-11-10', '610122199911111111', '已婚', 1, '广东', 13, '123@qq.com', '12345678901', '广东深圳', 78, 9, 29, '劳动合同', '本科', '信管', '深圳大学', '2019-11-10', '在职', '00000063', 3.25, '2020-02-10', NULL, '2019-11-10', '2023-02-22', NULL);
INSERT INTO `employee` VALUES (1939, 'javaboy666', '男', '2019-11-10', '610122199911111111', '已婚', 1, '广东', 13, '123@qq.com', '12345678901', '广东深圳', 78, 9, 29, '劳动合同', '本科', '信管', '深圳大学', '2019-11-10', '在职', '00000063', 3.25, '2020-02-10', NULL, '2019-11-10', '2023-02-22', NULL);
INSERT INTO `employee` VALUES (1940, 'javaboy', '男', '2017-11-01', '610144199905059999', '已婚', 1, '广东', 13, '584991843@qq.com', '18564447789', '广东深圳', 85, 9, 29, '劳动合同', '本科', '信息管理与信息系统', '深圳大学', '2019-11-24', '在职', '00000064', 3, '2020-01-10', NULL, '2019-11-24', '2022-11-27', NULL);
INSERT INTO `employee` VALUES (1941, 'javaboy', '男', '2019-11-24', '610144199905056666', '已婚', 1, '广东', 13, '584991843@qq.com', '18566667777', '广东深圳', 89, 9, 29, '劳动合同', '本科', '计算机科学', '深圳大学', '2019-11-24', '在职', '00000065', 3, '2020-02-23', NULL, '2019-11-24', '2022-11-27', NULL);
INSERT INTO `employee` VALUES (11113, 'javaboy', '男', '1989-12-30', '610122199001011256', '已婚', 1, '陕西', 13, 'laowang@qq.com', '18565558897', '深圳市南山区', NULL, 9, 29, '劳务合同', '本科', '信息管理与信息系统', '深圳大学', '2017-12-30', '在职', '00000066', 2, '2018-03-30', NULL, '2017-12-30', '2019-12-30', NULL);
INSERT INTO `employee` VALUES (11117, 'waynen11', '男', '2020-02-02', '610122199001011256', '已婚', 1, '1', 4, '21321@qq.com', '12163985890', '11', 86, 10, 30, '劳动合同', '小学', '1', '1', '2020-02-23', NULL, '00000067', 0.08, '2020-02-22', NULL, '2020-02-22', '2020-03-17', NULL);
INSERT INTO `employee` VALUES (11118, '云星', '女', '1993-01-05', '610122199301054789', '已婚', 1, '陕西西安', 1, 'yunxing@qq.com', '15644442252', '陕西西安新城区', 92, 16, 34, '劳务合同', '硕士', '通信工程', '西安电子科技学校', '2018-01-01', '在职', '00000006', 5.25, '2018-04-01', NULL, '2018-01-01', '2023-04-13', NULL);
INSERT INTO `employee` VALUES (11119, '贾旭明', '男', '1993-11-11', '610122199311111234', '已婚', 1, '广东广州', 4, 'jiaxuming@qq.com', '15644441234', '广东省广州市天河区冼村路', 78, 15, 33, '劳务合同', '初中', '通信工程', '西北大学', '2018-01-01', '在职', '00000007', 5.25, '2018-04-01', NULL, '2018-01-01', '2023-04-13', NULL);
INSERT INTO `employee` VALUES (11120, 'wa2', '男', '2020-01-27', '350623199303155172', '未婚', 1, '11', 1, '113231@qq.com', '12163985890', '11', 82, 9, 29, '劳务合同', '小学', '222', '11', '2020-02-23', NULL, '00000068', 0.08, '2020-02-22', NULL, '2020-02-16', '2020-02-29', NULL);
INSERT INTO `employee` VALUES (11121, '1212', '男', '2020-02-02', '350623199303155172', '已婚', 1, '1', 1, '113213@qq.com', '3123', '321', 86, 9, 30, '劳务合同', '初中', '321', '31231', '2020-02-23', NULL, '00000069', 0.08, '2020-02-16', NULL, '2020-02-23', '2020-03-01', NULL);
INSERT INTO `employee` VALUES (11122, 'javaboy', '男', '1989-12-30', '610122199001011256', '已婚', 1, '陕西', 13, 'laowang@qq.com', '18565558897', '深圳市南山区', 91, 9, 29, '劳务合同', '本科', '信息管理与信息系统', '深圳大学', '2017-12-30', '在职', '00000070', 2, '2018-03-30', NULL, '2017-12-30', '2019-12-30', NULL);

-- ----------------------------
-- Table structure for fish_kw_price
-- ----------------------------
DROP TABLE IF EXISTS `fish_kw_price`;
CREATE TABLE `fish_kw_price`  (
  `id` int(0) NOT NULL AUTO_INCREMENT,
  `kw` varchar(255) CHARACTER SET utf8mb4 COLLATE utf8mb4_general_ci NULL DEFAULT NULL,
  `price` int(0) NULL DEFAULT NULL COMMENT '猎人价格',
  `enabled` int(1) UNSIGNED ZEROFILL NULL DEFAULT NULL,
  PRIMARY KEY (`id`) USING BTREE
) ENGINE = InnoDB AUTO_INCREMENT = 105 CHARACTER SET = utf8mb4 COLLATE = utf8mb4_general_ci ROW_FORMAT = Dynamic;

-- ----------------------------
-- Records of fish_kw_price
-- ----------------------------
INSERT INTO `fish_kw_price` VALUES (104, 'ps怪物猎人', 255, 1);

-- ----------------------------
-- Table structure for fish_stock
-- ----------------------------
DROP TABLE IF EXISTS `fish_stock`;
CREATE TABLE `fish_stock`  (
  `id` int(0) NOT NULL AUTO_INCREMENT,
  `kw` varchar(255) CHARACTER SET utf8mb4 COLLATE utf8mb4_general_ci NULL DEFAULT NULL,
  `title` varchar(255) CHARACTER SET utf8mb4 COLLATE utf8mb4_general_ci NULL DEFAULT NULL,
  `price` int(0) NULL DEFAULT NULL,
  `mailing` varchar(255) CHARACTER SET utf8mb4 COLLATE utf8mb4_general_ci NULL DEFAULT NULL,
  `user` varchar(255) CHARACTER SET utf8mb4 COLLATE utf8mb4_general_ci NULL DEFAULT NULL,
  `detail` varchar(255) CHARACTER SET utf8mb4 COLLATE utf8mb4_general_ci NULL DEFAULT NULL,
  `count` int(0) NULL DEFAULT NULL COMMENT '在我数据库出现的次数',
  `etl_date` varchar(255) CHARACTER SET utf8mb4 COLLATE utf8mb4_general_ci NULL DEFAULT NULL,
  `etl_time` varchar(255) CHARACTER SET utf8mb4 COLLATE utf8mb4_general_ci NULL DEFAULT NULL,
  `view_text` varchar(255) CHARACTER SET utf8mb4 COLLATE utf8mb4_general_ci NULL DEFAULT NULL COMMENT '根据view文本判断是否符合规则发送过信息',
  PRIMARY KEY (`id`) USING BTREE
) ENGINE = InnoDB AUTO_INCREMENT = 87 CHARACTER SET = utf8mb4 COLLATE = utf8mb4_general_ci ROW_FORMAT = Dynamic;

-- ----------------------------
-- Records of fish_stock
-- ----------------------------
INSERT INTO `fish_stock` VALUES (53, 'ps4怪物猎人冰原', 'PS4 怪物猎人世界冰原 铁盒 没有游戏 只是铁盒，没有游戏，包邮', 20, '不包邮', 'laughing_ms\n连续2天来过 发布于深圳', 'PS4 怪物猎人世界冰原 铁盒 没有游戏 \n只是铁盒，没有游戏，包邮', 0, '20200617', '11:16:34', 'PS4 怪物猎人世界冰原 铁盒 没有游戏 只是铁盒，没有游戏，包邮#19.0#83人想要');
INSERT INTO `fish_stock` VALUES (54, 'ps4怪物猎人冰原', 'ps4 怪物猎人 世界 冰原  存档修改 sw存档修改', 40, '包邮', 'gouzijun\n7小时前来过 发布于北京', 'ps4 怪物猎人 世界 冰原  存档修改 sw\n存档修改 \n已经支持最新版本v13.50\n\n追加渣渣辉素材，活动道具等。。\n\n可修改内容:\n\n进度替换\n1.金钱\n2.调查点\n3.可改名字\n3.聚魔之地全诱饵，全地区七级\n3.所有素材 道具 珠子的数量999，可以无中生有\n\n1.修改内容全素材，弹药，药瓶，宝珠，全武器装备外观装备武器店里直接造。\n\n别的游戏也可以修改，欢迎咨询\n\n\n空位不多，现在拍下，可直接改。', 0, '20200617', '11:16:44', 'ps4 怪物猎人 世界 冰原  存档修改 sw存档修改#40.0#94人想要');
INSERT INTO `fish_stock` VALUES (55, 'ps4怪物猎人冰原', 'PS4怪物猎人世界冰原存档修改MHWI替换装备金钱素材武器宝 珠联动！！！', 25, '包邮', 'tb795480244\n连续5天来过 发布于泉州', 'PS4怪物猎人世界冰原存档修改MHWI替换\n装备金钱素材武器宝 珠联动！！！', 0, '20200617', '11:16:54', 'PS4怪物猎人世界冰原存档修改MHWI替换装备金钱素材武器宝 珠联动！！！#25.0#7人想要');
INSERT INTO `fish_stock` VALUES (56, 'ps4怪物猎人冰原', 'ps4 怪物猎人 游戏碟无划痕 带盒', 180, '包邮', '综合排序', '区域', 0, '20200617', '14:16:48', 'ps4 怪物猎人 游戏碟无划痕 带盒#180.0#2人想要');
INSERT INTO `fish_stock` VALUES (57, 'ps4怪物猎人冰原', 'UCG 怪物猎人＋冰原世界 典藏攻略本', 200, '包邮', '西凉马小强\n4小时前来过 发布于温州', 'UCG 怪物猎人＋冰原世界 典藏攻略本 \n两本全新。带盘。\n别再以为这是ps4版了。', 0, '20200617', '14:17:00', 'UCG 怪物猎人＋冰原世界 典藏攻略本#200.0#1人想要');
INSERT INTO `fish_stock` VALUES (58, 'ps4怪物猎人冰原', '怪物猎人世界', 68, '包邮', '曾凡西子cici\n8分钟前来过 发布于武汉', '怪物猎人世界\n中文版！\n九成五新，无划痕！\n无质量问题不退不换！', 0, '20200617', '14:17:12', '怪物猎人世界#68.0#1人想要');
INSERT INTO `fish_stock` VALUES (59, 'ps4怪物猎人冰原', 'PS4正版游戏怪物猎人世界 游戏版本：铁盒版 语种分类：繁体 中文 游戏版本：正版/原版游戏软件 语种分类：英语 游戏版本：完全版 游戏类型：ACT动作游戏', 68, '包邮', '金龙凤世佳\n4小时前来过 发布于廊坊', 'PS4正版游戏怪物猎人世界 游戏版本：铁盒版 语种分类：繁体中文 游戏版本：正版/原版游戏软件 语种分类：英语 游戏版本：完全版 游戏类型：ACT动作游戏\n#playstation', 0, '20200617', '14:17:24', 'PS4正版游戏怪物猎人世界 游戏版本：铁盒版 语种分类：繁体 中文 游戏版本：正版/原版游戏软件 语种分类：英语 游戏版本：完全版 游戏类型：ACT动作游戏#68.0#120');
INSERT INTO `fish_stock` VALUES (60, 'ps4怪物猎人冰原', 'UCG 怪物猎人＋冰原世界 典藏攻略本', 200, '包邮', '综合排序', '区域', 0, '20200617', '14:33:03', 'UCG 怪物猎人＋冰原世界 典藏攻略本#200.0#2人想要');
INSERT INTO `fish_stock` VALUES (61, 'ps4怪物猎人冰原', 'PS4正版游戏怪物猎人世界 游戏版本：铁盒版 语种分类：繁体 中文 游戏版本：正版/原版游戏软件 语种分类：英语 游戏版本：完全版 游戏类型：ACT动作游戏', 68, '包邮', '金龙凤世佳\n4小时前来过 发布于廊坊', 'PS4正版游戏怪物猎人世界 游戏版本：铁盒版 语种分类：繁体中文 游戏版本：正版/原版游戏软件 语种分类：英语 游戏版本：完全版 游戏类型：ACT动作游戏\n#playstation', 0, '20200617', '14:33:15', 'PS4正版游戏怪物猎人世界 游戏版本：铁盒版 语种分类：繁体 中文 游戏版本：正版/原版游戏软件 语种分类：英语 游戏版本：完全版 游戏类型：ACT动作游戏#68.0#1人想要');
INSERT INTO `fish_stock` VALUES (62, 'ps4怪物猎人冰原', '怪物猎人世界', 68, '包邮', '曾凡西子cici\n25分钟前来过 发布于武汉', '怪物猎人世界\n中文版！\n九成五新，无划痕！\n无质量问题不退不换！', 0, '20200617', '14:33:26', '怪物猎人世界#68.0#2人想要');
INSERT INTO `fish_stock` VALUES (63, 'ps4怪物猎人冰原', 'ps4 怪物猎人世界 冰原 存档修改，sw修改，可改pt 装 备素材 物品，技能珠子，钱，等等，也可替换存档改签，等，其他各种游戏也能修改，满足你需要，诚信交易！', 30, '包邮', '细选', 'ps4 怪物猎人世界 冰原 存档修改，sw修改，可改pt 装 备素材 物品，技能珠子，钱，等等，也可替换存档改签，等，其他各种游戏也能修改，满足你需要，诚信交易！\n￥\n30\n14人想要\n广东', 0, '20200617', '14:33:42', 'ps4 怪物猎人世界 冰原 存档修改，sw修改，可改pt 装 备素材 物品，技能珠子，钱，等等，也可替换存档改签，等，其他各种游戏也能修改，满足你需要，诚信交易！#30.0#14人想要');
INSERT INTO `fish_stock` VALUES (64, 'ps4怪物猎人冰原', 'ps4 怪物猎人世界 冰原 存档修改，sw修改，可改pt 装 备素材 物品，技能珠子，钱，等等，也可替换存档改签，等，其他各种游戏也能修改，满足你需要，诚信交易！', 30, '包邮', '综合排序', '区域', 0, '20200617', '14:50:08', 'ps4 怪物猎人世界 冰原 存档修改，sw修改，可改pt 装 备素材 物品，技能珠子，钱，等等，也可替换存档改签，等，其他各种游戏也能修改，满足你需要，诚信交易！#30.0#15人想要');
INSERT INTO `fish_stock` VALUES (65, 'ps4怪物猎人冰原', 'ps4怪物猎人冰原存档修改  13.5更新狱狼龙 ps4  存档 修改   怪猎   怪物猎人 世界 冰原  狱狼龙--------------------------------------------', 30, '不包邮', 'ps4 怪物猎人 游戏碟无划痕 带盒\n￥\n180\n2人想要\n广东', '细选', 0, '20200617', '14:50:23', 'ps4怪物猎人冰原存档修改  13.5更新狱狼龙 ps4  存档 修改   怪猎   怪物猎人 世界 冰原  狱狼龙--------------------------------------------#29.0#9人想要');
INSERT INTO `fish_stock` VALUES (66, 'ps4怪物猎人冰原', 'ps4怪物猎人 日版中文，一手自用盘，无痕', 80, '包邮', '怪物猎人冰原中文完全版，ps4游戏碟自己玩过的 ，因为p4送 给别人了，现在便宜出掉，可包邮可小刀\n￥\n286\n2人想要\n广东', '怪物猎人世界 ps4 非冰原 ，自提减10元，盘无痕。 带盒子，无痕。爽快的包邮。通关出手了\n￥\n60\n2人想要\n浙江', 0, '20200617', '14:50:38', 'ps4怪物猎人 日版中文，一手自用盘，无痕#80.0#4人想要');
INSERT INTO `fish_stock` VALUES (67, 'ps4怪物猎人冰原', '怪物猎人世界 ps4 非冰原 ，自提减10元，盘无痕。 带盒子，无痕。爽快的包邮。通关出手了', 60, '包邮', 'zzy99001\n3天前来过 发布于台州', '怪物猎人世界 ps4 非冰原 ，自提减10元，盘无痕。 带盒子，无痕。爽快的包邮。通关出手了', 0, '20200617', '14:50:50', '怪物猎人世界 ps4 非冰原 ，自提减10元，盘无痕。 带盒子，无痕。爽快的包邮。通关出手了#60.0#2人想要');
INSERT INTO `fish_stock` VALUES (68, 'ps4怪物猎人冰原', 'ps4怪物猎人冰原  首发特点码  懂的人才拍 港服 都是测 试过再发出。拍下付款，拍照发出。', 28, '包邮', '平凡的25\n刚刚擦亮 发布于广州', 'ps4怪物猎人冰原  首发特点码  懂的人才拍 港服 都是测 试过再发出。拍下付款，拍照发出。', 0, '20200617', '14:51:02', 'ps4怪物猎人冰原  首发特点码  懂的人才拍 港服 都是测 试过再发出。拍下付款，拍照发出。#28.0#9人想要');
INSERT INTO `fish_stock` VALUES (69, 'ps4怪物猎人冰原', '索尼PS4游戏   使命召唤14中文版   100   包邮       无封面，盘略有划痕，不影响使用。', 100, '包邮', '高大上的政哥哥\n23小时前来过 发布于达州', '索尼PS4游戏   使命召唤14中文版   100   包邮      无封面，盘略有划痕，不影响使用。', 0, '20200617', '14:51:14', '索尼PS4游戏   使命召唤14中文版   100   包邮       无封面，盘略有划痕，不影响使用。#100.0#7人想要');
INSERT INTO `fish_stock` VALUES (70, 'ps4怪物猎人冰原', 'ps4 怪物猎人 世界 完全攻略 1.5买不了吃亏上当 在线 秒发！更多攻略可咨询！另有冰原攻略 新店冲销量 两个一起3块 最全的了！在线秒发！另外本店重磅上新 冰原典藏攻略本 只要5元！私信我有惊喜哦！', 2, '不包邮', 'ps4 怪物猎人 世界 完全攻略 1.5买不了吃亏上当 在线 秒发！更多攻略可咨询！另有冰原攻略 新店冲销量 两个一起3块 最全的了！在线秒发！另外本店重磅上新 冰原典藏攻略本 只要5元！私信我有惊喜哦！\n￥\n1\n.50\n42人想要\n辽宁', '手打代过剧情 刷珠子 上位下位师位都打\n￥\n0\n.06\n辽宁', 0, '20200617', '14:51:30', 'ps4 怪物猎人 世界 完全攻略 1.5买不了吃亏上当 在线 秒发！更多攻略可咨询！另有冰原攻略 新店冲销量 两个一起3块 最全的了！在线秒发！另外本店重磅上新 冰原典藏攻略本 只要5元！私信我有惊喜哦！#1.0#42人想要');
INSERT INTO `fish_stock` VALUES (71, 'ps4怪物猎人冰原', '怪物猎人世界 ps4 非冰原 ，自提减10元，盘无痕。 带盒子，无痕。爽快的包邮。通关出手了', 60, '包邮', '综合排序', '区域', 0, '20200617', '15:03:34', '怪物猎人世界 ps4 非冰原 ，自提减10元，盘无痕。 带盒子，无痕。爽快的包邮。通关出手了#60.0#3人想要');
INSERT INTO `fish_stock` VALUES (72, 'ps4怪物猎人冰原', 'ps4怪物猎人冰原  首发特点码  懂的人才拍 港服 都是测 试过再发出。拍下付款，拍照发出。', 28, '包邮', '平凡的25\n刚刚擦亮 发布于广州', 'ps4怪物猎人冰原  首发特点码  懂的人才拍 港服 都是测 试过再发出。拍下付款，拍照发出。', 0, '20200617', '15:03:46', 'ps4怪物猎人冰原  首发特点码  懂的人才拍 港服 都是测 试过再发出。拍下付款，拍照发出。#28.0#10人想要');
INSERT INTO `fish_stock` VALUES (73, 'ps4怪物猎人冰原', '索尼PS4游戏   使命召唤14中文版   100   包邮       无封面，盘略有划痕，不影响使用。', 100, '包邮', '高大上的政哥哥\n23小时前来过 发布于达州', '索尼PS4游戏   使命召唤14中文版   100   包邮      无封面，盘略有划痕，不影响使用。', 0, '20200617', '15:03:58', '索尼PS4游戏   使命召唤14中文版   100   包邮       无封面，盘略有划痕，不影响使用。#100.0#8人想要');
INSERT INTO `fish_stock` VALUES (74, 'ps4怪物猎人冰原', '手打代过剧情 刷珠子 上位下位师位都打', 0, '不包邮', '细选', 'ps4怪物猎人 日版中文，一手自用盘，无痕\n￥\n80\n5人想要\n福建', 0, '20200617', '15:04:15', '手打代过剧情 刷珠子 上位下位师位都打#0.0#.06');
INSERT INTO `fish_stock` VALUES (75, 'ps4怪物猎人冰原', 'ps4怪物猎人 日版中文，一手自用盘，无痕', 80, '包邮', 'tb7201306116\n连续4天来过 发布于泉州', 'ps4怪物猎人 日版中文，一手自用盘，无痕\n感兴趣的话点“我想要”和我私聊吧～', 0, '20200617', '15:04:26', 'ps4怪物猎人 日版中文，一手自用盘，无痕#80.0#5人想要');
INSERT INTO `fish_stock` VALUES (76, 'ps4怪物猎人冰原', 'ps4 怪物猎人 世界 完全攻略 1.5买不了吃亏上当 在线 秒发！更多攻略可咨询！另有冰原攻略 新店冲销量 两个一起3块 最全的了！在线秒发！另外本店重磅上新 冰原典藏攻略本 只要5元！私信我有惊喜哦！', 2, '不包邮', '细选', 'ps4怪物猎人 日版中文，一手自用盘，无痕\n￥\n80\n5人想要\n福建', 0, '20200617', '15:04:39', 'ps4 怪物猎人 世界 完全攻略 1.5买不了吃亏上当 在线 秒发！更多攻略可咨询！另有冰原攻略 新店冲销量 两个一起3块 最全的了！在线秒发！另外本店重磅上新 冰原典藏攻略本 只要5元！私信我有惊喜哦！#1.0#43人想要');
INSERT INTO `fish_stock` VALUES (77, 'ps4怪物猎人冰原', '手打代过剧情 刷珠子 上位下位师位都打', 0, '不包邮', 'viva39199209\n连续2天来过 发布于营口', '手打代过剧情 刷珠子 上位下位师位都打\nps4怪物猎人世界冰原mhwl', 0, '20200617', '15:10:13', '手打代过剧情 刷珠子 上位下位师位都打#0.0#1人想要');
INSERT INTO `fish_stock` VALUES (78, 'ps4怪物猎人冰原', '怪物猎人世界 ps4游戏，港中，光盘无划痕，首发买的，本体无 冰原dlc', 70, '包邮', 'song1926\n连续3天来过 发布于青岛', '怪物猎人世界 ps4游戏，港中，光盘无划痕，首发买的，本体无冰原dlc', 0, '20200617', '15:12:53', '怪物猎人世界 ps4游戏，港中，光盘无划痕，首发买的，本体无 冰原dlc#70.0#400');
INSERT INTO `fish_stock` VALUES (79, 'ps4怪物猎人冰原', 'PS4正版游戏怪物猎人世界 游戏版本： 语种分类：繁体中文  游戏版本：正版/原版游戏软件 语种分类：英语 游戏版本：完全版 游戏类型：ACT动作游戏', 79, '不包邮', 'lj6708966\n37分钟前来过 发布于昆明', 'PS4正版游戏怪物猎人世界 游戏版本： 语种分类：繁体中文 游戏版本：正版/原版游戏软件 语种分类：英语 游戏版本：完全版 游戏类型：ACT动作游戏\nMHW怪物猎人港中版，9.9新箱说全\n##优选', 0, '20200617', '15:13:06', 'PS4正版游戏怪物猎人世界 游戏版本： 语种分类：繁体中文  游戏版本：正版/原版游戏软件 语种分类：英语 游戏版本：完全版 游戏类型：ACT动作游戏#67.0#2人想要');
INSERT INTO `fish_stock` VALUES (80, 'ps4怪物猎人冰原', '怪物猎人世界 ps4游戏，港中，光盘无划痕，首发买的，本体无 冰原dlc', 70, '包邮', '综合排序', '', 0, '20200617', '15:19:30', '怪物猎人世界 ps4游戏，港中，光盘无划痕，首发买的，本体无 冰原dlc#70.0#1人想要');
INSERT INTO `fish_stock` VALUES (81, 'ps4怪物猎人冰原', 'ps4怪物猎人冰原  首发特点码  懂的人才拍 港服 都是测 试过再发出。拍下付款，拍照发出。', 28, '包邮', '平凡的25\n3小时前来过 发布于广州', 'ps4怪物猎人冰原  首发特点码  懂的人才拍 港服 都是测 试过再发出。拍下付款，拍照发出。', 0, '20200617', '17:26:02', 'ps4怪物猎人冰原  首发特点码  懂的人才拍 港服 都是测 试过再发出。拍下付款，拍照发出。#28.0#12人想要');
INSERT INTO `fish_stock` VALUES (82, 'ps4怪物猎人冰原', '怪物猎人世界 ps4游戏，港中，光盘无划痕，首发买的，本体无 冰原dlc', 70, '包邮', 'song1926\n18分钟前来过 发布于青岛', '怪物猎人世界 ps4游戏，港中，光盘无划痕，首发买的，本体无冰原dlc', 0, '20200623', '15:14:16', '怪物猎人世界 ps4游戏，港中，光盘无划痕，首发买的，本体无 冰原dlc#70.0#3人想要');
INSERT INTO `fish_stock` VALUES (83, 'ps4怪物猎人冰原', 'ps4 怪物猎人世界 首发特典 不是游戏本体，不是冰原dlc，是首发特典！港服兑换，不议价。', 5, '包邮', 'tb547294291\n30分钟前来过 发布于济南', 'ps4 怪物猎人世界 首发特典 不是游戏本体，不是冰原dlc，是首发特典！港服兑换，不议价。', 0, '20200623', '15:14:27', 'ps4 怪物猎人世界 首发特典 不是游戏本体，不是冰原dlc，是首发特典！港服兑换，不议价。#5.0#8人想要');
INSERT INTO `fish_stock` VALUES (84, '怪物猎人', '怪物猎人cfb钢龙重涂尸体，自己玩到一半没有热情了，当尸体出 了，适合重涂魔改', 205, '包邮', '不那么草率\n连续3天来过 发布于广州', '怪物猎人cfb钢龙重涂尸体，自己玩到一半没有热情了，当尸体出了，适合重涂魔改\n散货，自己把本体翅膀和底座做了一体化处理，现在不可拆卸了。会好好打包。', 0, '20200624', '16:25:14', '怪物猎人cfb钢龙重涂尸体，自己玩到一半没有热情了，当尸体出 了，适合重涂魔改#205.0#1人想要');
INSERT INTO `fish_stock` VALUES (85, '怪物猎人', 'capcom cfb怪物猎人正版手办非盒蛋冰麒麟，散货无盒', 225, '包邮', '颜晓笙\n连续2天来过 发布于泉州', 'capcom cfb怪物猎人正版手办非盒蛋冰麒麟，散货无盒\n感兴趣的话点“我想要”和我私聊吧～', 0, '20200624', '16:25:26', 'capcom cfb怪物猎人正版手办非盒蛋冰麒麟，散货无盒#225.0#2人想要');
INSERT INTO `fish_stock` VALUES (86, '怪物猎人', '怪物猎人cfb钢龙重涂尸体，自己玩到一半没有热情了，当尸体出 了，适合重涂魔改', 205, '包邮', '不那么草率\n连续3天来过 发布于广州', '怪物猎人cfb钢龙重涂尸体，自己玩到一半没有热情了，当尸体出了，适合重涂魔改\n散货，自己把本体翅膀和底座做了一体化处理，现在不可拆卸了。会好好打包。', 0, '20200624', '16:30:14', '怪物猎人cfb钢龙重涂尸体，自己玩到一半没有热情了，当尸体出 了，适合重涂魔改#205.0#2人想要');

-- ----------------------------
-- Table structure for good_key_word
-- ----------------------------
DROP TABLE IF EXISTS `good_key_word`;
CREATE TABLE `good_key_word`  (
  `id` int(4) UNSIGNED ZEROFILL NOT NULL AUTO_INCREMENT,
  `gid` int(4) UNSIGNED ZEROFILL NULL DEFAULT NULL,
  `base` varchar(20) CHARACTER SET utf8 COLLATE utf8_general_ci NULL DEFAULT NULL,
  `include1` varchar(20) CHARACTER SET utf8 COLLATE utf8_general_ci NULL DEFAULT NULL,
  `include2` varchar(20) CHARACTER SET utf8 COLLATE utf8_general_ci NULL DEFAULT NULL,
  `include3` varchar(20) CHARACTER SET utf8 COLLATE utf8_general_ci NULL DEFAULT NULL,
  `enclude1` varchar(20) CHARACTER SET utf8 COLLATE utf8_general_ci NULL DEFAULT NULL,
  `enclude2` varchar(20) CHARACTER SET utf8 COLLATE utf8_general_ci NULL DEFAULT NULL,
  `enclude3` varchar(20) CHARACTER SET utf8 COLLATE utf8_general_ci NULL DEFAULT NULL,
  PRIMARY KEY (`id`) USING BTREE
) ENGINE = InnoDB AUTO_INCREMENT = 17 CHARACTER SET = utf8 COLLATE = utf8_general_ci ROW_FORMAT = Dynamic;

-- ----------------------------
-- Records of good_key_word
-- ----------------------------
INSERT INTO `good_key_word` VALUES (0001, 0004, '女神异闻录', '5s', 'switch', NULL, 'ps4', '5r', NULL);
INSERT INTO `good_key_word` VALUES (0002, 0006, '怪物猎人', '冰原', '', NULL, '不', '', NULL);
INSERT INTO `good_key_word` VALUES (0003, 0011, '对马', '之', NULL, NULL, NULL, NULL, NULL);
INSERT INTO `good_key_word` VALUES (0004, 0013, '异度', '终极版', NULL, NULL, '2', NULL, NULL);
INSERT INTO `good_key_word` VALUES (0005, 0012, '路易鬼屋', '3', NULL, NULL, NULL, NULL, NULL);
INSERT INTO `good_key_word` VALUES (0006, 0015, '星之卡比', NULL, NULL, NULL, NULL, NULL, NULL);
INSERT INTO `good_key_word` VALUES (0007, 0014, '塞尔达', '荒野之息', NULL, NULL, NULL, NULL, NULL);
INSERT INTO `good_key_word` VALUES (0014, 0001, '女神异闻录', '5R', '皇家版', NULL, '不', NULL, NULL);
INSERT INTO `good_key_word` VALUES (0015, 0007, '地平线', '年度版', NULL, NULL, NULL, NULL, NULL);
INSERT INTO `good_key_word` VALUES (0016, 0008, '分手厨房', '1', '2', 'switch', '', '', '');

-- ----------------------------
-- Table structure for good_label
-- ----------------------------
DROP TABLE IF EXISTS `good_label`;
CREATE TABLE `good_label`  (
  `id` int(0) UNSIGNED NOT NULL AUTO_INCREMENT,
  `label` varchar(20) CHARACTER SET utf8 COLLATE utf8_general_ci NULL DEFAULT NULL,
  PRIMARY KEY (`id`) USING BTREE
) ENGINE = InnoDB AUTO_INCREMENT = 3 CHARACTER SET = utf8 COLLATE = utf8_general_ci ROW_FORMAT = Dynamic;

-- ----------------------------
-- Records of good_label
-- ----------------------------
INSERT INTO `good_label` VALUES (1, 'PS4');
INSERT INTO `good_label` VALUES (2, 'NS');

-- ----------------------------
-- Table structure for good_main
-- ----------------------------
DROP TABLE IF EXISTS `good_main`;
CREATE TABLE `good_main`  (
  `id` int(4) UNSIGNED ZEROFILL NOT NULL AUTO_INCREMENT,
  `label` varchar(10) CHARACTER SET utf8 COLLATE utf8_general_ci NULL DEFAULT NULL,
  `name` varchar(30) CHARACTER SET utf8 COLLATE utf8_general_ci NULL DEFAULT NULL,
  PRIMARY KEY (`id`) USING BTREE
) ENGINE = InnoDB AUTO_INCREMENT = 16 CHARACTER SET = utf8 COLLATE = utf8_general_ci ROW_FORMAT = Dynamic;

-- ----------------------------
-- Records of good_main
-- ----------------------------
INSERT INTO `good_main` VALUES (0001, 'PS4', '女神异闻录5R皇家版');
INSERT INTO `good_main` VALUES (0002, 'PS4', '女神异闻录5');
INSERT INTO `good_main` VALUES (0003, 'PS4', '女神异闻录5S');
INSERT INTO `good_main` VALUES (0004, 'NS', '女神异闻录5S');
INSERT INTO `good_main` VALUES (0005, 'NS', '宝可梦剑盾');
INSERT INTO `good_main` VALUES (0006, 'PS4', '怪物猎人世界');
INSERT INTO `good_main` VALUES (0007, 'PS4', '地平线年度版');
INSERT INTO `good_main` VALUES (0008, 'NS', '分手厨房1+2');
INSERT INTO `good_main` VALUES (0009, 'PS4', '分手厨房1+2');
INSERT INTO `good_main` VALUES (0010, 'PS4', '只狼');
INSERT INTO `good_main` VALUES (0011, 'PS4', '对马之魂');
INSERT INTO `good_main` VALUES (0012, 'NS', '路易鬼屋3');
INSERT INTO `good_main` VALUES (0013, 'NS', '异度神剑终极版');
INSERT INTO `good_main` VALUES (0014, 'NS', '塞尔达传说荒野之息');
INSERT INTO `good_main` VALUES (0015, 'NS', '星之卡比');

-- ----------------------------
-- Table structure for good_price_diff
-- ----------------------------
DROP TABLE IF EXISTS `good_price_diff`;
CREATE TABLE `good_price_diff`  (
  `ID` int(4) UNSIGNED ZEROFILL NOT NULL AUTO_INCREMENT,
  `GID` int(4) UNSIGNED ZEROFILL NULL DEFAULT NULL,
  `MYPRICE` float(10, 1) NULL DEFAULT NULL,
  `SID` int(4) UNSIGNED ZEROFILL NULL DEFAULT NULL,
  `SPRICE` float(10, 1) NULL DEFAULT NULL,
  PRIMARY KEY (`ID`) USING BTREE
) ENGINE = InnoDB AUTO_INCREMENT = 1 CHARACTER SET = utf8 COLLATE = utf8_general_ci ROW_FORMAT = Dynamic;

-- ----------------------------
-- Table structure for good_stock
-- ----------------------------
DROP TABLE IF EXISTS `good_stock`;
CREATE TABLE `good_stock`  (
  `id` int(4) UNSIGNED ZEROFILL NOT NULL AUTO_INCREMENT,
  `gid` int(4) UNSIGNED ZEROFILL NULL DEFAULT NULL,
  `price` float NULL DEFAULT 0,
  `stock` int(0) NULL DEFAULT NULL,
  `comment` varchar(255) CHARACTER SET utf8mb4 COLLATE utf8mb4_general_ci NULL DEFAULT NULL,
  PRIMARY KEY (`id`) USING BTREE
) ENGINE = InnoDB AUTO_INCREMENT = 42 CHARACTER SET = utf8mb4 COLLATE = utf8mb4_general_ci ROW_FORMAT = Dynamic;

-- ----------------------------
-- Records of good_stock
-- ----------------------------
INSERT INTO `good_stock` VALUES (0001, 0004, 300, 3, NULL);
INSERT INTO `good_stock` VALUES (0034, NULL, 299, 1, NULL);
INSERT INTO `good_stock` VALUES (0035, 0006, 255, 1, NULL);
INSERT INTO `good_stock` VALUES (0036, 0005, NULL, 1, NULL);
INSERT INTO `good_stock` VALUES (0037, 0011, 365, 2, NULL);
INSERT INTO `good_stock` VALUES (0038, 0013, 179, 1, NULL);
INSERT INTO `good_stock` VALUES (0039, 0014, 309, 1, NULL);
INSERT INTO `good_stock` VALUES (0040, 0015, 259, 1, NULL);
INSERT INTO `good_stock` VALUES (0041, 0008, 199, 1, NULL);

-- ----------------------------
-- Table structure for good_warning
-- ----------------------------
DROP TABLE IF EXISTS `good_warning`;
CREATE TABLE `good_warning`  (
  `ID` int(4) UNSIGNED ZEROFILL NOT NULL AUTO_INCREMENT,
  `GID` int(4) UNSIGNED ZEROFILL NULL DEFAULT NULL,
  `WARNING` varchar(10) CHARACTER SET utf8 COLLATE utf8_general_ci NULL DEFAULT NULL,
  PRIMARY KEY (`ID`) USING BTREE
) ENGINE = InnoDB AUTO_INCREMENT = 1 CHARACTER SET = utf8 COLLATE = utf8_general_ci ROW_FORMAT = Dynamic;

-- ----------------------------
-- Table structure for goods
-- ----------------------------
DROP TABLE IF EXISTS `goods`;
CREATE TABLE `goods`  (
  `id` int(0) NOT NULL AUTO_INCREMENT,
  `etl_date` varchar(20) CHARACTER SET utf8mb4 COLLATE utf8mb4_general_ci NULL DEFAULT NULL,
  `etl_time` varchar(20) CHARACTER SET utf8mb4 COLLATE utf8mb4_general_ci NULL DEFAULT NULL,
  `shop` varchar(255) CHARACTER SET utf8mb4 COLLATE utf8mb4_general_ci NULL DEFAULT NULL COMMENT '店铺名',
  `kw` varchar(255) CHARACTER SET utf8mb4 COLLATE utf8mb4_general_ci NULL DEFAULT NULL COMMENT '关键词',
  `title` varchar(100) CHARACTER SET utf8mb4 COLLATE utf8mb4_general_ci NULL DEFAULT NULL COMMENT '宝贝',
  `price` float NULL DEFAULT NULL COMMENT '价格',
  `sales` int(0) NULL DEFAULT NULL COMMENT '销量',
  `freight` float NULL DEFAULT NULL COMMENT '运费',
  `img_url` varchar(1000) CHARACTER SET utf8mb4 COLLATE utf8mb4_general_ci NULL DEFAULT NULL COMMENT '图片链接',
  `comment` varchar(100) CHARACTER SET utf8mb4 COLLATE utf8mb4_general_ci NULL DEFAULT NULL COMMENT '标识0 1 2 3',
  `detail_url` varchar(1000) CHARACTER SET utf8mb4 COLLATE utf8mb4_general_ci NULL DEFAULT NULL COMMENT '宝贝连接',
  PRIMARY KEY (`id`) USING BTREE
) ENGINE = InnoDB AUTO_INCREMENT = 242348 CHARACTER SET = utf8mb4 COLLATE = utf8mb4_general_ci ROW_FORMAT = Dynamic;

-- ----------------------------
-- Records of goods
-- ----------------------------
INSERT INTO `goods` VALUES (300, '20200921', '07:35:11', 'rongli007', 'NS女神异闻录5S', '任天堂switch eshop港服NS充', 88, 2151, 0, '//g-search1.alicdn.com/img/bao/uploaded/i4/imgextra/i4/126378715/O1CN01Twuqh12EFWJPz6DSq_!!2-saturn_solar.png', NULL, 'https://click.simba.taobao.com/cc_im?p=NS%C5%AE%C9%F1%D2%EC%CE%C5%C2%BC5S&s=895305254&k=621&e=ktHKTgEH8yOQFLAE%2Fj%2BU%2B%2Bgy3xKZ1KXU9HDkh2Y%2BwGx9onFeKsumrQtE%2BSmG%2BE%2Bpd1rxBqMf1ii1VxradptQRC3KL1EOvq%2BpGx0vS8F50d%2BIMpK6sqhO16UkuAMYGXBt%2BZuaSDiWIZ5CBF%2FhpgvG4NV306twgAOpahNytOqnNMSUz73CmPc5yvqW5hLR34A6mJaqIUebYU4JnvwtGoeJZuav4s3YFUFvPNB%2BNUht%2BBytRyTs67ynPnUjKKia7QoefPwTlqAVArp6UhhLx7D3sIbVlVF8BzArsBbtuTd4RJEnEgMV6ZeK5ZshH2Kse9c%2FEtpGJZvC6%2BCiH9sV%2F2WhoPecrDRELLF3HkgnifrHjzTuZVHGOUj9hLbCtZFlfE81jamb0x2UQLoiuIMEywVgXXWWJs12nuett3lOMIEna0gKRu48n5S5TcUBDiGlBablSq9m7b1IyiezKLil7xEdiDood3JSfapIl%2BjuRK5VzNa05RbxjYhtAbk%2BaWRtm9M%2BBlQrQNfLaBzH2FvUu6V665dK4VXawoeGtGppCgZpaL3nkUUEx5T%2Fe85uCWV%2BF%2BU4pFvAtxw10%2B%2FS%2FbyNbPsrrjZEj%2BjfcxudbWgdQT1ETx0%3D#detail');
INSERT INTO `goods` VALUES (301, '20200921', '07:35:11', '莫尔康数码专营店', 'NS女神异闻录5S', 'eshop点卡 任天堂点卡 switch充值卡 ns点卡', 40, 2236, 0, '//g-search1.alicdn.com/img/bao/uploaded/i4/imgextra/i4/29469916/O1CN018K3T5U2N7ZyfoBtNh_!!0-saturn_solar.jpg', NULL, 'https://click.simba.taobao.com/cc_im?p=NS%C5%AE%C9%F1%D2%EC%CE%C5%C2%BC5S&s=895305254&k=609&e=AWTfn1i6gCuQFLAE%2Fj%2BU%2B%2Bgy3xKZ1KXU9HDkh2Y%2BwGx9onFeKsumrQtE%2BSmG%2BE%2Bpd1rxBqMf1igvVcxDssKk8hac9zNeSN89Gx0vS8F50d%2BIMpK6sqhO16UkuAMYGXBt%2BZuaSDiWIZ5CBF%2FhpgvG4NV306twgAOpahNytOqnNMSUz73CmPc5yvqW5hLR34A6mJaqIUebYU4JnvwtGoeJZuav4s3YFUFvPNB%2BNUht%2BBytRyTs67ynPnUjKKia7QoefPwTlqAVArp6UhhLx7D3sIbVlVF8BzAr8fYKzZrWmjEECv8kYuE0ad2kML3UtqGakrxUSbQvkMBXVo3Kw2zJrp4U1G9QzY2U5GHxabirKkYY9dJeB0YvlS8RBJRI1UAaR%2B354%2B5fs4foPC8WoXVIVUv7WuSJJnjDEWZBtiPa5Q0Fax%2FmiO0zWBfDUJJIX6EfdsW1rnz47kdMzX59THEeuJ7GhHxS6oWvvUX7VEwoW5tRNlbbBu7mOvH2Cs2a1pox4LznTJ5WCfOG1ZVRfAcwKyp0Qb2PqYgKcvkIgM6BF3NekYHgc3N4OcChzX2tUhT9jozjEh2tVRi2EwrPybelyrIEPt7WuMO6');
INSERT INTO `goods` VALUES (302, '20200921', '07:35:11', '莫尔康数码专营店', 'NS女神异闻录5S', '任天堂点卡 ns港  ns预付卡 任天堂预付卡', 35, 856, 0, '//g-search1.alicdn.com/img/bao/uploaded/i4/imgextra/i3/29469916/O1CN01M95sAR2N7ZzDaLp5l_!!0-saturn_solar.jpg', NULL, 'https://click.simba.taobao.com/cc_im?p=NS%C5%AE%C9%F1%D2%EC%CE%C5%C2%BC5S&s=895305254&k=621&e=IE%2BGsEnFWneQFLAE%2Fj%2BU%2B%2Bgy3xKZ1KXU9HDkh2Y%2BwGx9onFeKsumrQtE%2BSmG%2BE%2Bpd1rxBqMf1igvVcxDssKk8q5JrvRt1YSVGx0vS8F50d%2BIMpK6sqhO16UkuAMYGXBt%2BZuaSDiWIZ5CBF%2FhpgvG4NV306twgAOpahNytOqnNMSUz73CmPc5yvqW5hLR34A6mJaqIUebYU4JnvwtGoeJZuav4s3YFUFvPNB%2BNUht%2BBytRyTs67ynPnUjKKia7QoefPwTlqAVArp6UhhLx7D3sIbVlVF8BzAr%2Bzq41k%2B9mQDhOST%2FOXje%2F5shH2Kse9c%2FEtpGJZvC6%2BCiH9sV%2F2WhoP00i0Rv35zhnE4d1yD4QrAnoLaw%2BFA2mtZK3K7npmi7eL5n27QNyyipdnZM3ROqYX3ImqqHaPRPwunNolpvzpUKRu48n5S5TR0GoaTuw7Qxm5qmLAhl7vLlfSUt2tOlUoVlsH3siprbYj6eopdFDRQx5V9OBcR%2BMPs6uNZPvZkA4Tkk%2Fzl43v%2Fd957Wkr%2BTo82jmmzNvn%2FC0lDcaK9xLU36Vx%2BPGegOwpzmjNCOApsTQ5VGq%2BxaN0zS%2FbyNbPsrrjZEj%2BjfcxudbWgdQT1ETx0%3D');
INSERT INTO `goods` VALUES (303, '20200921', '07:35:11', '索贵数码专营店', 'NS女神异闻录5S', '【现货速发】任天堂Switch游戏 NS卡带 女神异闻录5 乱战 魅影攻手 P5S 无双 中文', 335, 27, 12, '//g-search2.alicdn.com/img/bao/uploaded/i4/i3/2743454846/O1CN01N0i00i1lfVx7UhKzO_!!0-item_pic.jpg', NULL, '//detail.tmall.com/item.htm?id=611973832843&ns=1&abbucket=5');
INSERT INTO `goods` VALUES (304, '20200921', '07:35:11', '畅玩数码专营店', 'NS女神异闻录5S', '现货 switch游戏 女神异闻录5S 乱战 P5S NS游戏卡 女神5s 魅影攻手 怪盗无双 全新中文正版', 370, 7, 0, '//g-search1.alicdn.com/img/bao/uploaded/i4/i2/3946743952/O1CN01e8a0Vw1f43qe9SuXC_!!0-item_pic.jpg', NULL, '//detail.tmall.com/item.htm?id=617020535112&ns=1&abbucket=5');
INSERT INTO `goods` VALUES (305, '20200921', '07:35:11', '西盟电玩', 'NS女神异闻录5S', '任天堂Switch游戏 ns 女神异闻录5S 乱战 魅影攻手 P5S中文 现货', 325, 7, 12, '//g-search3.alicdn.com/img/bao/uploaded/i4/i3/2924723555/O1CN01VM4VtQ1c8EcU5vfu0_!!2924723555.jpg', NULL, '//item.taobao.com/item.htm?id=621008606301&ns=1&abbucket=5#detail');
INSERT INTO `goods` VALUES (306, '20200921', '07:35:11', '易游未尽商城', 'NS女神异闻录5S', '任天堂Switch游戏 ns 女神异闻录5S 乱战 魅影攻手 P5S中文现货', 328, 37, 12, '//g-search1.alicdn.com/img/bao/uploaded/i4/i1/2206636944657/O1CN01IZLgX11kGx3UdV7GS_!!2206636944657.jpg', NULL, '//item.taobao.com/item.htm?id=609523700260&ns=1&abbucket=5#detail');
INSERT INTO `goods` VALUES (307, '20200921', '07:35:11', 'lzy890420', 'NS女神异闻录5S', 'NS女神异闻录5S乱战魅影攻手P5S无双数字版租赁下载出租Switch', 163, 31, 0, '//g-search1.alicdn.com/img/bao/uploaded/i4/i2/3614764160/O1CN01OAsiMq1gbKEpNEp1A_!!3614764160.png', NULL, '//item.taobao.com/item.htm?id=620435334874&ns=1&abbucket=5#detail');
INSERT INTO `goods` VALUES (308, '20200921', '07:35:11', '千锤膏总代理', 'NS女神异闻录5S', 'Switch NS 女神异闻录5S P5S 存档修改 金手指 全面具 全物品满级', 29, 5, 0, '//g-search2.alicdn.com/img/bao/uploaded/i4/i1/261045695/O1CN01an3GYo1rwMBAN21cU_!!261045695.jpg', NULL, '//item.taobao.com/item.htm?id=612546578063&ns=1&abbucket=5#detail');
INSERT INTO `goods` VALUES (309, '20200921', '07:35:11', 'tb640429292', 'NS女神异闻录5S', 'NS女神异闻录5S乱战魅影攻手P5Sswitch中文出租数字版租赁下载版', 19, 21, 0, '//g-search2.alicdn.com/img/bao/uploaded/i4/i1/4043321792/O1CN01IVWTcF1P6mM8mftrZ_!!4043321792.png', NULL, '//item.taobao.com/item.htm?id=620363144829&ns=1&abbucket=5#detail');
INSERT INTO `goods` VALUES (310, '20200921', '07:35:11', 'akira360', 'NS女神异闻录5S', 'switch ns 女神异闻录5S 异度神剑 生化奇兵 ARMS 织梦岛 数字版', 1, 24, 0, '//g-search3.alicdn.com/img/bao/uploaded/i4/i3/390624301/TB28oR7fhnaK1RjSZFtXXbC2VXa_!!390624301.jpg', NULL, '//item.taobao.com/item.htm?id=578468252507&ns=1&abbucket=5#detail');
INSERT INTO `goods` VALUES (311, '20200921', '07:35:11', 'valkyria_chronicels', 'NS女神异闻录5S', 'PS4 NS Switch 女神异闻录5S P5S 存档修改 全面具满能力装备物品', 29, 19, 0, '//g-search3.alicdn.com/img/bao/uploaded/i4/i4/130532616/O1CN01bMpalp1VCAh0p5leh_!!130532616.jpg', NULL, '//item.taobao.com/item.htm?id=613060991065&ns=1&abbucket=5#detail');
INSERT INTO `goods` VALUES (312, '20200921', '07:35:11', 'avaterlv', 'NS女神异闻录5S', 'NS游戏 女神异闻录5S 乱战 魅影攻手 P5S 无双 数字版码', 429, 2, 0, '//g-search2.alicdn.com/img/bao/uploaded/i4/i3/812530180/O1CN01vU1wCi1DCTsTs2ko9_!!812530180.jpg', NULL, '//item.taobao.com/item.htm?id=612032420112&ns=1&abbucket=5#detail');
INSERT INTO `goods` VALUES (313, '20200921', '07:35:11', 'linhuating777', 'NS女神异闻录5S', '现货Switch ns游戏 女神异闻录5s 乱战 魅影攻手 P5S 无双 中文', 330, 53, 12, '//g-search1.alicdn.com/img/bao/uploaded/i4/i1/168461847/O1CNA1hHFkg91PVy9hyChf4_!!168461847-0-psf.jpg', NULL, '//item.taobao.com/item.htm?id=612425871949&ns=1&abbucket=5#detail');
INSERT INTO `goods` VALUES (314, '20200921', '07:35:11', '春丽的店', 'NS女神异闻录5S', 'Switch NS游戏 女神异闻录5S 乱战魅影攻手 P5S港版中文限定 现货', 320, 15, 15, '//g-search1.alicdn.com/img/bao/uploaded/i4/i1/79209453/O1CN01uAnrwp2JhWbrL18R0_!!79209453.jpg', NULL, '//item.taobao.com/item.htm?id=617341272117&ns=1&abbucket=5#detail');
INSERT INTO `goods` VALUES (315, '20200921', '07:35:11', 'xtdwchdngdu8804', 'NS女神异闻录5S', 'Switch NS游戏 女神异闻录5S 乱战 魅影攻手 P5S 无双 中文 现货', 338, 9, 10, '//g-search3.alicdn.com/img/bao/uploaded/i4/i4/33399391/O1CN013Qfd0X2JF841iaqo5_!!0-item_pic.jpg', NULL, '//item.taobao.com/item.htm?id=611097392586&ns=1&abbucket=5#detail');
INSERT INTO `goods` VALUES (316, '20200921', '07:35:11', 'wuhm1974', 'NS女神异闻录5S', '现货Switch NS游戏 女神异闻录5S 乱战 魅影攻手 P5S无双 中文', 338, 3, 12, '//g-search3.alicdn.com/img/bao/uploaded/i4/i1/71663560/O1CN01j3ckTz1cAWZR0lQEM_!!71663560.jpg', NULL, '//item.taobao.com/item.htm?id=610121593434&ns=1&abbucket=5#detail');
INSERT INTO `goods` VALUES (317, '20200921', '07:35:11', '酷酷电玩', 'NS女神异闻录5S', '电玩巴士任天堂Switch NS游戏 女神异闻录5S 乱战P5S中文现货即发', 328, 1, 11, '//g-search1.alicdn.com/img/bao/uploaded/i4/i2/66536419/O1CN01LX9OAn1xHwxBcclWj_!!66536419.jpg', NULL, '//item.taobao.com/item.htm?id=621024058439&ns=1&abbucket=5#detail');
INSERT INTO `goods` VALUES (318, '20200921', '07:35:11', '华东电玩', 'NS女神异闻录5S', '任天堂Switch NS游戏卡带 女神异闻录5S 乱战 魅影攻手 中文 现货', 320, 9, 12, '//g-search1.alicdn.com/img/bao/uploaded/i4/i1/2206666647912/O1CN01nJQwLA28JkI481VXg_!!2206666647912-0-lubanu-s.jpg', NULL, '//item.taobao.com/item.htm?id=609512152216&ns=1&abbucket=5#detail');
INSERT INTO `goods` VALUES (319, '20200921', '07:35:11', 'sirana', 'NS女神异闻录5S', '现货Switch NS游戏 女神异闻录5 P5S 乱战 魅影攻手5S 中文限定版', 325, 143, 10, '//g-search2.alicdn.com/img/bao/uploaded/i4/i1/14134411/O1CN01k6NSTd1iSHfO19Tnk_!!14134411.jpg', NULL, '//item.taobao.com/item.htm?id=610531439608&ns=1&abbucket=5#detail');
INSERT INTO `goods` VALUES (320, '20200921', '07:35:11', 'qianlongshop', 'NS女神异闻录5S', 'NS switch 女神异闻录P5S 存档修改 全面具物品装备能力', 1, 7, 0, '//g-search3.alicdn.com/img/bao/uploaded/i4/i3/60955265/O1CN01E5vRIO1olPsFMasog_!!60955265.png', NULL, '//item.taobao.com/item.htm?id=614032339065&ns=1&abbucket=5#detail');
INSERT INTO `goods` VALUES (321, '20200921', '07:35:11', 'akira360', 'NS女神异闻录5S', 'ns switch 女神异闻录5 P5S 乱战 魅影攻手 中文版 数字版 下载版', 50, 23, 0, '//g-search1.alicdn.com/img/bao/uploaded/i4/i2/390624301/O1CN01VpwQaH1hdu5DKNdXD_!!390624301.jpg', NULL, '//item.taobao.com/item.htm?id=619412744108&ns=1&abbucket=5#detail');
INSERT INTO `goods` VALUES (322, '20200921', '07:35:11', 'killer彪', 'NS女神异闻录5S', '中文任天堂 switch NS游戏 女神异闻录５ 乱战 P5S 数字版下载版', 49, 11, 0, '//g-search1.alicdn.com/img/bao/uploaded/i4/i3/168650613/O1CN01vvU23Q1GOnOmkiKB1_!!168650613-2-lubanu-s.png', NULL, '//item.taobao.com/item.htm?id=621332311702&ns=1&abbucket=5#detail');
INSERT INTO `goods` VALUES (323, '20200921', '07:35:11', '江南美食荟', 'NS女神异闻录5S', '任天堂Switch二手 NS女神异闻录5 乱战 魅影攻手 P5S 中文 现货', 315, 47, 7, '//g-search3.alicdn.com/img/bao/uploaded/i4/i1/1905786463/O1CN01TuRYbi1xc6NbXidI6_!!1905786463.jpg', NULL, '//item.taobao.com/item.htm?id=621370743651&ns=1&abbucket=5#detail');
INSERT INTO `goods` VALUES (324, '20200921', '07:35:11', 'ikeashajia', 'NS女神异闻录5S', '中文现货Switch NS游戏 P5S 女神异闻录5 乱战  魅影攻手女神无双', 325, 191, 23, '//g-search1.alicdn.com/img/bao/uploaded/i4/i2/34957167/O1CN01bb9MXe22oXD599fed_!!34957167.jpg', NULL, '//item.taobao.com/item.htm?id=610905894505&ns=1&abbucket=5#detail');
INSERT INTO `goods` VALUES (325, '20200921', '07:35:11', '马里奥玩家电玩', 'NS女神异闻录5S', '任天堂 二手 Switch NS 游戏 女神异闻录5 乱战魅影攻手 P5S 顺丰', 305, 13, 0, '//g-search2.alicdn.com/img/bao/uploaded/i4/i1/2207248431583/O1CN01pAr1cT1NZ3ZyiSX2Y_!!2207248431583.jpg', NULL, '//item.taobao.com/item.htm?id=621664405064&ns=1&abbucket=5#detail');
INSERT INTO `goods` VALUES (326, '20200921', '07:35:11', '么么馋猫店', 'NS女神异闻录5S', '任天堂Switch游戏 NS女神异闻录5 乱战 魅影攻手 P5S 中文 现货', 325, 84, 15, '//g-search3.alicdn.com/img/bao/uploaded/i4/i3/1714836692/O1CN01RTO2ja1zIz4vlQgNO_!!1714836692.jpg', NULL, '//item.taobao.com/item.htm?id=621014802890&ns=1&abbucket=5#detail');
INSERT INTO `goods` VALUES (327, '20200921', '07:35:11', 'www_fan023', 'NS女神异闻录5S', '包邮 任天堂Switch NS游戏 女神异闻录5 乱战 魅影 P5S 现货即发', 330, 17, 0, '//g-search2.alicdn.com/img/bao/uploaded/i4/i1/86383707/O1CN01ftsUgu1dFqozxATj2_!!86383707.jpg', NULL, '//item.taobao.com/item.htm?id=612216606841&ns=1&abbucket=5#detail');
INSERT INTO `goods` VALUES (328, '20200921', '07:35:11', '电玩巴士商城', 'NS女神异闻录5S', 'Switch NS游戏 女神异闻录5 乱战 魅影攻手 P5S 无双 中文 现货', 325, 231, 18, '//g-search3.alicdn.com/img/bao/uploaded/i4/i1/1036754856/O1CN01Qrh57n1lk5scq60vP_!!1036754856.jpg', NULL, '//item.taobao.com/item.htm?id=610585131013&ns=1&abbucket=5#detail');
INSERT INTO `goods` VALUES (329, '20200921', '07:35:11', '鑫喆数码专营店', 'NS女神异闻录5S', '任天堂Switch游戏 NS游戏实体卡带 女神异闻录5  P5S 女神无双 乱战 魅影攻手中文正版 现货 全新', 349, 2, 0, '//g-search3.alicdn.com/img/bao/uploaded/i4/i1/721116168/O1CN01T4LUcU1vQzY32smyF_!!0-item_pic.jpg', NULL, '//detail.tmall.com/item.htm?id=624789079087&ns=1&abbucket=5');
INSERT INTO `goods` VALUES (330, '20200921', '07:35:11', '可爱的凤凤08', 'NS女神异闻录5S', '包邮Switch NS 女神异闻录5 乱战 魅影攻手 P5S 无双 中文 现货', 338, 4, 0, '//g-search3.alicdn.com/img/bao/uploaded/i4/i1/4291333831/O1CN01lPj3CA1eAdw1qmrco_!!0-item_pic.jpg', NULL, '//item.taobao.com/item.htm?id=612222994165&ns=1&abbucket=5#detail');
INSERT INTO `goods` VALUES (331, '20200921', '07:35:11', '舒宜宝贝', 'NS女神异闻录5S', '现货Switch游戏 NS 女神异闻录5 乱战 魅影攻手 P5S 无双 中文', 335, 83, 10, '//g-search3.alicdn.com/img/bao/uploaded/i4/i1/125197181/O1CN01qhVvec22uwltFOQR6_!!125197181-0-pixelsss.jpg', NULL, '//item.taobao.com/item.htm?id=612416135747&ns=1&abbucket=5#detail');
INSERT INTO `goods` VALUES (332, '20200921', '07:35:11', '碟山碟海', 'NS女神异闻录5S', '任天堂Switch游戏 NS 女神异闻录5 乱战 魅影攻手 P5S 无双 现货', 330, 14, 6, '//g-search3.alicdn.com/img/bao/uploaded/i4/i1/653894885/O1CN01Qcbv9e1lxNO7dm8w5_!!653894885.jpg', NULL, '//item.taobao.com/item.htm?id=620882330986&ns=1&abbucket=5#detail');
INSERT INTO `goods` VALUES (333, '20200921', '07:35:11', 'chengdonjunzzq', 'NS女神异闻录5S', '中文现货 任天堂Switch NS游戏女神异闻录5 乱战 魅影攻手P5S无双', 329, 195, 12, '//g-search3.alicdn.com/img/bao/uploaded/i4/i4/3342529383/O1CN01TbOroU2JBSuExv257_!!0-item_pic.jpg', NULL, '//item.taobao.com/item.htm?id=612531246860&ns=1&abbucket=5#detail');
INSERT INTO `goods` VALUES (334, '20200921', '07:35:11', '15915159127wei', 'NS女神异闻录5S', '现货包邮 Switch NS游戏 女神异闻录5 乱战魅影攻手 P5S 中文限定', 328, 27, 0, '//g-search3.alicdn.com/img/bao/uploaded/i4/i1/1660698375/O1CN016uqxLe2BjnflsGpsU_!!1660698375.jpg', NULL, '//item.taobao.com/item.htm?id=613359159238&ns=1&abbucket=5#detail');
INSERT INTO `goods` VALUES (335, '20200921', '07:35:11', 'jingangda', 'NS女神异闻录5S', '现货Switch NS游戏 女神异闻录5 乱战 魅影攻手 P5S无双 中文现货', 320, 20, 12, '//g-search2.alicdn.com/img/bao/uploaded/i4/i1/62482477/O1CN01v7DNyb1UAVdinHmjS_!!62482477.jpg', NULL, '//item.taobao.com/item.htm?id=611841452491&ns=1&abbucket=5#detail');
INSERT INTO `goods` VALUES (336, '20200921', '07:35:11', '63726682ye', 'NS女神异闻录5S', '现货Switch全新游戏NS 女神异闻录5 乱战魅影攻手 P5S限定版 中文', 330, 48, 18, '//g-search3.alicdn.com/img/bao/uploaded/i4/i1/358584598/O1CN01Mieika1jpviOLJ4oD_!!358584598.jpg', NULL, '//item.taobao.com/item.htm?id=612401211055&ns=1&abbucket=5#detail');
INSERT INTO `goods` VALUES (337, '20200921', '07:35:11', 'gyj329835174', 'NS女神异闻录5S', '现货switch游戏卡 ns 女神异闻录5 乱战 魅影攻手 P5S 无双 中文', 330, 39, 10, '//g-search3.alicdn.com/img/bao/uploaded/i4/i1/880042366/O1CN01qYos0n1TLffuTRRiT_!!880042366.jpg', NULL, '//item.taobao.com/item.htm?id=611934973955&ns=1&abbucket=5#detail');
INSERT INTO `goods` VALUES (338, '20200921', '07:35:11', '旺角電玩0', 'NS女神异闻录5S', 'Switch NS游戏 女神异闻录5 乱战 魅影攻手 P5S 无双 中文 现货', 310, 24, 12, '//g-search2.alicdn.com/img/bao/uploaded/i4/i2/436703538/O1CN01rlFCzl1c0RtG5s9W8_!!0-item_pic.jpg', NULL, '//item.taobao.com/item.htm?id=612222750468&ns=1&abbucket=5#detail');
INSERT INTO `goods` VALUES (339, '20200921', '07:35:11', 'junne电玩', 'NS女神异闻录5S', '顺丰包邮Switch NS 女神异闻录5 乱战 魅影攻手P5S 无双 中文现货', 335, 18, 0, '//g-search3.alicdn.com/img/bao/uploaded/i4/i4/247946311/O1CN01jsb2uC1wUUB7mthZU_!!247946311-0-lubanu-s.jpg', NULL, '//item.taobao.com/item.htm?id=610402016142&ns=1&abbucket=5#detail');
INSERT INTO `goods` VALUES (340, '20200921', '07:35:11', '数码港2010', 'NS女神异闻录5S', '任天堂Switch游戏 NS女神异闻录5 乱战 魅影攻手 P5S  中文  现货', 329, 47, 12, '//g-search3.alicdn.com/img/bao/uploaded/i4/i1/382870095/O1CN01EITeuA1CZYDP9X2uL_!!382870095.jpg', NULL, '//item.taobao.com/item.htm?id=609944757614&ns=1&abbucket=5#detail');
INSERT INTO `goods` VALUES (341, '20200921', '07:35:11', '世嘉通数码专营店', 'NS女神异闻录5S', '任天堂Switch NS游戏 女神异闻录5 乱战魅影攻手 P5S 无双 限定版 中文现货', 368, 3, 12, '//g-search3.alicdn.com/img/bao/uploaded/i4/i2/2206711156083/O1CN01XPNFPm1uo3sKF0Rar_!!0-item_pic.jpg', NULL, '//detail.tmall.com/item.htm?id=621050502390&ns=1&abbucket=5');
INSERT INTO `goods` VALUES (342, '20200921', '07:35:11', 'wxlge', 'NS女神异闻录5S', 'Switch NS 女神异闻录5 乱战 魅影攻手 P5S 无双港版中文现货即发', 689, 1, 8, '//g-search3.alicdn.com/img/bao/uploaded/i4/i3/425117374/O1CN01Cm5acA24LLCCPa7Ug_!!425117374.png', NULL, '//item.taobao.com/item.htm?id=612831213873&ns=1&abbucket=5#detail');
INSERT INTO `goods` VALUES (343, '20200921', '07:35:11', 'iq博士之小云同小吉好重要', 'NS女神异闻录5S', '顺丰包邮 NS游戏女神异闻录 5 乱战 魅影攻手P5S 中文 现货', 333, 51, 0, '//g-search3.alicdn.com/img/bao/uploaded/i4/i2/2987281801/O1CN01vAkf9F1PAttouDRZR_!!2987281801.jpg', NULL, '//item.taobao.com/item.htm?id=612103870591&ns=1&abbucket=5#detail');
INSERT INTO `goods` VALUES (344, '20200921', '07:35:11', 'gyj329835174', 'NS女神异闻录5S', 'switch二手游戏卡 ns 女神异闻录5 乱战 魅影攻手 P5S 无双 中文', 320, 2, 10, '//g-search3.alicdn.com/img/bao/uploaded/i4/i3/880042366/O1CN01pq8Ecl1TLfhfpsbTf_!!880042366.jpg', NULL, '//item.taobao.com/item.htm?id=623129694896&ns=1&abbucket=5#detail');
INSERT INTO `goods` VALUES (345, '20200921', '07:35:11', 'grh521hua', 'NS女神异闻录5S', 'SWITCH游戏NS 女神异闻录5 乱战魅影攻手 P5S 数字下载版 出租赁', 1, 6, 0, '//g-search3.alicdn.com/img/bao/uploaded/i4/i3/58631830/O1CN01IIfR8t1POBPJDWwq9_!!58631830.png', NULL, '//item.taobao.com/item.htm?id=620762345927&ns=1&abbucket=5#detail');
INSERT INTO `goods` VALUES (346, '20200921', '07:35:11', '小红帽泡泡', 'NS女神异闻录5S', 'NS游戏Switch 女神异闻录5 乱战魅影攻手 P5S 数字版 下载版租赁', 1, 69, 0, '//g-search1.alicdn.com/img/bao/uploaded/i4/i4/251148668/O1CN01YAux362DtzgeMjDhC_!!251148668.jpg', NULL, '//item.taobao.com/item.htm?id=613723349793&ns=1&abbucket=5#detail');
INSERT INTO `goods` VALUES (347, '20200921', '07:35:11', '嘉祥电玩game', 'NS女神异闻录5S', 'Switch NS游戏 P5S 女神异闻录5 乱战魅影攻手 女神无双 中文现货', 328, 5, 0, '//g-search1.alicdn.com/img/bao/uploaded/i4/i4/3313461709/O1CN01MmS9WT1OUlU6ay89G_!!3313461709.jpg', NULL, '//item.taobao.com/item.htm?id=611058605335&ns=1&abbucket=5#detail');
INSERT INTO `goods` VALUES (242300, '20200922', '07:35:11', 'rongli007', 'NS女神异闻录5S', '任天堂switch eshop港服NS充', 88, 2151, 0, '//g-search1.alicdn.com/img/bao/uploaded/i4/imgextra/i4/126378715/O1CN01Twuqh12EFWJPz6DSq_!!2-saturn_solar.png', NULL, 'https://click.simba.taobao.com/cc_im?p=NS%C5%AE%C9%F1%D2%EC%CE%C5%C2%BC5S&s=895305254&k=621&e=ktHKTgEH8yOQFLAE%2Fj%2BU%2B%2Bgy3xKZ1KXU9HDkh2Y%2BwGx9onFeKsumrQtE%2BSmG%2BE%2Bpd1rxBqMf1ii1VxradptQRC3KL1EOvq%2BpGx0vS8F50d%2BIMpK6sqhO16UkuAMYGXBt%2BZuaSDiWIZ5CBF%2FhpgvG4NV306twgAOpahNytOqnNMSUz73CmPc5yvqW5hLR34A6mJaqIUebYU4JnvwtGoeJZuav4s3YFUFvPNB%2BNUht%2BBytRyTs67ynPnUjKKia7QoefPwTlqAVArp6UhhLx7D3sIbVlVF8BzArsBbtuTd4RJEnEgMV6ZeK5ZshH2Kse9c%2FEtpGJZvC6%2BCiH9sV%2F2WhoPecrDRELLF3HkgnifrHjzTuZVHGOUj9hLbCtZFlfE81jamb0x2UQLoiuIMEywVgXXWWJs12nuett3lOMIEna0gKRu48n5S5TcUBDiGlBablSq9m7b1IyiezKLil7xEdiDood3JSfapIl%2BjuRK5VzNa05RbxjYhtAbk%2BaWRtm9M%2BBlQrQNfLaBzH2FvUu6V665dK4VXawoeGtGppCgZpaL3nkUUEx5T%2Fe85uCWV%2BF%2BU4pFvAtxw10%2B%2FS%2FbyNbPsrrjZEj%2BjfcxudbWgdQT1ETx0%3D#detail');
INSERT INTO `goods` VALUES (242301, '20200922', '07:35:11', '莫尔康数码专营店', 'NS女神异闻录5S', 'eshop点卡 任天堂点卡 switch充值卡 ns点卡', 40, 2236, 0, '//g-search1.alicdn.com/img/bao/uploaded/i4/imgextra/i4/29469916/O1CN018K3T5U2N7ZyfoBtNh_!!0-saturn_solar.jpg', NULL, 'https://click.simba.taobao.com/cc_im?p=NS%C5%AE%C9%F1%D2%EC%CE%C5%C2%BC5S&s=895305254&k=609&e=AWTfn1i6gCuQFLAE%2Fj%2BU%2B%2Bgy3xKZ1KXU9HDkh2Y%2BwGx9onFeKsumrQtE%2BSmG%2BE%2Bpd1rxBqMf1igvVcxDssKk8hac9zNeSN89Gx0vS8F50d%2BIMpK6sqhO16UkuAMYGXBt%2BZuaSDiWIZ5CBF%2FhpgvG4NV306twgAOpahNytOqnNMSUz73CmPc5yvqW5hLR34A6mJaqIUebYU4JnvwtGoeJZuav4s3YFUFvPNB%2BNUht%2BBytRyTs67ynPnUjKKia7QoefPwTlqAVArp6UhhLx7D3sIbVlVF8BzAr8fYKzZrWmjEECv8kYuE0ad2kML3UtqGakrxUSbQvkMBXVo3Kw2zJrp4U1G9QzY2U5GHxabirKkYY9dJeB0YvlS8RBJRI1UAaR%2B354%2B5fs4foPC8WoXVIVUv7WuSJJnjDEWZBtiPa5Q0Fax%2FmiO0zWBfDUJJIX6EfdsW1rnz47kdMzX59THEeuJ7GhHxS6oWvvUX7VEwoW5tRNlbbBu7mOvH2Cs2a1pox4LznTJ5WCfOG1ZVRfAcwKyp0Qb2PqYgKcvkIgM6BF3NekYHgc3N4OcChzX2tUhT9jozjEh2tVRi2EwrPybelyrIEPt7WuMO6');
INSERT INTO `goods` VALUES (242302, '20200922', '07:35:11', '莫尔康数码专营店', 'NS女神异闻录5S', '任天堂点卡 ns港  ns预付卡 任天堂预付卡', 35, 856, 0, '//g-search1.alicdn.com/img/bao/uploaded/i4/imgextra/i3/29469916/O1CN01M95sAR2N7ZzDaLp5l_!!0-saturn_solar.jpg', NULL, 'https://click.simba.taobao.com/cc_im?p=NS%C5%AE%C9%F1%D2%EC%CE%C5%C2%BC5S&s=895305254&k=621&e=IE%2BGsEnFWneQFLAE%2Fj%2BU%2B%2Bgy3xKZ1KXU9HDkh2Y%2BwGx9onFeKsumrQtE%2BSmG%2BE%2Bpd1rxBqMf1igvVcxDssKk8q5JrvRt1YSVGx0vS8F50d%2BIMpK6sqhO16UkuAMYGXBt%2BZuaSDiWIZ5CBF%2FhpgvG4NV306twgAOpahNytOqnNMSUz73CmPc5yvqW5hLR34A6mJaqIUebYU4JnvwtGoeJZuav4s3YFUFvPNB%2BNUht%2BBytRyTs67ynPnUjKKia7QoefPwTlqAVArp6UhhLx7D3sIbVlVF8BzAr%2Bzq41k%2B9mQDhOST%2FOXje%2F5shH2Kse9c%2FEtpGJZvC6%2BCiH9sV%2F2WhoP00i0Rv35zhnE4d1yD4QrAnoLaw%2BFA2mtZK3K7npmi7eL5n27QNyyipdnZM3ROqYX3ImqqHaPRPwunNolpvzpUKRu48n5S5TR0GoaTuw7Qxm5qmLAhl7vLlfSUt2tOlUoVlsH3siprbYj6eopdFDRQx5V9OBcR%2BMPs6uNZPvZkA4Tkk%2Fzl43v%2Fd957Wkr%2BTo82jmmzNvn%2FC0lDcaK9xLU36Vx%2BPGegOwpzmjNCOApsTQ5VGq%2BxaN0zS%2FbyNbPsrrjZEj%2BjfcxudbWgdQT1ETx0%3D');
INSERT INTO `goods` VALUES (242303, '20200922', '07:35:11', '索贵数码专营店', 'NS女神异闻录5S', '【现货速发】任天堂Switch游戏 NS卡带 女神异闻录5 乱战 魅影攻手 P5S 无双 中文', 335, 27, 12, '//g-search2.alicdn.com/img/bao/uploaded/i4/i3/2743454846/O1CN01N0i00i1lfVx7UhKzO_!!0-item_pic.jpg', NULL, '//detail.tmall.com/item.htm?id=611973832843&ns=1&abbucket=5');
INSERT INTO `goods` VALUES (242304, '20200922', '07:35:11', '畅玩数码专营店', 'NS女神异闻录5S', '现货 switch游戏 女神异闻录5S 乱战 P5S NS游戏卡 女神5s 魅影攻手 怪盗无双 全新中文正版', 370, 7, 0, '//g-search1.alicdn.com/img/bao/uploaded/i4/i2/3946743952/O1CN01e8a0Vw1f43qe9SuXC_!!0-item_pic.jpg', NULL, '//detail.tmall.com/item.htm?id=617020535112&ns=1&abbucket=5');
INSERT INTO `goods` VALUES (242305, '20200922', '07:35:11', '西盟电玩', 'NS女神异闻录5S', '任天堂Switch游戏 ns 女神异闻录5S 乱战 魅影攻手 P5S中文 现货', 325, 7, 12, '//g-search3.alicdn.com/img/bao/uploaded/i4/i3/2924723555/O1CN01VM4VtQ1c8EcU5vfu0_!!2924723555.jpg', NULL, '//item.taobao.com/item.htm?id=621008606301&ns=1&abbucket=5#detail');
INSERT INTO `goods` VALUES (242306, '20200922', '07:35:11', '易游未尽商城', 'NS女神异闻录5S', '任天堂Switch游戏 ns 女神异闻录5S 乱战 魅影攻手 P5S中文现货', 328, 37, 12, '//g-search1.alicdn.com/img/bao/uploaded/i4/i1/2206636944657/O1CN01IZLgX11kGx3UdV7GS_!!2206636944657.jpg', NULL, '//item.taobao.com/item.htm?id=609523700260&ns=1&abbucket=5#detail');
INSERT INTO `goods` VALUES (242307, '20200922', '07:35:11', 'lzy890420', 'NS女神异闻录5S', 'NS女神异闻录5S乱战魅影攻手P5S无双数字版租赁下载出租Switch', 163, 31, 0, '//g-search1.alicdn.com/img/bao/uploaded/i4/i2/3614764160/O1CN01OAsiMq1gbKEpNEp1A_!!3614764160.png', NULL, '//item.taobao.com/item.htm?id=620435334874&ns=1&abbucket=5#detail');
INSERT INTO `goods` VALUES (242308, '20200922', '07:35:11', '千锤膏总代理', 'NS女神异闻录5S', 'Switch NS 女神异闻录5S P5S 存档修改 金手指 全面具 全物品满级', 29, 5, 0, '//g-search2.alicdn.com/img/bao/uploaded/i4/i1/261045695/O1CN01an3GYo1rwMBAN21cU_!!261045695.jpg', NULL, '//item.taobao.com/item.htm?id=612546578063&ns=1&abbucket=5#detail');
INSERT INTO `goods` VALUES (242309, '20200922', '07:35:11', 'tb640429292', 'NS女神异闻录5S', 'NS女神异闻录5S乱战魅影攻手P5Sswitch中文出租数字版租赁下载版', 19, 21, 0, '//g-search2.alicdn.com/img/bao/uploaded/i4/i1/4043321792/O1CN01IVWTcF1P6mM8mftrZ_!!4043321792.png', NULL, '//item.taobao.com/item.htm?id=620363144829&ns=1&abbucket=5#detail');
INSERT INTO `goods` VALUES (242310, '20200922', '07:35:11', 'akira360', 'NS女神异闻录5S', 'switch ns 女神异闻录5S 异度神剑 生化奇兵 ARMS 织梦岛 数字版', 1, 24, 0, '//g-search3.alicdn.com/img/bao/uploaded/i4/i3/390624301/TB28oR7fhnaK1RjSZFtXXbC2VXa_!!390624301.jpg', NULL, '//item.taobao.com/item.htm?id=578468252507&ns=1&abbucket=5#detail');
INSERT INTO `goods` VALUES (242311, '20200922', '07:35:11', 'valkyria_chronicels', 'NS女神异闻录5S', 'PS4 NS Switch 女神异闻录5S P5S 存档修改 全面具满能力装备物品', 29, 19, 0, '//g-search3.alicdn.com/img/bao/uploaded/i4/i4/130532616/O1CN01bMpalp1VCAh0p5leh_!!130532616.jpg', NULL, '//item.taobao.com/item.htm?id=613060991065&ns=1&abbucket=5#detail');
INSERT INTO `goods` VALUES (242312, '20200922', '07:35:11', 'avaterlv', 'NS女神异闻录5S', 'NS游戏 女神异闻录5S 乱战 魅影攻手 P5S 无双 数字版码', 429, 2, 0, '//g-search2.alicdn.com/img/bao/uploaded/i4/i3/812530180/O1CN01vU1wCi1DCTsTs2ko9_!!812530180.jpg', NULL, '//item.taobao.com/item.htm?id=612032420112&ns=1&abbucket=5#detail');
INSERT INTO `goods` VALUES (242313, '20200922', '07:35:11', 'linhuating777', 'NS女神异闻录5S', '现货Switch ns游戏 女神异闻录5s 乱战 魅影攻手 P5S 无双 中文', 330, 53, 12, '//g-search1.alicdn.com/img/bao/uploaded/i4/i1/168461847/O1CNA1hHFkg91PVy9hyChf4_!!168461847-0-psf.jpg', NULL, '//item.taobao.com/item.htm?id=612425871949&ns=1&abbucket=5#detail');
INSERT INTO `goods` VALUES (242314, '20200922', '07:35:11', '春丽的店', 'NS女神异闻录5S', 'Switch NS游戏 女神异闻录5S 乱战魅影攻手 P5S港版中文限定 现货', 320, 15, 15, '//g-search1.alicdn.com/img/bao/uploaded/i4/i1/79209453/O1CN01uAnrwp2JhWbrL18R0_!!79209453.jpg', NULL, '//item.taobao.com/item.htm?id=617341272117&ns=1&abbucket=5#detail');
INSERT INTO `goods` VALUES (242315, '20200922', '07:35:11', 'xtdwchdngdu8804', 'NS女神异闻录5S', 'Switch NS游戏 女神异闻录5S 乱战 魅影攻手 P5S 无双 中文 现货', 338, 9, 10, '//g-search3.alicdn.com/img/bao/uploaded/i4/i4/33399391/O1CN013Qfd0X2JF841iaqo5_!!0-item_pic.jpg', NULL, '//item.taobao.com/item.htm?id=611097392586&ns=1&abbucket=5#detail');
INSERT INTO `goods` VALUES (242316, '20200922', '07:35:11', 'wuhm1974', 'NS女神异闻录5S', '现货Switch NS游戏 女神异闻录5S 乱战 魅影攻手 P5S无双 中文', 338, 3, 12, '//g-search3.alicdn.com/img/bao/uploaded/i4/i1/71663560/O1CN01j3ckTz1cAWZR0lQEM_!!71663560.jpg', NULL, '//item.taobao.com/item.htm?id=610121593434&ns=1&abbucket=5#detail');
INSERT INTO `goods` VALUES (242317, '20200922', '07:35:11', '酷酷电玩', 'NS女神异闻录5S', '电玩巴士任天堂Switch NS游戏 女神异闻录5S 乱战P5S中文现货即发', 328, 1, 11, '//g-search1.alicdn.com/img/bao/uploaded/i4/i2/66536419/O1CN01LX9OAn1xHwxBcclWj_!!66536419.jpg', NULL, '//item.taobao.com/item.htm?id=621024058439&ns=1&abbucket=5#detail');
INSERT INTO `goods` VALUES (242318, '20200922', '07:35:11', '华东电玩', 'NS女神异闻录5S', '任天堂Switch NS游戏卡带 女神异闻录5S 乱战 魅影攻手 中文 现货', 320, 9, 12, '//g-search1.alicdn.com/img/bao/uploaded/i4/i1/2206666647912/O1CN01nJQwLA28JkI481VXg_!!2206666647912-0-lubanu-s.jpg', NULL, '//item.taobao.com/item.htm?id=609512152216&ns=1&abbucket=5#detail');
INSERT INTO `goods` VALUES (242319, '20200922', '07:35:11', 'sirana', 'NS女神异闻录5S', '现货Switch NS游戏 女神异闻录5 P5S 乱战 魅影攻手5S 中文限定版', 325, 143, 10, '//g-search2.alicdn.com/img/bao/uploaded/i4/i1/14134411/O1CN01k6NSTd1iSHfO19Tnk_!!14134411.jpg', NULL, '//item.taobao.com/item.htm?id=610531439608&ns=1&abbucket=5#detail');
INSERT INTO `goods` VALUES (242320, '20200922', '07:35:11', 'qianlongshop', 'NS女神异闻录5S', 'NS switch 女神异闻录P5S 存档修改 全面具物品装备能力', 1, 7, 0, '//g-search3.alicdn.com/img/bao/uploaded/i4/i3/60955265/O1CN01E5vRIO1olPsFMasog_!!60955265.png', NULL, '//item.taobao.com/item.htm?id=614032339065&ns=1&abbucket=5#detail');
INSERT INTO `goods` VALUES (242321, '20200922', '07:35:11', 'akira360', 'NS女神异闻录5S', 'ns switch 女神异闻录5 P5S 乱战 魅影攻手 中文版 数字版 下载版', 50, 23, 0, '//g-search1.alicdn.com/img/bao/uploaded/i4/i2/390624301/O1CN01VpwQaH1hdu5DKNdXD_!!390624301.jpg', NULL, '//item.taobao.com/item.htm?id=619412744108&ns=1&abbucket=5#detail');
INSERT INTO `goods` VALUES (242322, '20200922', '07:35:11', 'killer彪', 'NS女神异闻录5S', '中文任天堂 switch NS游戏 女神异闻录５ 乱战 P5S 数字版下载版', 49, 11, 0, '//g-search1.alicdn.com/img/bao/uploaded/i4/i3/168650613/O1CN01vvU23Q1GOnOmkiKB1_!!168650613-2-lubanu-s.png', NULL, '//item.taobao.com/item.htm?id=621332311702&ns=1&abbucket=5#detail');
INSERT INTO `goods` VALUES (242323, '20200922', '07:35:11', '江南美食荟', 'NS女神异闻录5S', '任天堂Switch二手 NS女神异闻录5 乱战 魅影攻手 P5S 中文 现货', 315, 47, 7, '//g-search3.alicdn.com/img/bao/uploaded/i4/i1/1905786463/O1CN01TuRYbi1xc6NbXidI6_!!1905786463.jpg', NULL, '//item.taobao.com/item.htm?id=621370743651&ns=1&abbucket=5#detail');
INSERT INTO `goods` VALUES (242324, '20200922', '07:35:11', 'ikeashajia', 'NS女神异闻录5S', '中文现货Switch NS游戏 P5S 女神异闻录5 乱战  魅影攻手女神无双', 325, 191, 23, '//g-search1.alicdn.com/img/bao/uploaded/i4/i2/34957167/O1CN01bb9MXe22oXD599fed_!!34957167.jpg', NULL, '//item.taobao.com/item.htm?id=610905894505&ns=1&abbucket=5#detail');
INSERT INTO `goods` VALUES (242325, '20200922', '07:35:11', '马里奥玩家电玩', 'NS女神异闻录5S', '任天堂 二手 Switch NS 游戏 女神异闻录5 乱战魅影攻手 P5S 顺丰', 305, 13, 0, '//g-search2.alicdn.com/img/bao/uploaded/i4/i1/2207248431583/O1CN01pAr1cT1NZ3ZyiSX2Y_!!2207248431583.jpg', NULL, '//item.taobao.com/item.htm?id=621664405064&ns=1&abbucket=5#detail');
INSERT INTO `goods` VALUES (242326, '20200922', '07:35:11', '么么馋猫店', 'NS女神异闻录5S', '任天堂Switch游戏 NS女神异闻录5 乱战 魅影攻手 P5S 中文 现货', 325, 84, 15, '//g-search3.alicdn.com/img/bao/uploaded/i4/i3/1714836692/O1CN01RTO2ja1zIz4vlQgNO_!!1714836692.jpg', NULL, '//item.taobao.com/item.htm?id=621014802890&ns=1&abbucket=5#detail');
INSERT INTO `goods` VALUES (242327, '20200922', '07:35:11', 'www_fan023', 'NS女神异闻录5S', '包邮 任天堂Switch NS游戏 女神异闻录5 乱战 魅影 P5S 现货即发', 330, 17, 0, '//g-search2.alicdn.com/img/bao/uploaded/i4/i1/86383707/O1CN01ftsUgu1dFqozxATj2_!!86383707.jpg', NULL, '//item.taobao.com/item.htm?id=612216606841&ns=1&abbucket=5#detail');
INSERT INTO `goods` VALUES (242328, '20200922', '07:35:11', '电玩巴士商城', 'NS女神异闻录5S', 'Switch NS游戏 女神异闻录5 乱战 魅影攻手 P5S 无双 中文 现货', 325, 231, 18, '//g-search3.alicdn.com/img/bao/uploaded/i4/i1/1036754856/O1CN01Qrh57n1lk5scq60vP_!!1036754856.jpg', NULL, '//item.taobao.com/item.htm?id=610585131013&ns=1&abbucket=5#detail');
INSERT INTO `goods` VALUES (242329, '20200922', '07:35:11', '鑫喆数码专营店', 'NS女神异闻录5S', '任天堂Switch游戏 NS游戏实体卡带 女神异闻录5  P5S 女神无双 乱战 魅影攻手中文正版 现货 全新', 349, 2, 0, '//g-search3.alicdn.com/img/bao/uploaded/i4/i1/721116168/O1CN01T4LUcU1vQzY32smyF_!!0-item_pic.jpg', NULL, '//detail.tmall.com/item.htm?id=624789079087&ns=1&abbucket=5');
INSERT INTO `goods` VALUES (242330, '20200922', '07:35:11', '可爱的凤凤08', 'NS女神异闻录5S', '包邮Switch NS 女神异闻录5 乱战 魅影攻手 P5S 无双 中文 现货', 338, 4, 0, '//g-search3.alicdn.com/img/bao/uploaded/i4/i1/4291333831/O1CN01lPj3CA1eAdw1qmrco_!!0-item_pic.jpg', NULL, '//item.taobao.com/item.htm?id=612222994165&ns=1&abbucket=5#detail');
INSERT INTO `goods` VALUES (242331, '20200922', '07:35:11', '舒宜宝贝', 'NS女神异闻录5S', '现货Switch游戏 NS 女神异闻录5 乱战 魅影攻手 P5S 无双 中文', 335, 83, 10, '//g-search3.alicdn.com/img/bao/uploaded/i4/i1/125197181/O1CN01qhVvec22uwltFOQR6_!!125197181-0-pixelsss.jpg', NULL, '//item.taobao.com/item.htm?id=612416135747&ns=1&abbucket=5#detail');
INSERT INTO `goods` VALUES (242332, '20200922', '07:35:11', '碟山碟海', 'NS女神异闻录5S', '任天堂Switch游戏 NS 女神异闻录5 乱战 魅影攻手 P5S 无双 现货', 330, 14, 6, '//g-search3.alicdn.com/img/bao/uploaded/i4/i1/653894885/O1CN01Qcbv9e1lxNO7dm8w5_!!653894885.jpg', NULL, '//item.taobao.com/item.htm?id=620882330986&ns=1&abbucket=5#detail');
INSERT INTO `goods` VALUES (242333, '20200922', '07:35:11', 'chengdonjunzzq', 'NS女神异闻录5S', '中文现货 任天堂Switch NS游戏女神异闻录5 乱战 魅影攻手P5S无双', 329, 195, 12, '//g-search3.alicdn.com/img/bao/uploaded/i4/i4/3342529383/O1CN01TbOroU2JBSuExv257_!!0-item_pic.jpg', NULL, '//item.taobao.com/item.htm?id=612531246860&ns=1&abbucket=5#detail');
INSERT INTO `goods` VALUES (242334, '20200922', '07:35:11', '15915159127wei', 'NS女神异闻录5S', '现货包邮 Switch NS游戏 女神异闻录5 乱战魅影攻手 P5S 中文限定', 328, 27, 0, '//g-search3.alicdn.com/img/bao/uploaded/i4/i1/1660698375/O1CN016uqxLe2BjnflsGpsU_!!1660698375.jpg', NULL, '//item.taobao.com/item.htm?id=613359159238&ns=1&abbucket=5#detail');
INSERT INTO `goods` VALUES (242335, '20200922', '07:35:11', 'jingangda', 'NS女神异闻录5S', '现货Switch NS游戏 女神异闻录5 乱战 魅影攻手 P5S无双 中文现货', 320, 20, 12, '//g-search2.alicdn.com/img/bao/uploaded/i4/i1/62482477/O1CN01v7DNyb1UAVdinHmjS_!!62482477.jpg', NULL, '//item.taobao.com/item.htm?id=611841452491&ns=1&abbucket=5#detail');
INSERT INTO `goods` VALUES (242336, '20200922', '07:35:11', '63726682ye', 'NS女神异闻录5S', '现货Switch全新游戏NS 女神异闻录5 乱战魅影攻手 P5S限定版 中文', 330, 48, 18, '//g-search3.alicdn.com/img/bao/uploaded/i4/i1/358584598/O1CN01Mieika1jpviOLJ4oD_!!358584598.jpg', NULL, '//item.taobao.com/item.htm?id=612401211055&ns=1&abbucket=5#detail');
INSERT INTO `goods` VALUES (242337, '20200922', '07:35:11', 'gyj329835174', 'NS女神异闻录5S', '现货switch游戏卡 ns 女神异闻录5 乱战 魅影攻手 P5S 无双 中文', 330, 39, 10, '//g-search3.alicdn.com/img/bao/uploaded/i4/i1/880042366/O1CN01qYos0n1TLffuTRRiT_!!880042366.jpg', NULL, '//item.taobao.com/item.htm?id=611934973955&ns=1&abbucket=5#detail');
INSERT INTO `goods` VALUES (242338, '20200922', '07:35:11', '旺角電玩0', 'NS女神异闻录5S', 'Switch NS游戏 女神异闻录5 乱战 魅影攻手 P5S 无双 中文 现货', 310, 24, 12, '//g-search2.alicdn.com/img/bao/uploaded/i4/i2/436703538/O1CN01rlFCzl1c0RtG5s9W8_!!0-item_pic.jpg', NULL, '//item.taobao.com/item.htm?id=612222750468&ns=1&abbucket=5#detail');
INSERT INTO `goods` VALUES (242339, '20200922', '07:35:11', 'junne电玩', 'NS女神异闻录5S', '顺丰包邮Switch NS 女神异闻录5 乱战 魅影攻手P5S 无双 中文现货', 335, 18, 0, '//g-search3.alicdn.com/img/bao/uploaded/i4/i4/247946311/O1CN01jsb2uC1wUUB7mthZU_!!247946311-0-lubanu-s.jpg', NULL, '//item.taobao.com/item.htm?id=610402016142&ns=1&abbucket=5#detail');
INSERT INTO `goods` VALUES (242340, '20200922', '07:35:11', '数码港2010', 'NS女神异闻录5S', '任天堂Switch游戏 NS女神异闻录5 乱战 魅影攻手 P5S  中文  现货', 329, 47, 12, '//g-search3.alicdn.com/img/bao/uploaded/i4/i1/382870095/O1CN01EITeuA1CZYDP9X2uL_!!382870095.jpg', NULL, '//item.taobao.com/item.htm?id=609944757614&ns=1&abbucket=5#detail');
INSERT INTO `goods` VALUES (242341, '20200922', '07:35:11', '世嘉通数码专营店', 'NS女神异闻录5S', '任天堂Switch NS游戏 女神异闻录5 乱战魅影攻手 P5S 无双 限定版 中文现货', 368, 3, 12, '//g-search3.alicdn.com/img/bao/uploaded/i4/i2/2206711156083/O1CN01XPNFPm1uo3sKF0Rar_!!0-item_pic.jpg', NULL, '//detail.tmall.com/item.htm?id=621050502390&ns=1&abbucket=5');
INSERT INTO `goods` VALUES (242342, '20200922', '07:35:11', 'wxlge', 'NS女神异闻录5S', 'Switch NS 女神异闻录5 乱战 魅影攻手 P5S 无双港版中文现货即发', 689, 1, 8, '//g-search3.alicdn.com/img/bao/uploaded/i4/i3/425117374/O1CN01Cm5acA24LLCCPa7Ug_!!425117374.png', NULL, '//item.taobao.com/item.htm?id=612831213873&ns=1&abbucket=5#detail');
INSERT INTO `goods` VALUES (242343, '20200922', '07:35:11', 'iq博士之小云同小吉好重要', 'NS女神异闻录5S', '顺丰包邮 NS游戏女神异闻录 5 乱战 魅影攻手P5S 中文 现货', 333, 51, 0, '//g-search3.alicdn.com/img/bao/uploaded/i4/i2/2987281801/O1CN01vAkf9F1PAttouDRZR_!!2987281801.jpg', NULL, '//item.taobao.com/item.htm?id=612103870591&ns=1&abbucket=5#detail');
INSERT INTO `goods` VALUES (242344, '20200922', '07:35:11', 'gyj329835174', 'NS女神异闻录5S', 'switch二手游戏卡 ns 女神异闻录5 乱战 魅影攻手 P5S 无双 中文', 320, 2, 10, '//g-search3.alicdn.com/img/bao/uploaded/i4/i3/880042366/O1CN01pq8Ecl1TLfhfpsbTf_!!880042366.jpg', NULL, '//item.taobao.com/item.htm?id=623129694896&ns=1&abbucket=5#detail');
INSERT INTO `goods` VALUES (242345, '20200922', '07:35:11', 'grh521hua', 'NS女神异闻录5S', 'SWITCH游戏NS 女神异闻录5 乱战魅影攻手 P5S 数字下载版 出租赁', 1, 6, 0, '//g-search3.alicdn.com/img/bao/uploaded/i4/i3/58631830/O1CN01IIfR8t1POBPJDWwq9_!!58631830.png', NULL, '//item.taobao.com/item.htm?id=620762345927&ns=1&abbucket=5#detail');
INSERT INTO `goods` VALUES (242346, '20200922', '07:35:11', '小红帽泡泡', 'NS女神异闻录5S', 'NS游戏Switch 女神异闻录5 乱战魅影攻手 P5S 数字版 下载版租赁', 1, 69, 0, '//g-search1.alicdn.com/img/bao/uploaded/i4/i4/251148668/O1CN01YAux362DtzgeMjDhC_!!251148668.jpg', NULL, '//item.taobao.com/item.htm?id=613723349793&ns=1&abbucket=5#detail');
INSERT INTO `goods` VALUES (242347, '20200922', '07:35:11', '嘉祥电玩game', 'NS女神异闻录5S', 'Switch NS游戏 P5S 女神异闻录5 乱战魅影攻手 女神无双 中文现货', 328, 5, 0, '//g-search1.alicdn.com/img/bao/uploaded/i4/i4/3313461709/O1CN01MmS9WT1OUlU6ay89G_!!3313461709.jpg', NULL, '//item.taobao.com/item.htm?id=611058605335&ns=1&abbucket=5#detail');

-- ----------------------------
-- Table structure for goods_shop
-- ----------------------------
DROP TABLE IF EXISTS `goods_shop`;
CREATE TABLE `goods_shop`  (
  `id` int(0) NOT NULL AUTO_INCREMENT,
  `etl_date` varchar(20) CHARACTER SET utf8mb4 COLLATE utf8mb4_0900_ai_ci NULL DEFAULT NULL,
  `etl_time` varchar(20) CHARACTER SET utf8mb4 COLLATE utf8mb4_0900_ai_ci NULL DEFAULT NULL,
  `shop` varchar(50) CHARACTER SET utf8mb4 COLLATE utf8mb4_0900_ai_ci NULL DEFAULT NULL COMMENT '店铺名',
  `kw` varchar(20) CHARACTER SET utf8mb4 COLLATE utf8mb4_0900_ai_ci NULL DEFAULT NULL COMMENT '关键词',
  `title` varchar(100) CHARACTER SET utf8mb4 COLLATE utf8mb4_0900_ai_ci NULL DEFAULT NULL COMMENT '宝贝',
  `price` float NULL DEFAULT NULL COMMENT '价格',
  `sales` int(0) NULL DEFAULT NULL COMMENT '销量',
  `freight` float NULL DEFAULT NULL COMMENT '运费',
  `img_url` varchar(1000) CHARACTER SET utf8mb4 COLLATE utf8mb4_0900_ai_ci NULL DEFAULT NULL COMMENT '图片链接',
  `comment` varchar(100) CHARACTER SET utf8mb4 COLLATE utf8mb4_0900_ai_ci NULL DEFAULT NULL COMMENT '标识0 1 2 3',
  `detail_url` varchar(1000) CHARACTER SET utf8mb4 COLLATE utf8mb4_0900_ai_ci NULL DEFAULT NULL COMMENT '宝贝连接',
  PRIMARY KEY (`id`) USING BTREE
) ENGINE = InnoDB AUTO_INCREMENT = 37428 CHARACTER SET = utf8mb4 COLLATE = utf8mb4_0900_ai_ci ROW_FORMAT = Dynamic;

-- ----------------------------
-- Records of goods_shop
-- ----------------------------
INSERT INTO `goods_shop` VALUES (37425, '20200623', '10:30:39', '宁波老猎人电玩店', '怪物猎人', '怪物猎人22', 0, 0, NULL, 'null', NULL, 'null');
INSERT INTO `goods_shop` VALUES (37426, '20200623', '14:53:58', '宁波老猎人电玩店', '怪物猎人 冰原', '无此商品', 0, 0, NULL, 'null', NULL, 'null');
INSERT INTO `goods_shop` VALUES (37427, '20200623', '15:05:30', '宁波老猎人电玩店', '怪物猎人 冰原', 'PS4正版二手游戏 怪物猎人世界冰原 怪猎冰原 ICEBORNE 中文 现货', 255, 388, NULL, 'https://img.alicdn.com/bao/uploaded/i3/3191851519/O1CN01E16uhu1N5kCJ25DX6_!!3191851519.png_240x240.jpg', NULL, 'https://item.taobao.com/item.htm?id=603031569490');

-- ----------------------------
-- Table structure for hr
-- ----------------------------
DROP TABLE IF EXISTS `hr`;
CREATE TABLE `hr`  (
  `id` int(0) NOT NULL AUTO_INCREMENT COMMENT 'hrID',
  `name` varchar(32) CHARACTER SET utf8 COLLATE utf8_general_ci NULL DEFAULT NULL COMMENT '姓名',
  `phone` char(11) CHARACTER SET utf8 COLLATE utf8_general_ci NULL DEFAULT NULL COMMENT '手机号码',
  `telephone` varchar(16) CHARACTER SET utf8 COLLATE utf8_general_ci NULL DEFAULT NULL COMMENT '住宅电话',
  `address` varchar(64) CHARACTER SET utf8 COLLATE utf8_general_ci NULL DEFAULT NULL COMMENT '联系地址',
  `enabled` tinyint(1) NULL DEFAULT 1,
  `username` varchar(255) CHARACTER SET utf8 COLLATE utf8_general_ci NULL DEFAULT NULL COMMENT '用户名',
  `password` varchar(255) CHARACTER SET utf8 COLLATE utf8_general_ci NULL DEFAULT NULL COMMENT '密码',
  `userface` varchar(2550) CHARACTER SET utf8 COLLATE utf8_general_ci NULL DEFAULT NULL,
  `remark` varchar(255) CHARACTER SET utf8 COLLATE utf8_general_ci NULL DEFAULT NULL,
  PRIMARY KEY (`id`) USING BTREE
) ENGINE = InnoDB AUTO_INCREMENT = 14 CHARACTER SET = utf8 COLLATE = utf8_general_ci ROW_FORMAT = Dynamic;

-- ----------------------------
-- Records of hr
-- ----------------------------
INSERT INTO `hr` VALUES (3, '系统管理员', '18568887789', '029-82881234', '深圳南山', 1, 'admin', '$2a$10$ySG2lkvjFHY5O0./CPIE1OI8VJsuKYEzOYzqIa7AJR6sEgSzUFOAm', 'https://timgsa.baidu.com/timg?image&quality=80&size=b9999_10000&sec=1581699157923&di=d674ddc49de44ae591e38975d4a4d6e9&imgtype=0&src=http%3A%2F%2F5b0988e595225.cdn.sohucs.com%2Fq_70%2Cc_zoom%2Cw_640%2Fimages%2F20171121%2F00e21af430f64e5b94154841a0ca4abf.jpeg', NULL);
INSERT INTO `hr` VALUES (5, '曹焱兵', '18568123489', '029-82123434', '海口美兰', 1, 'caoyanbing', '$2a$10$oE39aG10kB/rFu2vQeCJTu/V/v4n6DRR0f8WyXRiAYvBpmadoOBE.', 'http://img4.imgtn.bdimg.com/it/u=3746854497,2310167369&fm=26&gp=0.jpg', NULL);
INSERT INTO `hr` VALUES (10, '韩愈', '18568123666', '029-82111555', '广州番禺', 1, 'hanyu', '$2a$10$oE39aG10kB/rFu2vQeCJTu/V/v4n6DRR0f8WyXRiAYvBpmadoOBE.', 'https://timgsa.baidu.com/timg?image&quality=80&size=b9999_10000&sec=1517070040185&di=be0375e0c3db6c311b837b28c208f318&imgtype=0&src=http%3A%2F%2Fimg2.soyoung.com%2Fpost%2F20150213%2F6%2F20150213141918532.jpg', NULL);
INSERT INTO `hr` VALUES (11, '项昆仑', '18568123377', '029-82111333', '广州天河', 1, 'xiangkunlun', '$2a$10$oE39aG10kB/rFu2vQeCJTu/V/v4n6DRR0f8WyXRiAYvBpmadoOBE.', 'http://img1.imgtn.bdimg.com/it/u=3601504345,3287410990&fm=26&gp=0.jpg', NULL);
INSERT INTO `hr` VALUES (12, '曾巩', '18568128888', '029-82111222', '广州越秀', 1, 'zenggong', '$2a$10$oE39aG10kB/rFu2vQeCJTu/V/v4n6DRR0f8WyXRiAYvBpmadoOBE.', 'https://timgsa.baidu.com/timg?image&quality=80&size=b9999_10000&sec=1517070040185&di=be0375e0c3db6c311b837b28c208f318&imgtype=0&src=http%3A%2F%2Fimg2.soyoung.com%2Fpost%2F20150213%2F6%2F20150213141918532.jpg', NULL);

-- ----------------------------
-- Table structure for hr_role
-- ----------------------------
DROP TABLE IF EXISTS `hr_role`;
CREATE TABLE `hr_role`  (
  `id` int(0) NOT NULL AUTO_INCREMENT,
  `hrid` int(0) NULL DEFAULT NULL,
  `rid` int(0) NULL DEFAULT NULL,
  PRIMARY KEY (`id`) USING BTREE,
  INDEX `rid`(`rid`) USING BTREE,
  INDEX `hr_role_ibfk_1`(`hrid`) USING BTREE,
  CONSTRAINT `hr_role_ibfk_1` FOREIGN KEY (`hrid`) REFERENCES `hr` (`id`) ON DELETE CASCADE ON UPDATE RESTRICT,
  CONSTRAINT `hr_role_ibfk_2` FOREIGN KEY (`rid`) REFERENCES `role` (`id`) ON DELETE RESTRICT ON UPDATE RESTRICT
) ENGINE = InnoDB AUTO_INCREMENT = 99 CHARACTER SET = utf8 COLLATE = utf8_general_ci ROW_FORMAT = Dynamic;

-- ----------------------------
-- Records of hr_role
-- ----------------------------
INSERT INTO `hr_role` VALUES (1, 3, 6);
INSERT INTO `hr_role` VALUES (35, 12, 4);
INSERT INTO `hr_role` VALUES (36, 12, 3);
INSERT INTO `hr_role` VALUES (37, 12, 2);
INSERT INTO `hr_role` VALUES (43, 11, 3);
INSERT INTO `hr_role` VALUES (44, 11, 2);
INSERT INTO `hr_role` VALUES (45, 11, 4);
INSERT INTO `hr_role` VALUES (46, 11, 5);
INSERT INTO `hr_role` VALUES (77, 10, 4);
INSERT INTO `hr_role` VALUES (78, 10, 5);
INSERT INTO `hr_role` VALUES (97, 5, 1);
INSERT INTO `hr_role` VALUES (98, 5, 2);

-- ----------------------------
-- Table structure for joblevel
-- ----------------------------
DROP TABLE IF EXISTS `joblevel`;
CREATE TABLE `joblevel`  (
  `id` int(0) NOT NULL AUTO_INCREMENT,
  `name` varchar(32) CHARACTER SET utf8 COLLATE utf8_general_ci NULL DEFAULT NULL COMMENT '职称名称',
  `titleLevel` enum('正高级','副高级','中级','初级','员级') CHARACTER SET utf8 COLLATE utf8_general_ci NULL DEFAULT NULL,
  `createDate` timestamp(0) NULL DEFAULT CURRENT_TIMESTAMP(0),
  `enabled` tinyint(1) NULL DEFAULT 1,
  PRIMARY KEY (`id`) USING BTREE
) ENGINE = InnoDB AUTO_INCREMENT = 24 CHARACTER SET = utf8 COLLATE = utf8_general_ci ROW_FORMAT = Dynamic;

-- ----------------------------
-- Records of joblevel
-- ----------------------------
INSERT INTO `joblevel` VALUES (9, '教授', '正高级', '2018-01-10 16:00:00', 1);
INSERT INTO `joblevel` VALUES (10, '副教授', '副高级', '2018-01-11 21:19:20', 1);
INSERT INTO `joblevel` VALUES (12, '助教', '初级', '2018-01-11 21:35:39', 1);
INSERT INTO `joblevel` VALUES (13, '讲师', '中级', '2018-01-10 16:00:00', 0);
INSERT INTO `joblevel` VALUES (14, '初级工程师', '初级', '2018-01-14 00:00:00', 1);
INSERT INTO `joblevel` VALUES (15, '中级工程师66', '中级', '2018-01-14 00:00:00', 1);
INSERT INTO `joblevel` VALUES (16, '高级工程师', '副高级', '2018-01-14 16:19:14', 1);
INSERT INTO `joblevel` VALUES (17, '骨灰级工程师', '正高级', '2018-01-14 16:19:24', 1);
INSERT INTO `joblevel` VALUES (23, '1111', '正高级', '2020-02-14 12:39:51', 1);

-- ----------------------------
-- Table structure for menu
-- ----------------------------
DROP TABLE IF EXISTS `menu`;
CREATE TABLE `menu`  (
  `id` int(0) NOT NULL AUTO_INCREMENT,
  `url` varchar(64) CHARACTER SET utf8 COLLATE utf8_general_ci NULL DEFAULT NULL,
  `path` varchar(64) CHARACTER SET utf8 COLLATE utf8_general_ci NULL DEFAULT NULL,
  `component` varchar(64) CHARACTER SET utf8 COLLATE utf8_general_ci NULL DEFAULT NULL,
  `name` varchar(64) CHARACTER SET utf8 COLLATE utf8_general_ci NULL DEFAULT NULL,
  `iconCls` varchar(64) CHARACTER SET utf8 COLLATE utf8_general_ci NULL DEFAULT NULL,
  `keepAlive` tinyint(1) NULL DEFAULT NULL,
  `requireAuth` tinyint(1) NULL DEFAULT NULL,
  `parentId` int(0) NULL DEFAULT NULL,
  `enabled` tinyint(1) NULL DEFAULT 1,
  PRIMARY KEY (`id`) USING BTREE,
  INDEX `parentId`(`parentId`) USING BTREE,
  CONSTRAINT `menu_ibfk_1` FOREIGN KEY (`parentId`) REFERENCES `menu` (`id`) ON DELETE RESTRICT ON UPDATE RESTRICT
) ENGINE = InnoDB AUTO_INCREMENT = 29 CHARACTER SET = utf8 COLLATE = utf8_general_ci ROW_FORMAT = Dynamic;

-- ----------------------------
-- Records of menu
-- ----------------------------
INSERT INTO `menu` VALUES (1, '/', NULL, NULL, '所有', NULL, NULL, NULL, NULL, 1);
INSERT INTO `menu` VALUES (2, '/', '/home', 'Home', '员工资料', 'fa fa-user-circle-o', NULL, 1, 1, 1);
INSERT INTO `menu` VALUES (3, '/', '/home', 'Home', '货物统计', 'fa fa-address-card-o', NULL, 1, 1, 1);
INSERT INTO `menu` VALUES (4, '/', '/home', 'Home', '薪资管理', 'fa fa-money', NULL, 1, 1, 1);
INSERT INTO `menu` VALUES (5, '/', '/home', 'Home', '数据统计', 'fa fa-bar-chart', NULL, 1, 1, 1);
INSERT INTO `menu` VALUES (6, '/', '/home', 'Home', '系统管理', 'fa fa-windows', NULL, 1, 1, 1);
INSERT INTO `menu` VALUES (7, '/employee/basic/**', '/emp/basic', 'EmpBasic', '基本资料', NULL, NULL, 1, 2, 1);
INSERT INTO `menu` VALUES (8, '/employee/advanced/**', '/emp/adv', 'EmpAdv', '高级资料', NULL, NULL, 1, 2, 1);
INSERT INTO `menu` VALUES (9, '/stock/**', '/stock/stock', 'StockAndCrawl', '核心', NULL, NULL, 1, 3, 1);
INSERT INTO `menu` VALUES (10, '/stock/focus/**', '/stock/focus', 'StockFocus', '设计中', NULL, NULL, 1, 3, 1);
INSERT INTO `menu` VALUES (11, '/stock/**', '/stock/crawl', 'PerSalary', '设计中', NULL, NULL, 1, 3, 1);
INSERT INTO `menu` VALUES (12, '/personnel/salary/**', '/per/salary', 'PerSalary', '设计中', NULL, NULL, 1, 3, 1);
INSERT INTO `menu` VALUES (13, '/personnel/remove/**', '/per/mv', 'PerMv', '设计中', NULL, NULL, 1, 3, 1);
INSERT INTO `menu` VALUES (14, '/salary/sob/**', '/sal/sob', 'SalSob', '工资账套管理', NULL, NULL, 1, 4, 1);
INSERT INTO `menu` VALUES (15, '/salary/sobcfg/**', '/sal/sobcfg', 'SalSobCfg', '员工账套设置', NULL, NULL, 1, 4, 1);
INSERT INTO `menu` VALUES (16, '/salary/table/**', '/sal/table', 'SalTable', '工资表管理', NULL, NULL, 1, 4, 1);
INSERT INTO `menu` VALUES (17, '/salary/month/**', '/sal/month', 'SalMonth', '月末处理', NULL, NULL, 1, 4, 1);
INSERT INTO `menu` VALUES (18, '/salary/search/**', '/sal/search', 'SalSearch', '工资表查询', NULL, NULL, 1, 4, 1);
INSERT INTO `menu` VALUES (19, '/statistics/table/**', '/sta/table', 'StaTable', '表格统计', NULL, NULL, 1, 5, 1);
INSERT INTO `menu` VALUES (20, '/statistics/chart/**', '/sta/chart', 'StaChart', '图表统计', NULL, NULL, 1, 5, 1);
INSERT INTO `menu` VALUES (21, '/statistics/personnel/**', '/sta/pers', 'StaPers', '设计中...', NULL, NULL, 1, 5, 1);
INSERT INTO `menu` VALUES (22, '/statistics/recored/**', '/sta/record', 'StaRecord', '设计中...', NULL, NULL, 1, 5, 1);
INSERT INTO `menu` VALUES (23, '/system/basic/**', '/sys/basic', 'SysBasic', '基础信息设置', NULL, NULL, 1, 6, 1);
INSERT INTO `menu` VALUES (24, '/system/cfg/**', '/sys/cfg', 'SysCfg', '系统管理', NULL, NULL, 1, 6, 1);
INSERT INTO `menu` VALUES (25, '/system/log/**', '/sys/log', 'SysLog', '操作日志管理', NULL, NULL, 1, 6, 1);
INSERT INTO `menu` VALUES (26, '/system/hr/**', '/sys/hr', 'SysHr', '操作员管理', NULL, NULL, 1, 6, 1);
INSERT INTO `menu` VALUES (27, '/system/data/**', '/sys/data', 'SysData', '备份恢复数据库', NULL, NULL, 1, 6, 1);
INSERT INTO `menu` VALUES (28, '/system/init/**', '/sys/init', 'SysInit', '系统初始化', NULL, NULL, 1, 6, 1);

-- ----------------------------
-- Table structure for menu_role
-- ----------------------------
DROP TABLE IF EXISTS `menu_role`;
CREATE TABLE `menu_role`  (
  `id` int(0) NOT NULL AUTO_INCREMENT,
  `mid` int(0) NULL DEFAULT NULL,
  `rid` int(0) NULL DEFAULT NULL,
  PRIMARY KEY (`id`) USING BTREE,
  INDEX `mid`(`mid`) USING BTREE,
  INDEX `rid`(`rid`) USING BTREE,
  CONSTRAINT `menu_role_ibfk_1` FOREIGN KEY (`mid`) REFERENCES `menu` (`id`) ON DELETE RESTRICT ON UPDATE RESTRICT,
  CONSTRAINT `menu_role_ibfk_2` FOREIGN KEY (`rid`) REFERENCES `role` (`id`) ON DELETE RESTRICT ON UPDATE RESTRICT
) ENGINE = InnoDB AUTO_INCREMENT = 403 CHARACTER SET = utf8 COLLATE = utf8_general_ci ROW_FORMAT = Dynamic;

-- ----------------------------
-- Records of menu_role
-- ----------------------------
INSERT INTO `menu_role` VALUES (161, 7, 3);
INSERT INTO `menu_role` VALUES (162, 7, 6);
INSERT INTO `menu_role` VALUES (163, 9, 6);
INSERT INTO `menu_role` VALUES (164, 10, 6);
INSERT INTO `menu_role` VALUES (165, 11, 6);
INSERT INTO `menu_role` VALUES (166, 12, 6);
INSERT INTO `menu_role` VALUES (167, 13, 6);
INSERT INTO `menu_role` VALUES (168, 14, 6);
INSERT INTO `menu_role` VALUES (169, 15, 6);
INSERT INTO `menu_role` VALUES (170, 16, 6);
INSERT INTO `menu_role` VALUES (171, 17, 6);
INSERT INTO `menu_role` VALUES (172, 18, 6);
INSERT INTO `menu_role` VALUES (173, 19, 6);
INSERT INTO `menu_role` VALUES (174, 20, 6);
INSERT INTO `menu_role` VALUES (175, 21, 6);
INSERT INTO `menu_role` VALUES (176, 22, 6);
INSERT INTO `menu_role` VALUES (177, 23, 6);
INSERT INTO `menu_role` VALUES (178, 25, 6);
INSERT INTO `menu_role` VALUES (179, 26, 6);
INSERT INTO `menu_role` VALUES (180, 27, 6);
INSERT INTO `menu_role` VALUES (181, 28, 6);
INSERT INTO `menu_role` VALUES (182, 24, 6);
INSERT INTO `menu_role` VALUES (247, 7, 4);
INSERT INTO `menu_role` VALUES (248, 8, 4);
INSERT INTO `menu_role` VALUES (249, 11, 4);
INSERT INTO `menu_role` VALUES (250, 7, 2);
INSERT INTO `menu_role` VALUES (251, 8, 2);
INSERT INTO `menu_role` VALUES (252, 9, 2);
INSERT INTO `menu_role` VALUES (253, 10, 2);
INSERT INTO `menu_role` VALUES (254, 12, 2);
INSERT INTO `menu_role` VALUES (255, 13, 2);
INSERT INTO `menu_role` VALUES (280, 7, 14);
INSERT INTO `menu_role` VALUES (281, 8, 14);
INSERT INTO `menu_role` VALUES (282, 9, 14);
INSERT INTO `menu_role` VALUES (357, 7, 19);
INSERT INTO `menu_role` VALUES (358, 8, 19);
INSERT INTO `menu_role` VALUES (359, 11, 19);
INSERT INTO `menu_role` VALUES (360, 14, 19);
INSERT INTO `menu_role` VALUES (361, 15, 19);
INSERT INTO `menu_role` VALUES (362, 16, 19);
INSERT INTO `menu_role` VALUES (363, 17, 19);
INSERT INTO `menu_role` VALUES (364, 18, 19);
INSERT INTO `menu_role` VALUES (381, 7, 1);
INSERT INTO `menu_role` VALUES (382, 8, 1);
INSERT INTO `menu_role` VALUES (383, 9, 1);
INSERT INTO `menu_role` VALUES (384, 10, 1);
INSERT INTO `menu_role` VALUES (385, 11, 1);
INSERT INTO `menu_role` VALUES (386, 12, 1);
INSERT INTO `menu_role` VALUES (387, 13, 1);
INSERT INTO `menu_role` VALUES (388, 14, 1);
INSERT INTO `menu_role` VALUES (389, 15, 1);
INSERT INTO `menu_role` VALUES (390, 16, 1);
INSERT INTO `menu_role` VALUES (391, 17, 1);
INSERT INTO `menu_role` VALUES (392, 18, 1);
INSERT INTO `menu_role` VALUES (393, 19, 1);
INSERT INTO `menu_role` VALUES (394, 20, 1);
INSERT INTO `menu_role` VALUES (395, 21, 1);
INSERT INTO `menu_role` VALUES (396, 22, 1);
INSERT INTO `menu_role` VALUES (397, 23, 1);
INSERT INTO `menu_role` VALUES (398, 24, 1);
INSERT INTO `menu_role` VALUES (399, 25, 1);
INSERT INTO `menu_role` VALUES (400, 26, 1);
INSERT INTO `menu_role` VALUES (401, 27, 1);
INSERT INTO `menu_role` VALUES (402, 28, 1);

-- ----------------------------
-- Table structure for my_focus
-- ----------------------------
DROP TABLE IF EXISTS `my_focus`;
CREATE TABLE `my_focus`  (
  `id` int(0) NOT NULL AUTO_INCREMENT,
  `name` varchar(255) CHARACTER SET utf8mb4 COLLATE utf8mb4_general_ci NULL DEFAULT NULL,
  `enabled` tinyint(0) NULL DEFAULT NULL,
  `label` varchar(255) CHARACTER SET utf8mb4 COLLATE utf8mb4_general_ci NULL DEFAULT NULL,
  `kw` varchar(255) CHARACTER SET utf8mb4 COLLATE utf8mb4_general_ci NULL DEFAULT NULL,
  PRIMARY KEY (`id`) USING BTREE
) ENGINE = InnoDB AUTO_INCREMENT = 3 CHARACTER SET = utf8mb4 COLLATE = utf8mb4_general_ci ROW_FORMAT = Dynamic;

-- ----------------------------
-- Records of my_focus
-- ----------------------------
INSERT INTO `my_focus` VALUES (1, '怪物猎人', 1, 'ps', '冰原');
INSERT INTO `my_focus` VALUES (2, 'fd', 0, 'NS', NULL);

-- ----------------------------
-- Table structure for my_stock
-- ----------------------------
DROP TABLE IF EXISTS `my_stock`;
CREATE TABLE `my_stock`  (
  `id` int(0) NOT NULL AUTO_INCREMENT,
  `title` varchar(255) CHARACTER SET utf8mb4 COLLATE utf8mb4_general_ci NULL DEFAULT NULL,
  `price` float(10, 2) NULL DEFAULT NULL,
  `stock` int(0) NULL DEFAULT NULL,
  `comment` varchar(255) CHARACTER SET utf8mb4 COLLATE utf8mb4_general_ci NULL DEFAULT NULL,
  `kw` varchar(255) CHARACTER SET utf8mb4 COLLATE utf8mb4_general_ci NULL DEFAULT NULL,
  `label` varchar(255) CHARACTER SET utf8mb4 COLLATE utf8mb4_general_ci NULL DEFAULT NULL,
  PRIMARY KEY (`id`) USING BTREE
) ENGINE = InnoDB AUTO_INCREMENT = 33 CHARACTER SET = utf8mb4 COLLATE = utf8mb4_general_ci ROW_FORMAT = Dynamic;

-- ----------------------------
-- Records of my_stock
-- ----------------------------
INSERT INTO `my_stock` VALUES (18, 'PS4正版二手游戏 鬼泣5 恶魔猎人5  Devil May Cry5英文 现货即发', 60.00, 0, NULL, '鬼泣5', 'PS4');
INSERT INTO `my_stock` VALUES (19, '任天堂二手Switch游戏 NS 巫师3 巫师3狂猎 年度版 带全dlc 中文', 310.00, 0, '港版', '巫师3 ', 'NS');
INSERT INTO `my_stock` VALUES (20, '任天堂二手Switch游戏 NS 超级马里奥 奥德赛 中文 现货即发', 255.00, 0, '国行!', '马里奥 奥德赛', 'NS');
INSERT INTO `my_stock` VALUES (21, 'PS4正版二手游戏 旺达与巨像 Shadow of Colossus 中文 现货即发', 95.00, 1, NULL, '旺达与巨像', 'PS4');
INSERT INTO `my_stock` VALUES (22, '任天堂二手Switch游戏 NS 大人的脑力锻炼 脑锻  内置触控笔 现货', 165.00, 0, '内置笔', '脑力锻炼 带笔', 'NS');
INSERT INTO `my_stock` VALUES (23, 'PS4正版二手游戏 星球大战3 绝地组织殒落 堕落秩序 中文 现货', 175.00, 1, NULL, '星球大战3', 'PS4');
INSERT INTO `my_stock` VALUES (24, 'PS4正版二手游戏  地平线 黎明时分 年度版 完全版 中文 现货即发', 110.00, 2, NULL, '地平线', 'PS4');
INSERT INTO `my_stock` VALUES (25, 'PS4正版二手游戏 漫威蜘蛛侠 新蜘蛛人 Spider Man 中文 现货即发', 189.00, 0, NULL, '蜘蛛侠', 'PS4');
INSERT INTO `my_stock` VALUES (26, '任天堂二手Switch游戏 NS 火纹 火焰之纹章 风花雪月 中文 现货', 315.00, 0, NULL, '火纹 风花雪月', 'NS');
INSERT INTO `my_stock` VALUES (27, 'PS4正版二手游戏  神海4 神秘海域4 盗贼末路 中文  现货即发', 125.00, 1, NULL, '神秘海域4', 'PS4');
INSERT INTO `my_stock` VALUES (28, 'PS4正版二手游戏 最终幻想7 重制版 FF7 FINAL FANTASY 中文 现货', 375.00, 0, NULL, '最终幻想7', 'PS4');
INSERT INTO `my_stock` VALUES (29, 'PS4正版二手游戏  最终幻想15 ff15 中文 现货即发', 89.00, 0, NULL, '最终幻想15', 'PS4');
INSERT INTO `my_stock` VALUES (30, 'PS4正版二手游戏  巫师3 狂猎  普通版 中文  现货即发', 40.00, 2, NULL, '巫师3 普通', 'PS4');
INSERT INTO `my_stock` VALUES (31, 'PS4正版二手游戏 怪物猎人世界冰原 怪猎冰原 ICEBORNE 中文 现货', 239.00, 1, NULL, '怪物猎人 冰原', 'PS4');
INSERT INTO `my_stock` VALUES (32, 'PS4正版二手游戏 刺客信条：奥德赛  刺客信条奥德赛 中文 现货', 135.00, 1, NULL, '刺客信条', 'PS4');

-- ----------------------------
-- Table structure for nation
-- ----------------------------
DROP TABLE IF EXISTS `nation`;
CREATE TABLE `nation`  (
  `id` int(0) NOT NULL AUTO_INCREMENT,
  `name` varchar(32) CHARACTER SET utf8 COLLATE utf8_general_ci NULL DEFAULT NULL,
  PRIMARY KEY (`id`) USING BTREE
) ENGINE = InnoDB AUTO_INCREMENT = 57 CHARACTER SET = utf8 COLLATE = utf8_general_ci ROW_FORMAT = Dynamic;

-- ----------------------------
-- Records of nation
-- ----------------------------
INSERT INTO `nation` VALUES (1, '汉族');
INSERT INTO `nation` VALUES (2, '蒙古族');
INSERT INTO `nation` VALUES (3, '回族');
INSERT INTO `nation` VALUES (4, '藏族');
INSERT INTO `nation` VALUES (5, '维吾尔族');
INSERT INTO `nation` VALUES (6, '苗族');
INSERT INTO `nation` VALUES (7, '彝族');
INSERT INTO `nation` VALUES (8, '壮族');
INSERT INTO `nation` VALUES (9, '布依族');
INSERT INTO `nation` VALUES (10, '朝鲜族');
INSERT INTO `nation` VALUES (11, '满族');
INSERT INTO `nation` VALUES (12, '侗族');
INSERT INTO `nation` VALUES (13, '瑶族');
INSERT INTO `nation` VALUES (14, '白族');
INSERT INTO `nation` VALUES (15, '土家族');
INSERT INTO `nation` VALUES (16, '哈尼族');
INSERT INTO `nation` VALUES (17, '哈萨克族');
INSERT INTO `nation` VALUES (18, '傣族');
INSERT INTO `nation` VALUES (19, '黎族');
INSERT INTO `nation` VALUES (20, '傈僳族');
INSERT INTO `nation` VALUES (21, '佤族');
INSERT INTO `nation` VALUES (22, '畲族');
INSERT INTO `nation` VALUES (23, '高山族');
INSERT INTO `nation` VALUES (24, '拉祜族');
INSERT INTO `nation` VALUES (25, '水族');
INSERT INTO `nation` VALUES (26, '东乡族');
INSERT INTO `nation` VALUES (27, '纳西族');
INSERT INTO `nation` VALUES (28, '景颇族');
INSERT INTO `nation` VALUES (29, '柯尔克孜族');
INSERT INTO `nation` VALUES (30, '土族');
INSERT INTO `nation` VALUES (31, '达斡尔族');
INSERT INTO `nation` VALUES (32, '仫佬族');
INSERT INTO `nation` VALUES (33, '羌族');
INSERT INTO `nation` VALUES (34, '布朗族');
INSERT INTO `nation` VALUES (35, '撒拉族');
INSERT INTO `nation` VALUES (36, '毛难族');
INSERT INTO `nation` VALUES (37, '仡佬族');
INSERT INTO `nation` VALUES (38, '锡伯族');
INSERT INTO `nation` VALUES (39, '阿昌族');
INSERT INTO `nation` VALUES (40, '普米族');
INSERT INTO `nation` VALUES (41, '塔吉克族');
INSERT INTO `nation` VALUES (42, '怒族');
INSERT INTO `nation` VALUES (43, '乌孜别克族');
INSERT INTO `nation` VALUES (44, '俄罗斯族');
INSERT INTO `nation` VALUES (45, '鄂温克族');
INSERT INTO `nation` VALUES (46, '崩龙族');
INSERT INTO `nation` VALUES (47, '保安族');
INSERT INTO `nation` VALUES (48, '裕固族');
INSERT INTO `nation` VALUES (49, '京族');
INSERT INTO `nation` VALUES (50, '塔塔尔族');
INSERT INTO `nation` VALUES (51, '独龙族');
INSERT INTO `nation` VALUES (52, '鄂伦春族');
INSERT INTO `nation` VALUES (53, '赫哲族');
INSERT INTO `nation` VALUES (54, '门巴族');
INSERT INTO `nation` VALUES (55, '珞巴族');
INSERT INTO `nation` VALUES (56, '基诺族');

-- ----------------------------
-- Table structure for ns_goods_shop
-- ----------------------------
DROP TABLE IF EXISTS `ns_goods_shop`;
CREATE TABLE `ns_goods_shop`  (
  `id` int(0) NOT NULL AUTO_INCREMENT,
  `etl_date` varchar(20) CHARACTER SET utf8mb4 COLLATE utf8mb4_0900_ai_ci NULL DEFAULT NULL,
  `etl_time` varchar(20) CHARACTER SET utf8mb4 COLLATE utf8mb4_0900_ai_ci NULL DEFAULT NULL,
  `shop` varchar(50) CHARACTER SET utf8mb4 COLLATE utf8mb4_0900_ai_ci NULL DEFAULT NULL COMMENT '店铺名',
  `kw` varchar(20) CHARACTER SET utf8mb4 COLLATE utf8mb4_0900_ai_ci NULL DEFAULT NULL COMMENT '关键词',
  `title` varchar(100) CHARACTER SET utf8mb4 COLLATE utf8mb4_0900_ai_ci NULL DEFAULT NULL COMMENT '宝贝',
  `price` float NULL DEFAULT NULL COMMENT '价格',
  `sales` int(0) NULL DEFAULT NULL COMMENT '销量',
  `freight` float NULL DEFAULT NULL COMMENT '运费',
  `img_url` varchar(1000) CHARACTER SET utf8mb4 COLLATE utf8mb4_0900_ai_ci NULL DEFAULT NULL COMMENT '图片链接',
  `comment` varchar(100) CHARACTER SET utf8mb4 COLLATE utf8mb4_0900_ai_ci NULL DEFAULT NULL COMMENT '标识0 1 2 3',
  `detail_url` varchar(1000) CHARACTER SET utf8mb4 COLLATE utf8mb4_0900_ai_ci NULL DEFAULT NULL COMMENT '宝贝连接',
  PRIMARY KEY (`id`) USING BTREE
) ENGINE = InnoDB AUTO_INCREMENT = 7360 CHARACTER SET = utf8mb4 COLLATE = utf8mb4_0900_ai_ci ROW_FORMAT = Dynamic;

-- ----------------------------
-- Table structure for politicsstatus
-- ----------------------------
DROP TABLE IF EXISTS `politicsstatus`;
CREATE TABLE `politicsstatus`  (
  `id` int(0) NOT NULL AUTO_INCREMENT,
  `name` varchar(32) CHARACTER SET utf8 COLLATE utf8_general_ci NULL DEFAULT NULL,
  PRIMARY KEY (`id`) USING BTREE
) ENGINE = InnoDB AUTO_INCREMENT = 14 CHARACTER SET = utf8 COLLATE = utf8_general_ci ROW_FORMAT = Dynamic;

-- ----------------------------
-- Records of politicsstatus
-- ----------------------------
INSERT INTO `politicsstatus` VALUES (1, '中共党员');
INSERT INTO `politicsstatus` VALUES (2, '中共预备党员');
INSERT INTO `politicsstatus` VALUES (3, '共青团员');
INSERT INTO `politicsstatus` VALUES (4, '民革党员');
INSERT INTO `politicsstatus` VALUES (5, '民盟盟员');
INSERT INTO `politicsstatus` VALUES (6, '民建会员');
INSERT INTO `politicsstatus` VALUES (7, '民进会员');
INSERT INTO `politicsstatus` VALUES (8, '农工党党员');
INSERT INTO `politicsstatus` VALUES (9, '致公党党员');
INSERT INTO `politicsstatus` VALUES (10, '九三学社社员');
INSERT INTO `politicsstatus` VALUES (11, '台盟盟员');
INSERT INTO `politicsstatus` VALUES (12, '无党派民主人士');
INSERT INTO `politicsstatus` VALUES (13, '普通公民');

-- ----------------------------
-- Table structure for position
-- ----------------------------
DROP TABLE IF EXISTS `position`;
CREATE TABLE `position`  (
  `id` int(0) NOT NULL AUTO_INCREMENT,
  `name` varchar(32) CHARACTER SET utf8 COLLATE utf8_general_ci NULL DEFAULT NULL COMMENT '职位',
  `createDate` timestamp(0) NULL DEFAULT CURRENT_TIMESTAMP(0),
  `enabled` tinyint(1) NULL DEFAULT 1,
  PRIMARY KEY (`id`) USING BTREE,
  UNIQUE INDEX `name`(`name`) USING BTREE
) ENGINE = InnoDB AUTO_INCREMENT = 45 CHARACTER SET = utf8 COLLATE = utf8_general_ci ROW_FORMAT = Dynamic;

-- ----------------------------
-- Records of position
-- ----------------------------
INSERT INTO `position` VALUES (29, '技术总监', '2018-01-11 16:00:00', 1);
INSERT INTO `position` VALUES (30, '运营总监', '2018-01-11 21:13:48', 1);
INSERT INTO `position` VALUES (31, '市场总监', '2018-01-11 00:00:00', 1);
INSERT INTO `position` VALUES (33, '研发工程师', '2018-01-14 00:00:00', 0);
INSERT INTO `position` VALUES (34, '运维工程师', '2018-01-14 16:11:41', 1);
INSERT INTO `position` VALUES (37, 'java开发经理', '2020-02-02 12:10:44', 1);
INSERT INTO `position` VALUES (39, '吊炸天', '2020-02-02 13:59:15', 1);

-- ----------------------------
-- Table structure for role
-- ----------------------------
DROP TABLE IF EXISTS `role`;
CREATE TABLE `role`  (
  `id` int(0) NOT NULL AUTO_INCREMENT,
  `name` varchar(64) CHARACTER SET utf8 COLLATE utf8_general_ci NULL DEFAULT NULL,
  `nameZh` varchar(64) CHARACTER SET utf8 COLLATE utf8_general_ci NULL DEFAULT NULL COMMENT '角色名称',
  PRIMARY KEY (`id`) USING BTREE
) ENGINE = InnoDB AUTO_INCREMENT = 23 CHARACTER SET = utf8 COLLATE = utf8_general_ci ROW_FORMAT = Dynamic;

-- ----------------------------
-- Records of role
-- ----------------------------
INSERT INTO `role` VALUES (1, 'ROLE_manager', '部门经理');
INSERT INTO `role` VALUES (2, 'ROLE_personnel', '人事专员');
INSERT INTO `role` VALUES (3, 'ROLE_recruiter', '招聘主管');
INSERT INTO `role` VALUES (4, 'ROLE_train', '培训主管');
INSERT INTO `role` VALUES (5, 'ROLE_performance', '薪酬绩效主管');
INSERT INTO `role` VALUES (6, 'ROLE_admin', '系统管理员');
INSERT INTO `role` VALUES (13, 'ROLE_test2', '测试角色2');
INSERT INTO `role` VALUES (14, 'ROLE_test1', '测试角色1');
INSERT INTO `role` VALUES (17, 'ROLE_test3', '测试角色3');
INSERT INTO `role` VALUES (18, 'ROLE_test4', '测试角色4');
INSERT INTO `role` VALUES (19, 'ROLE_test4', '测试角色4');
INSERT INTO `role` VALUES (20, 'ROLE_test5', '测试角色5');

-- ----------------------------
-- Table structure for shop
-- ----------------------------
DROP TABLE IF EXISTS `shop`;
CREATE TABLE `shop`  (
  `id` int(0) NOT NULL AUTO_INCREMENT,
  `name` varchar(255) CHARACTER SET utf8mb4 COLLATE utf8mb4_general_ci NULL DEFAULT NULL,
  `comment` varchar(255) CHARACTER SET utf8mb4 COLLATE utf8mb4_general_ci NULL DEFAULT NULL,
  `enabled` tinyint(0) NULL DEFAULT NULL,
  PRIMARY KEY (`id`) USING BTREE
) ENGINE = InnoDB AUTO_INCREMENT = 16 CHARACTER SET = utf8mb4 COLLATE = utf8mb4_general_ci ROW_FORMAT = Dynamic;

-- ----------------------------
-- Records of shop
-- ----------------------------
INSERT INTO `shop` VALUES (1, '宁波老猎人电玩店', '宁波老猎人电玩', 1);
INSERT INTO `shop` VALUES (2, '幸运星阁', '幸运星电玩', 0);
INSERT INTO `shop` VALUES (3, '喵哈哈99', '游戏人艺人', 1);
INSERT INTO `shop` VALUES (4, '游戏8', '上海潮玩电玩', 0);
INSERT INTO `shop` VALUES (5, 'nicewg', '朗悦正品数码商城', 1);
INSERT INTO `shop` VALUES (6, '小姐不可以1987', 'PO 朝廷电玩', 0);
INSERT INTO `shop` VALUES (7, 'tb80960126', '杭州西子电玩', 0);
INSERT INTO `shop` VALUES (8, '机美通讯', '四川大镖客', 0);
INSERT INTO `shop` VALUES (9, '江南美食荟', '神秘时空电玩', 0);
INSERT INTO `shop` VALUES (10, '啊陈小龙', '萌牛电玩游戏世界', 0);
INSERT INTO `shop` VALUES (11, '泡儿', '泡儿电玩', 0);
INSERT INTO `shop` VALUES (12, '圣眼使徒', '南昌圆梦玩家', 0);
INSERT INTO `shop` VALUES (13, '齐乐数码', '上海藏宝海湾', 0);
INSERT INTO `shop` VALUES (14, '马里奥玩家电玩', '马里奥玩家电玩', 0);
INSERT INTO `shop` VALUES (15, '芸峰科技', '芸峰海螺电玩', 0);

-- ----------------------------
-- Table structure for shop_good_url
-- ----------------------------
DROP TABLE IF EXISTS `shop_good_url`;
CREATE TABLE `shop_good_url`  (
  `id` int(0) NOT NULL AUTO_INCREMENT,
  `name` varchar(255) CHARACTER SET utf8mb4 COLLATE utf8mb4_general_ci NULL DEFAULT NULL,
  `switch_url` varchar(255) CHARACTER SET utf8mb4 COLLATE utf8mb4_general_ci NULL DEFAULT NULL,
  `ps4_url` varchar(255) CHARACTER SET utf8mb4 COLLATE utf8mb4_general_ci NULL DEFAULT NULL,
  `ps5_url` varchar(255) CHARACTER SET utf8mb4 COLLATE utf8mb4_general_ci NULL DEFAULT NULL,
  `xbox_url` varchar(255) CHARACTER SET utf8mb4 COLLATE utf8mb4_general_ci NULL DEFAULT NULL,
  `xbox2_url` varchar(255) CHARACTER SET utf8mb4 COLLATE utf8mb4_general_ci NULL DEFAULT NULL,
  `switch2_url` varchar(255) CHARACTER SET utf8mb4 COLLATE utf8mb4_general_ci NULL DEFAULT NULL,
  `enable` int(0) NULL DEFAULT NULL COMMENT '1启用0禁用',
  PRIMARY KEY (`id`) USING BTREE
) ENGINE = InnoDB AUTO_INCREMENT = 20 CHARACTER SET = utf8mb4 COLLATE = utf8mb4_general_ci ROW_FORMAT = Dynamic;

-- ----------------------------
-- Records of shop_good_url
-- ----------------------------
INSERT INTO `shop_good_url` VALUES (1, '朗悦正品数码商城', 'https://langyuedianzi.taobao.com/search.htm?orderType=coefp_desc&viewType=grid&keyword=switch%D3%CE%CF%B7&lowPrice=100&highPrice=600', 'https://langyuedianzi.taobao.com/search.htm?orderType=coefp_desc&viewType=grid&keyword=ps4%D3%CE%CF%B7&lowPrice=30&highPrice=600', NULL, NULL, NULL, NULL, 1);
INSERT INTO `shop_good_url` VALUES (2, '宁波老猎人电玩', 'https://shop255640440.taobao.com/search.htm?orderType=&viewType=grid&keyword=switch%D3%CE%CF%B7&lowPrice=100&highPrice=600', 'https://shop255640440.taobao.com/search.htm?orderType=&viewType=grid&keyword=ps4%D3%CE%CF%B7&lowPrice=30&highPrice=600', NULL, NULL, NULL, NULL, 1);
INSERT INTO `shop_good_url` VALUES (3, '神秘时空电玩', 'https://shop109840779.taobao.com/search.htm?q=switch%D3%CE%CF%B7&s_from=newHeader&ssid=s5-e&search_type=item&sourceId=tb.item', 'https://shop109840779.taobao.com/search.htm?q=ps4%D3%CE%CF%B7&s_from=newHeader&ssid=s5-e&search_type=item&sourceId=tb.item', NULL, NULL, NULL, NULL, 1);
INSERT INTO `shop_good_url` VALUES (5, '畅玩幸运星电玩', 'https://shop63727730.taobao.com/search.htm?q=switch%D3%CE%CF%B7&s_from=newHeader&ssid=s5-e&search_type=item&sourceId=tb.item', 'https://shop63727730.taobao.com/search.htm?q=ps4%D3%CE%CF%B7&s_from=newHeader&ssid=s5-e&search_type=item&sourceId=tb.item', NULL, NULL, NULL, NULL, 1);
INSERT INTO `shop_good_url` VALUES (7, '幻影电玩', 'https://shop58173962.taobao.com/search.htm?q=switch+%D3%CE%CF%B7&s_from=newHeader&ssid=s5-e&search_type=item&sourceId=tb.item', 'https://shop58173962.taobao.com/search.htm?q=ps4+%D3%CE%CF%B7&s_from=newHeader&ssid=s5-e&search_type=item&sourceId=tb.item', NULL, NULL, NULL, NULL, 1);
INSERT INTO `shop_good_url` VALUES (8, '藏宝海湾', 'https://cbhwgame.taobao.com/search.htm?q=switch%D3%CE%CF%B7&s_from=newHeader&ssid=s5-e&search_type=item&sourceId=tb.item', 'https://cbhwgame.taobao.com/search.htm?q=ps4%D3%CE%CF%B7&s_from=newHeader&ssid=s5-e&search_type=item&sourceId=tb.item', NULL, NULL, NULL, NULL, 1);
INSERT INTO `shop_good_url` VALUES (9, 'FF天幻电玩', 'https://shop352561239.taobao.com/search.htm?q=switch%D3%CE%CF%B7&s_from=newHeader&ssid=s5-e&search_type=item&sourceId=tb.item', 'https://shop352561239.taobao.com/search.htm?q=ps4%D3%CE%CF%B7&s_from=newHeader&ssid=s5-e&search_type=item&sourceId=tb.item', NULL, NULL, NULL, NULL, 1);
INSERT INTO `shop_good_url` VALUES (10, 'switch天堂数卡游戏', 'https://shop65812741.taobao.com/search.htm?orderType=hotsell_desc&viewType=grid&keyword=switch%D3%CE%CF%B7&lowPrice=&highPrice=', 'https://shop65812741.taobao.com/search.htm?orderType=hotsell_desc&viewType=grid&keyword=ps4&lowPrice=&highPrice=', NULL, NULL, NULL, NULL, 1);
INSERT INTO `shop_good_url` VALUES (11, '泡儿', 'https://shop63159848.taobao.com/search.htm?orderType=hotsell_desc&viewType=grid&keyword=switch%D3%CE%CF%B7&lowPrice=&highPrice=', 'https://shop63159848.taobao.com/search.htm?orderType=hotsell_desc&viewType=grid&keyword=switch%D3%CE%CF%B7&lowPrice=&highPrice=', NULL, NULL, NULL, NULL, 1);
INSERT INTO `shop_good_url` VALUES (12, '宁波哒哒电玩', 'https://shop35713044.taobao.com/search.htm?orderType=hotsell_desc&viewType=grid&keyword=switch%D3%CE%CF%B7&lowPrice=&highPrice=', 'https://shop35713044.taobao.com/search.htm?orderType=hotsell_desc&viewType=grid&keyword=ps4%D3%CE%CF%B7&lowPrice=&highPrice=', NULL, NULL, NULL, NULL, 1);
INSERT INTO `shop_good_url` VALUES (14, '蓝精灵电玩', 'https://shop324309940.taobao.com/search.htm?q=switch%D3%CE%CF%B7&s_from=newHeader&ssid=s5-e&search_type=item&sourceId=tb.item', 'https://shop324309940.taobao.com/search.htm?q=ps4%D3%CE%CF%B7&s_from=newHeader&ssid=s5-e&search_type=item&sourceId=tb.item', NULL, NULL, NULL, NULL, 1);
INSERT INTO `shop_good_url` VALUES (15, '巴巴拉电玩', 'https://shop190744417.taobao.com/search.htm?q=switch%D3%CE%CF%B7&s_from=newHeader&ssid=s5-e&search_type=item&sourceId=tb.item', 'https://shop190744417.taobao.com/search.htm?orderType=&viewType=grid&keyword=ps4%D3%CE%CF%B7&lowPrice=&highPrice=', NULL, NULL, NULL, NULL, 1);
INSERT INTO `shop_good_url` VALUES (16, '屋檐大叔', 'https://shop422801835.taobao.com/search.htm?q=switch%D3%CE%CF%B7&s_from=newHeader&ssid=s5-e&search_type=item&sourceId=tb.item', 'https://shop422801835.taobao.com/search.htm?q=ps4%D3%CE%CF%B7&s_from=newHeader&ssid=s5-e&search_type=item&sourceId=tb.item', NULL, NULL, NULL, NULL, 1);
INSERT INTO `shop_good_url` VALUES (17, '游戏人游艺', 'https://shop107804625.taobao.com/search.htm?q=switch%D3%CE%CF%B7&s_from=newHeader&ssid=s5-e&search_type=item&sourceId=tb.item', 'https://shop107804625.taobao.com/search.htm?q=ps4%D3%CE%CF%B7&s_from=newHeader&ssid=s5-e&search_type=item&sourceId=tb.item', NULL, NULL, NULL, NULL, 1);
INSERT INTO `shop_good_url` VALUES (18, '南昌圆梦玩家', 'https://pspsp.taobao.com/search.htm?q=switch+%B6%FE%CA%D6%D3%CE%CF%B7&s_from=newHeader&ssid=s5-e&search_type=item&sourceId=tb.item', 'https://pspsp.taobao.com/search.htm?q=ps4+%B6%FE%CA%D6%D3%CE%CF%B7&s_from=newHeader&ssid=s5-e&search_type=item&sourceId=tb.item', NULL, NULL, NULL, NULL, 1);

-- ----------------------------
-- Table structure for shop_warning
-- ----------------------------
DROP TABLE IF EXISTS `shop_warning`;
CREATE TABLE `shop_warning`  (
  `id` int(4) UNSIGNED ZEROFILL NOT NULL AUTO_INCREMENT,
  `sid` int(0) NULL DEFAULT NULL,
  PRIMARY KEY (`id`) USING BTREE
) ENGINE = InnoDB CHARACTER SET = utf8 COLLATE = utf8_general_ci ROW_FORMAT = Dynamic;

-- ----------------------------
-- Records of shop_warning
-- ----------------------------
INSERT INTO `shop_warning` VALUES (0001, 1);
INSERT INTO `shop_warning` VALUES (0002, 5);
INSERT INTO `shop_warning` VALUES (0003, 9);

-- ----------------------------
-- Table structure for tb_kw
-- ----------------------------
DROP TABLE IF EXISTS `tb_kw`;
CREATE TABLE `tb_kw`  (
  `id` int(0) NOT NULL AUTO_INCREMENT,
  `name` varchar(200) CHARACTER SET utf8mb4 COLLATE utf8mb4_general_ci NULL DEFAULT NULL,
  `type` varchar(200) CHARACTER SET utf8mb4 COLLATE utf8mb4_general_ci NULL DEFAULT NULL,
  PRIMARY KEY (`id`) USING BTREE
) ENGINE = InnoDB AUTO_INCREMENT = 95102 CHARACTER SET = utf8mb4 COLLATE = utf8mb4_general_ci ROW_FORMAT = Dynamic;

-- ----------------------------
-- Records of tb_kw
-- ----------------------------
INSERT INTO `tb_kw` VALUES (94869, 'switch 暗黑血统 创世纪', 'warning');
INSERT INTO `tb_kw` VALUES (94870, 'ps4 荒野大镖客 2', 'info');
INSERT INTO `tb_kw` VALUES (94871, 'switch 异度神剑 终极版!2', 'info');
INSERT INTO `tb_kw` VALUES (94872, 'ps4 战地 1', 'info');
INSERT INTO `tb_kw` VALUES (94873, 'switch 塞尔达传说 荒野之息', 'info');
INSERT INTO `tb_kw` VALUES (94874, 'ps4 仁王 完全版', 'info');
INSERT INTO `tb_kw` VALUES (94875, 'switch 宝可梦 剑盾', 'info');
INSERT INTO `tb_kw` VALUES (94876, 'ps4 仁王 2', 'info');
INSERT INTO `tb_kw` VALUES (94877, 'switch 火纹 风花雪月', 'info');
INSERT INTO `tb_kw` VALUES (94878, 'ps4 神秘海域 4', 'info');
INSERT INTO `tb_kw` VALUES (94879, 'switch 勇者斗恶龙11 追忆', 'info');
INSERT INTO `tb_kw` VALUES (94880, 'ps4 地平线 年度版!白金版', 'info');
INSERT INTO `tb_kw` VALUES (94881, 'switch 星魂之链 星际锁链', 'info');
INSERT INTO `tb_kw` VALUES (94882, 'ps4 漫威蜘蛛侠 新蜘蛛人', 'info');
INSERT INTO `tb_kw` VALUES (94883, 'switch 薄暮传说 宵星传说', 'info');
INSERT INTO `tb_kw` VALUES (94884, 'ps4 最终幻想 7', 'info');
INSERT INTO `tb_kw` VALUES (94885, 'switch 超级马里奥 奥德赛', 'info');
INSERT INTO `tb_kw` VALUES (94886, 'ps4 美国 末日!2', 'info');
INSERT INTO `tb_kw` VALUES (94887, 'switch 舞力全开 2020', 'info');
INSERT INTO `tb_kw` VALUES (94888, 'ps4 美国末日 2', 'info');
INSERT INTO `tb_kw` VALUES (94889, 'switch 路易鬼屋 3', 'info');
INSERT INTO `tb_kw` VALUES (94890, 'ps4 只狼 影逝二度', 'info');
INSERT INTO `tb_kw` VALUES (94891, 'switch 马里奥赛车 8', 'info');
INSERT INTO `tb_kw` VALUES (94892, 'ps4 死亡 搁浅', 'info');
INSERT INTO `tb_kw` VALUES (94893, 'switch 任天堂 全明星大乱斗', 'info');
INSERT INTO `tb_kw` VALUES (94894, 'ps4 合金装备 5!年度', 'info');
INSERT INTO `tb_kw` VALUES (94895, 'switch 超级马里奥 派对', 'info');
INSERT INTO `tb_kw` VALUES (94896, 'ps4 合金装备 5年度', 'info');
INSERT INTO `tb_kw` VALUES (94897, 'switch 塞尔达传说 织梦岛', 'info');
INSERT INTO `tb_kw` VALUES (94898, 'ps4 底特律 变人', 'info');
INSERT INTO `tb_kw` VALUES (94899, 'switch 异度神剑 2!黄金', 'info');
INSERT INTO `tb_kw` VALUES (94900, 'ps4 刺客信条 奥德赛', 'info');
INSERT INTO `tb_kw` VALUES (94901, 'switch 异度神剑2 黄金', 'info');
INSERT INTO `tb_kw` VALUES (94902, 'ps4 巫师3 年度', 'info');
INSERT INTO `tb_kw` VALUES (94903, 'switch 暗黑破坏神 3', 'info');
INSERT INTO `tb_kw` VALUES (94904, 'ps4 巫师 3!年度', 'info');
INSERT INTO `tb_kw` VALUES (94905, 'switch 巫师 3', 'info');
INSERT INTO `tb_kw` VALUES (94906, 'ps4 战神 4', 'info');
INSERT INTO `tb_kw` VALUES (94907, 'switch 喷射战士 2', 'info');
INSERT INTO `tb_kw` VALUES (94908, 'ps4 战神 3', 'info');
INSERT INTO `tb_kw` VALUES (94909, 'switch 八方 旅人', 'info');
INSERT INTO `tb_kw` VALUES (94910, 'ps4 怪物猎人 冰原', 'info');
INSERT INTO `tb_kw` VALUES (94911, 'switch 超级马里奥制造 2', 'info');
INSERT INTO `tb_kw` VALUES (94912, 'ps4 尼尔 机械纪元', 'info');
INSERT INTO `tb_kw` VALUES (94913, 'switch 健身环 大冒险', 'info');
INSERT INTO `tb_kw` VALUES (94914, 'ps4 往日 不再', 'info');
INSERT INTO `tb_kw` VALUES (94915, 'switch 新马里奥兄弟 U', 'info');
INSERT INTO `tb_kw` VALUES (94916, 'ps4 街霸 5', 'info');
INSERT INTO `tb_kw` VALUES (94917, 'switch 有氧 拳击 ', 'info');
INSERT INTO `tb_kw` VALUES (94918, 'ps4 孤岛惊魂 5!杀戮', 'info');
INSERT INTO `tb_kw` VALUES (94919, 'switch 文明 6', 'info');
INSERT INTO `tb_kw` VALUES (94920, 'ps4 孤岛惊魂 原始杀戮', 'info');
INSERT INTO `tb_kw` VALUES (94921, 'switch 煮糊了 1+2', 'info');
INSERT INTO `tb_kw` VALUES (94922, 'ps4 星球大战 3', 'info');
INSERT INTO `tb_kw` VALUES (94923, 'switch 海贼 无双4', 'info');
INSERT INTO `tb_kw` VALUES (94924, 'ps4 鬼泣 5', 'info');
INSERT INTO `tb_kw` VALUES (94925, 'switch 哆啦A梦 牧场物语', 'info');
INSERT INTO `tb_kw` VALUES (94926, 'ps4 伊苏 9', 'info');
INSERT INTO `tb_kw` VALUES (94927, 'switch 火影忍者 究极风暴4', 'info');
INSERT INTO `tb_kw` VALUES (94928, 'ps4 真三国无双 8', 'info');
INSERT INTO `tb_kw` VALUES (94929, 'switch 刺客信条 合集', 'info');
INSERT INTO `tb_kw` VALUES (94930, 'ps4 古墓丽影 11', 'info');
INSERT INTO `tb_kw` VALUES (94931, 'switch 死亡 细胞', 'info');
INSERT INTO `tb_kw` VALUES (94932, 'ps4 最终幻想 15', 'info');
INSERT INTO `tb_kw` VALUES (94933, 'switch 马里奥 网球', 'info');
INSERT INTO `tb_kw` VALUES (94934, 'ps4 新 樱花大战', 'info');
INSERT INTO `tb_kw` VALUES (94935, 'switch 牧场物语 矿石镇', 'info');
INSERT INTO `tb_kw` VALUES (94936, 'ps4 直到黎明 血戮', 'info');
INSERT INTO `tb_kw` VALUES (94937, 'switch 上古卷轴 5', 'info');
INSERT INTO `tb_kw` VALUES (94938, 'ps4 直到黎明 惨剧', 'info');
INSERT INTO `tb_kw` VALUES (94939, 'switch 勇者斗恶龙 建造者2', 'info');
INSERT INTO `tb_kw` VALUES (94940, 'ps4 王国之心 3', 'info');
INSERT INTO `tb_kw` VALUES (94941, 'switch 马里奥 东京奥运会', 'info');
INSERT INTO `tb_kw` VALUES (94942, 'ps4 极品飞车20 复仇', 'info');
INSERT INTO `tb_kw` VALUES (94943, 'switch ARMS 强力拳击', 'info');
INSERT INTO `tb_kw` VALUES (94944, 'ps4 极品飞车21 热焰', 'info');
INSERT INTO `tb_kw` VALUES (94945, 'switch 剪纸人 一起剪吧', 'info');
INSERT INTO `tb_kw` VALUES (94946, 'ps4 对马 之魂', 'info');
INSERT INTO `tb_kw` VALUES (94947, 'switch 太鼓 达人', 'info');
INSERT INTO `tb_kw` VALUES (94948, 'ps4 小小 大星球', 'info');
INSERT INTO `tb_kw` VALUES (94949, 'switch 黑暗之魂 1', 'info');
INSERT INTO `tb_kw` VALUES (94950, 'ps4 战地 5', 'info');
INSERT INTO `tb_kw` VALUES (94951, 'switch 逆转裁判 123合集', 'info');
INSERT INTO `tb_kw` VALUES (94952, 'ps4 地铁 离去', 'info');
INSERT INTO `tb_kw` VALUES (94953, 'switch 龙珠斗士 Z', 'info');
INSERT INTO `tb_kw` VALUES (94954, 'ps4 控制 量子', 'info');
INSERT INTO `tb_kw` VALUES (94955, 'switch 耀西的 手工世界', 'info');
INSERT INTO `tb_kw` VALUES (94956, 'ps4 火影忍者 博人之路', 'info');
INSERT INTO `tb_kw` VALUES (94957, 'switch 莱莎的 炼金工房', 'info');
INSERT INTO `tb_kw` VALUES (94958, 'ps4 NBA 2K20!19', 'info');
INSERT INTO `tb_kw` VALUES (94959, 'switch 双点 医院', 'info');
INSERT INTO `tb_kw` VALUES (94960, 'ps4 刺客信条 7', 'info');
INSERT INTO `tb_kw` VALUES (94961, 'switch 圣剑传说 3!合集', 'info');
INSERT INTO `tb_kw` VALUES (94962, 'ps4 神秘海域 123合集', 'info');
INSERT INTO `tb_kw` VALUES (94963, 'switch 圣剑传说 合集', 'info');
INSERT INTO `tb_kw` VALUES (94964, 'ps4 审判 之眼', 'info');
INSERT INTO `tb_kw` VALUES (94965, 'switch 真三国无双7 帝国', 'info');
INSERT INTO `tb_kw` VALUES (94966, 'ps4 皇牌 空战7', 'info');
INSERT INTO `tb_kw` VALUES (94967, 'switch 真三国无双7 猛将', 'info');
INSERT INTO `tb_kw` VALUES (94968, 'ps4 旺达与 巨像', 'info');
INSERT INTO `tb_kw` VALUES (94969, 'switch 猎天使魔女 2', 'info');
INSERT INTO `tb_kw` VALUES (94970, 'ps4 NBA 19', 'info');
INSERT INTO `tb_kw` VALUES (94971, 'switch 尊巴 健身', 'info');
INSERT INTO `tb_kw` VALUES (94972, 'ps4 FIFA 19', 'info');
INSERT INTO `tb_kw` VALUES (94973, 'switch 怪物猎人 XX', 'info');
INSERT INTO `tb_kw` VALUES (94974, 'ps4 血缘 老猎人!诅咒', 'info');
INSERT INTO `tb_kw` VALUES (94975, 'switch 无双大蛇 3', 'info');
INSERT INTO `tb_kw` VALUES (94976, 'ps4 血缘 诅咒', 'info');
INSERT INTO `tb_kw` VALUES (94977, 'switch 马里奥 疯狂兔子', 'info');
INSERT INTO `tb_kw` VALUES (94978, 'ps4 分手 厨房!2', 'info');
INSERT INTO `tb_kw` VALUES (94979, 'switch 龙之信条 黑暗再临', 'info');
INSERT INTO `tb_kw` VALUES (94980, 'ps4 分手厨房 1+2', 'info');
INSERT INTO `tb_kw` VALUES (94981, 'switch 动物 之森', 'info');
INSERT INTO `tb_kw` VALUES (94982, 'ps4 分手厨房 2!1+2', 'info');
INSERT INTO `tb_kw` VALUES (94983, 'switch 血污 夜之仪式', 'info');
INSERT INTO `tb_kw` VALUES (94984, 'ps4 驾驶 俱乐部', 'info');
INSERT INTO `tb_kw` VALUES (94985, 'switch 超级炸弹人 R', 'info');
INSERT INTO `tb_kw` VALUES (94986, 'ps4 JUMP大乱斗 FORCE', 'info');
INSERT INTO `tb_kw` VALUES (94987, 'switch 三国志 13', 'info');
INSERT INTO `tb_kw` VALUES (94988, 'ps4 JUMP 大乱斗!FORCE', 'info');
INSERT INTO `tb_kw` VALUES (94989, 'switch NBA 2K20', 'info');
INSERT INTO `tb_kw` VALUES (94990, 'ps4 闪之轨迹 3', 'info');
INSERT INTO `tb_kw` VALUES (94991, 'switch 前进 队长', 'info');
INSERT INTO `tb_kw` VALUES (94992, 'ps4 实况足球 2020', 'info');
INSERT INTO `tb_kw` VALUES (94993, 'switch 刀剑神域 虚空幻界', 'info');
INSERT INTO `tb_kw` VALUES (94994, 'ps4 实况足球 2019', 'info');
INSERT INTO `tb_kw` VALUES (94995, 'switch 最终幻想 12', 'info');
INSERT INTO `tb_kw` VALUES (94996, 'ps4 古墓丽影 10', 'info');
INSERT INTO `tb_kw` VALUES (94997, 'switch 数码宝贝 物语', 'info');
INSERT INTO `tb_kw` VALUES (94998, 'ps4 次子 声名狼藉', 'info');
INSERT INTO `tb_kw` VALUES (94999, 'switch 超级机器人大战 V', 'info');
INSERT INTO `tb_kw` VALUES (95000, 'ps4 雷曼 传奇', 'info');
INSERT INTO `tb_kw` VALUES (95001, 'switch 初音 未来', 'info');
INSERT INTO `tb_kw` VALUES (95002, 'ps4 勇者斗恶龙建造者 2', 'info');
INSERT INTO `tb_kw` VALUES (95003, 'switch 塞尔达 无双', 'info');
INSERT INTO `tb_kw` VALUES (95004, 'ps4 女神异闻录5 皇家版', 'info');
INSERT INTO `tb_kw` VALUES (95005, 'switch 阻击精英 3', 'info');
INSERT INTO `tb_kw` VALUES (95006, 'ps4 女神异闻录 5R', 'info');
INSERT INTO `tb_kw` VALUES (95007, 'switch 口袋 铁拳', 'info');
INSERT INTO `tb_kw` VALUES (95008, 'ps4 女神异闻录 P5!皇家', 'info');
INSERT INTO `tb_kw` VALUES (95009, 'switch 侍道 外传', 'info');
INSERT INTO `tb_kw` VALUES (95010, 'ps4 勇者斗恶龙11 追忆', 'info');
INSERT INTO `tb_kw` VALUES (95011, 'switch 重返德军 总部', 'info');
INSERT INTO `tb_kw` VALUES (95012, 'ps4 神界原罪 2', 'info');
INSERT INTO `tb_kw` VALUES (95013, 'switch 舞力全开 19', 'info');
INSERT INTO `tb_kw` VALUES (95014, 'ps4 海贼无双 4', 'info');
INSERT INTO `tb_kw` VALUES (95015, 'switch 星之  卡比', 'info');
INSERT INTO `tb_kw` VALUES (95016, 'ps4 三国无双 7', 'info');
INSERT INTO `tb_kw` VALUES (95017, 'switch 空洞 骑士', 'info');
INSERT INTO `tb_kw` VALUES (95018, 'ps4 神秘海域 失落的遗产', 'info');
INSERT INTO `tb_kw` VALUES (95019, 'switch 刺客信条 高清', 'info');
INSERT INTO `tb_kw` VALUES (95020, 'ps4 无主之地 3', 'info');
INSERT INTO `tb_kw` VALUES (95021, 'switch 幻影 异闻录', 'info');
INSERT INTO `tb_kw` VALUES (95022, 'ps4 莱莎的 炼金工房', 'info');
INSERT INTO `tb_kw` VALUES (95023, 'switch 梦境 档案', 'info');
INSERT INTO `tb_kw` VALUES (95024, 'ps4 高达 VS', 'info');
INSERT INTO `tb_kw` VALUES (95025, 'switch 舞力全开 18', 'info');
INSERT INTO `tb_kw` VALUES (95026, 'ps4 瑞奇 与叮当', 'info');
INSERT INTO `tb_kw` VALUES (95027, 'switch 沙滩排球 3', 'info');
INSERT INTO `tb_kw` VALUES (95028, 'ps4 血污 夜之仪式', 'info');
INSERT INTO `tb_kw` VALUES (95029, 'switch 世界 拉力锦标赛8', 'info');
INSERT INTO `tb_kw` VALUES (95030, 'ps4 三国志 14', 'info');
INSERT INTO `tb_kw` VALUES (95031, 'switch 真人快打 11', 'info');
INSERT INTO `tb_kw` VALUES (95032, 'ps4 恶灵附身 2', 'info');
INSERT INTO `tb_kw` VALUES (95033, 'switch 漫威英雄 3', 'info');
INSERT INTO `tb_kw` VALUES (95034, 'ps4 纳克大冒险 2', 'info');
INSERT INTO `tb_kw` VALUES (95035, 'switch 暗黑血统 2', 'info');
INSERT INTO `tb_kw` VALUES (95036, 'ps4 泰坦陨落 2', 'info');
INSERT INTO `tb_kw` VALUES (95037, 'switch 战场女武神 4', 'info');
INSERT INTO `tb_kw` VALUES (95038, 'ps4 黑暗之魂 1', 'info');
INSERT INTO `tb_kw` VALUES (95039, 'switch 最终幻想 10', 'info');
INSERT INTO `tb_kw` VALUES (95040, 'ps4 花园战争 3', 'info');
INSERT INTO `tb_kw` VALUES (95041, 'switch 火纹 无双', 'info');
INSERT INTO `tb_kw` VALUES (95042, 'ps4 最后的 守护者', 'info');
INSERT INTO `tb_kw` VALUES (95043, 'switch 三位一体 4', 'info');
INSERT INTO `tb_kw` VALUES (95044, 'ps4 毁灭战士 5', 'info');
INSERT INTO `tb_kw` VALUES (95045, 'switch 盐与 避难所', 'info');
INSERT INTO `tb_kw` VALUES (95046, 'ps4 妖怪手表 4', 'info');
INSERT INTO `tb_kw` VALUES (95047, 'switch FIFA 2020', 'info');
INSERT INTO `tb_kw` VALUES (95048, 'ps4 最终幻想 12', 'info');
INSERT INTO `tb_kw` VALUES (95049, 'switch 刀剑神域 夺命凶弹', 'info');
INSERT INTO `tb_kw` VALUES (95050, 'ps4 世界足球 18', 'info');
INSERT INTO `tb_kw` VALUES (95051, 'switch 新命运 之夜', 'info');
INSERT INTO `tb_kw` VALUES (95052, 'ps4 凯瑟琳 口感', 'info');
INSERT INTO `tb_kw` VALUES (95053, 'switch 俄罗斯 方块', 'info');
INSERT INTO `tb_kw` VALUES (95054, 'ps4 海贼无双 3', 'info');
INSERT INTO `tb_kw` VALUES (95055, 'switch 恋爱 乙女', 'info');
INSERT INTO `tb_kw` VALUES (95056, 'ps4 嗜血 代码', 'info');
INSERT INTO `tb_kw` VALUES (95057, 'switch 超级街霸 30周年', 'info');
INSERT INTO `tb_kw` VALUES (95058, 'ps4 大蛇无双 3!终极版', 'info');
INSERT INTO `tb_kw` VALUES (95059, 'switch 进击的巨人2 最终战', 'info');
INSERT INTO `tb_kw` VALUES (95060, 'ps4 大蛇无双3 终极版', 'info');
INSERT INTO `tb_kw` VALUES (95061, 'switch 进击的巨人 2!最终战', 'info');
INSERT INTO `tb_kw` VALUES (95062, 'ps4 正当防卫 4', 'info');
INSERT INTO `tb_kw` VALUES (95063, 'switch 热血格斗 双截龙', 'info');
INSERT INTO `tb_kw` VALUES (95064, 'ps4 古墓丽影 9', 'info');
INSERT INTO `tb_kw` VALUES (95065, 'switch 迪士尼 嘉年华', 'info');
INSERT INTO `tb_kw` VALUES (95066, 'ps4 重力眩晕 2', 'info');
INSERT INTO `tb_kw` VALUES (95067, 'switch 炼金术士 4', 'info');
INSERT INTO `tb_kw` VALUES (95068, 'ps4 GT 赛车', 'info');
INSERT INTO `tb_kw` VALUES (95069, 'switch 乐高小城 城市', 'info');
INSERT INTO `tb_kw` VALUES (95070, 'ps4 瘟疫 传说', 'info');
INSERT INTO `tb_kw` VALUES (95071, 'switch 体感 嘉年华', 'info');
INSERT INTO `tb_kw` VALUES (95072, 'ps4 刺客信条 合集', 'info');
INSERT INTO `tb_kw` VALUES (95073, 'switch 秋之回忆8 告别回忆', 'info');
INSERT INTO `tb_kw` VALUES (95074, 'ps4 伊苏 8', 'info');
INSERT INTO `tb_kw` VALUES (95075, 'switch 秋之回忆 8!告别回忆', 'info');
INSERT INTO `tb_kw` VALUES (95076, 'ps4 辐射 4', 'info');
INSERT INTO `tb_kw` VALUES (95077, 'switch 我的世界 基岩版', 'info');
INSERT INTO `tb_kw` VALUES (95078, 'ps4 刺客信条 大革命', 'info');
INSERT INTO `tb_kw` VALUES (95079, 'switch 深夜 回', 'info');
INSERT INTO `tb_kw` VALUES (95080, 'ps4 教团 1886', 'info');
INSERT INTO `tb_kw` VALUES (95081, 'switch 方舟 生存进化', 'info');
INSERT INTO `tb_kw` VALUES (95082, 'ps4 全境封锁 2', 'info');
INSERT INTO `tb_kw` VALUES (95083, 'switch 绝命都市 4', 'info');
INSERT INTO `tb_kw` VALUES (95084, 'ps4 拳皇 14', 'info');
INSERT INTO `tb_kw` VALUES (95085, 'switch 超级街霸 2', 'info');
INSERT INTO `tb_kw` VALUES (95086, 'ps4 杀手 2', 'info');
INSERT INTO `tb_kw` VALUES (95087, 'switch 热血 少女', 'info');
INSERT INTO `tb_kw` VALUES (95088, 'ps4 恶灵附身 1', 'info');
INSERT INTO `tb_kw` VALUES (95089, 'switch 光之子 勇敢', 'info');
INSERT INTO `tb_kw` VALUES (95090, 'ps4 超级机器人大战 OG', 'info');
INSERT INTO `tb_kw` VALUES (95091, 'switch 机甲狂潮 2', 'info');
INSERT INTO `tb_kw` VALUES (95092, 'ps4 暗黑血统 3', 'info');
INSERT INTO `tb_kw` VALUES (95093, 'ps4 风之旅人 合集', 'info');
INSERT INTO `tb_kw` VALUES (95094, 'ps4 风之 旅人!合集', 'info');
INSERT INTO `tb_kw` VALUES (95095, 'ps4 超级机器人 大战V', 'info');
INSERT INTO `tb_kw` VALUES (95096, 'ps4 无双大蛇 2', 'info');
INSERT INTO `tb_kw` VALUES (95097, 'ps4 圣斗士 星矢', 'info');
INSERT INTO `tb_kw` VALUES (95098, 'ps4 黑手党 3', 'info');
INSERT INTO `tb_kw` VALUES (95099, 'ps4 生或死 6', 'info');
INSERT INTO `tb_kw` VALUES (95100, 'ps4 超级机器人 大战T', 'info');
INSERT INTO `tb_kw` VALUES (95101, 'ps4 狂战传说 绯夜', 'info');

-- ----------------------------
-- Table structure for tb_search
-- ----------------------------
DROP TABLE IF EXISTS `tb_search`;
CREATE TABLE `tb_search`  (
  `id` int(0) NOT NULL AUTO_INCREMENT,
  `name` varchar(200) CHARACTER SET utf8mb4 COLLATE utf8mb4_general_ci NULL DEFAULT NULL,
  `type` varchar(200) CHARACTER SET utf8mb4 COLLATE utf8mb4_general_ci NULL DEFAULT NULL,
  `enabled` int(0) NULL DEFAULT NULL,
  PRIMARY KEY (`id`) USING BTREE
) ENGINE = InnoDB AUTO_INCREMENT = 23138 CHARACTER SET = utf8mb4 COLLATE = utf8mb4_general_ci ROW_FORMAT = Dynamic;

-- ----------------------------
-- Records of tb_search
-- ----------------------------
INSERT INTO `tb_search` VALUES (22913, 'switch二手游戏 暗黑血统创世纪', 'info', 1);
INSERT INTO `tb_search` VALUES (22914, 'ps4二手游戏 荒野大镖客2', 'info', 1);
INSERT INTO `tb_search` VALUES (22915, 'switch二手游戏 异度神剑终极版', 'info', 1);
INSERT INTO `tb_search` VALUES (22916, 'ps4二手游戏 战地1', 'info', 1);
INSERT INTO `tb_search` VALUES (22917, 'switch二手游戏 塞尔达传说荒野之息', 'info', 1);
INSERT INTO `tb_search` VALUES (22918, 'ps4二手游戏 仁王1', 'info', 1);
INSERT INTO `tb_search` VALUES (22919, 'switch二手游戏 宝可梦剑盾', 'info', 1);
INSERT INTO `tb_search` VALUES (22920, 'ps4二手游戏 仁王2', 'info', 1);
INSERT INTO `tb_search` VALUES (22921, 'switch二手游戏 火纹风花雪月', 'info', 1);
INSERT INTO `tb_search` VALUES (22922, 'ps4二手游戏 神秘海域4', 'info', 1);
INSERT INTO `tb_search` VALUES (22923, 'switch二手游戏 勇者斗恶龙11追忆', 'info', 1);
INSERT INTO `tb_search` VALUES (22924, 'ps4二手游戏 地平线年度版', 'info', 1);
INSERT INTO `tb_search` VALUES (22925, 'switch二手游戏 星魂之链星际锁链', 'info', 1);
INSERT INTO `tb_search` VALUES (22926, 'ps4二手游戏 漫威蜘蛛侠新蜘蛛人', 'info', 1);
INSERT INTO `tb_search` VALUES (22927, 'switch二手游戏 薄暮传说', 'info', 1);
INSERT INTO `tb_search` VALUES (22928, 'ps4二手游戏 最终幻想7', 'info', 1);
INSERT INTO `tb_search` VALUES (22929, 'switch二手游戏 超级马里奥奥德赛', 'info', 1);
INSERT INTO `tb_search` VALUES (22930, 'ps4二手游戏 美国末日1', 'info', 1);
INSERT INTO `tb_search` VALUES (22931, 'switch二手游戏 舞力全开2020', 'info', 1);
INSERT INTO `tb_search` VALUES (22932, 'ps4二手游戏 美国末日2', 'info', 1);
INSERT INTO `tb_search` VALUES (22933, 'switch二手游戏 路易鬼屋3', 'info', 1);
INSERT INTO `tb_search` VALUES (22934, 'ps4二手游戏 只狼', 'info', 1);
INSERT INTO `tb_search` VALUES (22935, 'switch二手游戏 马里奥赛车8', 'info', 1);
INSERT INTO `tb_search` VALUES (22936, 'ps4二手游戏 死亡搁浅', 'info', 1);
INSERT INTO `tb_search` VALUES (22937, 'switch二手游戏 任天堂全明星大乱斗', 'info', 1);
INSERT INTO `tb_search` VALUES (22938, 'ps4二手游戏 十三机兵防卫圈13', 'info', 1);
INSERT INTO `tb_search` VALUES (22939, 'switch二手游戏 超级马里奥派对', 'info', 1);
INSERT INTO `tb_search` VALUES (22940, 'switch二手游戏 塞尔达传说织梦岛', 'info', 1);
INSERT INTO `tb_search` VALUES (22941, 'ps4二手游戏 合金装备5', 'info', 1);
INSERT INTO `tb_search` VALUES (22942, 'switch二手游戏 异度神剑2', 'info', 1);
INSERT INTO `tb_search` VALUES (22943, 'ps4二手游戏 底特律变人', 'info', 1);
INSERT INTO `tb_search` VALUES (22944, 'switch二手游戏 暗黑破坏神3', 'info', 1);
INSERT INTO `tb_search` VALUES (22945, 'ps4二手游戏 巫师3年度', 'info', 1);
INSERT INTO `tb_search` VALUES (22946, 'switch二手游戏 巫师3', 'info', 1);
INSERT INTO `tb_search` VALUES (22947, 'ps4二手游戏 巫师3', 'info', 1);
INSERT INTO `tb_search` VALUES (22948, 'switch二手游戏 喷射战士2', 'info', 1);
INSERT INTO `tb_search` VALUES (22949, 'ps4二手游戏 战神4', 'info', 1);
INSERT INTO `tb_search` VALUES (22950, 'switch二手游戏 八方旅人', 'info', 1);
INSERT INTO `tb_search` VALUES (22951, 'ps4二手游戏 战神3', 'info', 1);
INSERT INTO `tb_search` VALUES (22952, 'switch二手游戏 超级马里奥制造2', 'info', 1);
INSERT INTO `tb_search` VALUES (22953, 'ps4二手游戏 怪物猎人冰原', 'info', 1);
INSERT INTO `tb_search` VALUES (22954, 'switch二手游戏 健身环大冒险', 'info', 1);
INSERT INTO `tb_search` VALUES (22955, 'ps4二手游戏 尼尔机械纪元', 'info', 1);
INSERT INTO `tb_search` VALUES (22956, 'switch二手游戏 新马里奥兄弟U', 'info', 1);
INSERT INTO `tb_search` VALUES (22957, 'ps4二手游戏 往日不再', 'info', 1);
INSERT INTO `tb_search` VALUES (22958, 'switch二手游戏 有氧拳击', 'info', 1);
INSERT INTO `tb_search` VALUES (22959, 'ps4二手游戏 街霸5', 'info', 1);
INSERT INTO `tb_search` VALUES (22960, 'switch二手游戏 文明6', 'info', 1);
INSERT INTO `tb_search` VALUES (22961, 'ps4二手游戏 孤岛惊魂5', 'info', 1);
INSERT INTO `tb_search` VALUES (22962, 'switch二手游戏 煮糊了1+2', 'info', 1);
INSERT INTO `tb_search` VALUES (22963, 'ps4二手游戏 孤岛惊魂原始杀戮', 'info', 1);
INSERT INTO `tb_search` VALUES (22964, 'switch二手游戏 海贼无双4', 'info', 1);
INSERT INTO `tb_search` VALUES (22965, 'ps4二手游戏 星球大战3', 'info', 1);
INSERT INTO `tb_search` VALUES (22966, 'switch二手游戏 哆啦A梦牧场物语', 'info', 1);
INSERT INTO `tb_search` VALUES (22967, 'ps4二手游戏 鬼泣5', 'info', 1);
INSERT INTO `tb_search` VALUES (22968, 'switch二手游戏 火影忍者究极风暴4', 'info', 1);
INSERT INTO `tb_search` VALUES (22969, 'ps4二手游戏 伊苏9', 'info', 1);
INSERT INTO `tb_search` VALUES (22970, 'switch二手游戏 刺客信条合集', 'info', 1);
INSERT INTO `tb_search` VALUES (22971, 'ps4二手游戏 真三国无双8', 'info', 1);
INSERT INTO `tb_search` VALUES (22972, 'switch二手游戏 死亡细胞', 'info', 1);
INSERT INTO `tb_search` VALUES (22973, 'ps4二手游戏 古墓丽影11', 'info', 1);
INSERT INTO `tb_search` VALUES (22974, 'switch二手游戏 马里奥网球', 'info', 1);
INSERT INTO `tb_search` VALUES (22975, 'ps4二手游戏 最终幻想15', 'info', 1);
INSERT INTO `tb_search` VALUES (22976, 'switch二手游戏 牧场物语矿石镇', 'info', 1);
INSERT INTO `tb_search` VALUES (22977, 'ps4二手游戏 新樱花大战', 'info', 1);
INSERT INTO `tb_search` VALUES (22978, 'switch二手游戏 上古卷轴5', 'info', 1);
INSERT INTO `tb_search` VALUES (22979, 'ps4二手游戏 直到黎明血戮', 'info', 1);
INSERT INTO `tb_search` VALUES (22980, 'switch二手游戏 勇者斗恶龙建造者2', 'info', 1);
INSERT INTO `tb_search` VALUES (22981, 'ps4二手游戏 直到黎明惨剧', 'info', 1);
INSERT INTO `tb_search` VALUES (22982, 'switch二手游戏 马里奥东京奥运会', 'info', 1);
INSERT INTO `tb_search` VALUES (22983, 'ps4二手游戏 王国之心3', 'info', 1);
INSERT INTO `tb_search` VALUES (22984, 'switch二手游戏 ARMS强力拳击', 'info', 1);
INSERT INTO `tb_search` VALUES (22985, 'ps4二手游戏 极品飞车20复仇', 'info', 1);
INSERT INTO `tb_search` VALUES (22986, 'switch二手游戏 剪纸人', 'info', 1);
INSERT INTO `tb_search` VALUES (22987, 'ps4二手游戏 极品飞车21热焰', 'info', 1);
INSERT INTO `tb_search` VALUES (22988, 'switch二手游戏 太鼓达人', 'info', 1);
INSERT INTO `tb_search` VALUES (22989, 'ps4二手游戏 对马之魂', 'info', 1);
INSERT INTO `tb_search` VALUES (22990, 'switch二手游戏 黑暗之魂1', 'info', 1);
INSERT INTO `tb_search` VALUES (22991, 'ps4二手游戏 小小大星球', 'info', 1);
INSERT INTO `tb_search` VALUES (22992, 'switch二手游戏 逆转裁判123合集', 'info', 1);
INSERT INTO `tb_search` VALUES (22993, 'ps4二手游戏 战地5', 'info', 1);
INSERT INTO `tb_search` VALUES (22994, 'switch二手游戏 龙珠斗士Z', 'info', 1);
INSERT INTO `tb_search` VALUES (22995, 'ps4二手游戏 地铁离去', 'info', 1);
INSERT INTO `tb_search` VALUES (22996, 'switch二手游戏 耀西的手工世界', 'info', 1);
INSERT INTO `tb_search` VALUES (22997, 'ps4二手游戏 控制量子破碎', 'info', 1);
INSERT INTO `tb_search` VALUES (22998, 'switch二手游戏 莱莎的炼金工房', 'info', 1);
INSERT INTO `tb_search` VALUES (22999, 'ps4二手游戏 火影忍者博人之路', 'info', 1);
INSERT INTO `tb_search` VALUES (23000, 'switch二手游戏 双点医院', 'info', 1);
INSERT INTO `tb_search` VALUES (23001, 'ps4二手游戏 NBA2K20', 'info', 1);
INSERT INTO `tb_search` VALUES (23002, 'switch二手游戏 圣剑传说3', 'info', 1);
INSERT INTO `tb_search` VALUES (23003, 'ps4二手游戏 刺客信条7', 'info', 1);
INSERT INTO `tb_search` VALUES (23004, 'switch二手游戏 圣剑传说3合集', 'info', 1);
INSERT INTO `tb_search` VALUES (23005, 'ps4二手游戏 神秘海域123合集', 'info', 1);
INSERT INTO `tb_search` VALUES (23006, 'switch二手游戏 真三国无双7帝国', 'info', 1);
INSERT INTO `tb_search` VALUES (23007, 'ps4二手游戏 审判之眼', 'info', 1);
INSERT INTO `tb_search` VALUES (23008, 'switch二手游戏 真三国无双7猛将', 'info', 1);
INSERT INTO `tb_search` VALUES (23009, 'ps4二手游戏 皇牌空战7', 'info', 1);
INSERT INTO `tb_search` VALUES (23010, 'switch二手游戏 猎天使魔女2', 'info', 1);
INSERT INTO `tb_search` VALUES (23011, 'ps4二手游戏 旺达与巨像', 'info', 1);
INSERT INTO `tb_search` VALUES (23012, 'switch二手游戏 尊巴健身', 'info', 1);
INSERT INTO `tb_search` VALUES (23013, 'ps4二手游戏 NBA19', 'info', 1);
INSERT INTO `tb_search` VALUES (23014, 'switch二手游戏 怪物猎人XX', 'info', 1);
INSERT INTO `tb_search` VALUES (23015, 'ps4二手游戏 FIFA19', 'info', 1);
INSERT INTO `tb_search` VALUES (23016, 'switch二手游戏 无双大蛇3', 'info', 1);
INSERT INTO `tb_search` VALUES (23017, 'ps4二手游戏 血缘老猎人', 'info', 1);
INSERT INTO `tb_search` VALUES (23018, 'switch二手游戏 马里奥疯狂兔子', 'info', 1);
INSERT INTO `tb_search` VALUES (23019, 'ps4二手游戏 血缘', 'info', 1);
INSERT INTO `tb_search` VALUES (23020, 'switch二手游戏 龙之信条黑暗再临', 'info', 1);
INSERT INTO `tb_search` VALUES (23021, 'ps4二手游戏 分手厨房1', 'info', 1);
INSERT INTO `tb_search` VALUES (23022, 'switch二手游戏 动物之森', 'info', 1);
INSERT INTO `tb_search` VALUES (23023, 'ps4二手游戏 分手厨房1+2', 'info', 1);
INSERT INTO `tb_search` VALUES (23024, 'switch二手游戏 血污夜之仪式', 'info', 1);
INSERT INTO `tb_search` VALUES (23025, 'ps4二手游戏 分手厨房2', 'info', 1);
INSERT INTO `tb_search` VALUES (23026, 'switch二手游戏 超级炸弹人R', 'info', 1);
INSERT INTO `tb_search` VALUES (23027, 'ps4二手游戏 驾驶俱乐部', 'info', 1);
INSERT INTO `tb_search` VALUES (23028, 'switch二手游戏 三国志13', 'info', 1);
INSERT INTO `tb_search` VALUES (23029, 'switch二手游戏 NBA2K20', 'info', 1);
INSERT INTO `tb_search` VALUES (23030, 'ps4二手游戏 JUMP大乱斗', 'info', 1);
INSERT INTO `tb_search` VALUES (23031, 'switch二手游戏 前进前进奇诺比奥队长队长', 'info', 1);
INSERT INTO `tb_search` VALUES (23032, 'ps4二手游戏 闪之轨迹3', 'info', 1);
INSERT INTO `tb_search` VALUES (23033, 'switch二手游戏 刀剑神域虚空幻界', 'info', 1);
INSERT INTO `tb_search` VALUES (23034, 'ps4二手游戏 实况足球2020', 'info', 1);
INSERT INTO `tb_search` VALUES (23035, 'switch二手游戏 最终幻想12', 'info', 1);
INSERT INTO `tb_search` VALUES (23036, 'ps4二手游戏 实况足球2019', 'info', 1);
INSERT INTO `tb_search` VALUES (23037, 'switch二手游戏 数码宝贝物语', 'info', 1);
INSERT INTO `tb_search` VALUES (23038, 'ps4二手游戏 古墓丽影10', 'info', 1);
INSERT INTO `tb_search` VALUES (23039, 'switch二手游戏 超级机器人大战V', 'info', 1);
INSERT INTO `tb_search` VALUES (23040, 'ps4二手游戏 次子声名狼藉', 'info', 1);
INSERT INTO `tb_search` VALUES (23041, 'switch二手游戏 初音未来', 'info', 1);
INSERT INTO `tb_search` VALUES (23042, 'ps4二手游戏 雷曼传奇', 'info', 1);
INSERT INTO `tb_search` VALUES (23043, 'switch二手游戏 塞尔达无双', 'info', 1);
INSERT INTO `tb_search` VALUES (23044, 'ps4二手游戏 勇者斗恶龙建造者2', 'info', 1);
INSERT INTO `tb_search` VALUES (23045, 'switch二手游戏 阻击精英3', 'info', 1);
INSERT INTO `tb_search` VALUES (23046, 'ps4二手游戏 女神异闻录5皇家版', 'info', 1);
INSERT INTO `tb_search` VALUES (23047, 'switch二手游戏 口袋铁拳', 'info', 1);
INSERT INTO `tb_search` VALUES (23048, 'ps4二手游戏 女神异闻录5R', 'info', 1);
INSERT INTO `tb_search` VALUES (23049, 'switch二手游戏 侍道外传', 'info', 1);
INSERT INTO `tb_search` VALUES (23050, 'ps4二手游戏 女神异闻录P5', 'info', 1);
INSERT INTO `tb_search` VALUES (23051, 'switch二手游戏 重返德军总部', 'info', 1);
INSERT INTO `tb_search` VALUES (23052, 'ps4二手游戏 勇者斗恶龙11', 'info', 1);
INSERT INTO `tb_search` VALUES (23053, 'switch二手游戏 舞力全开19', 'info', 1);
INSERT INTO `tb_search` VALUES (23054, 'ps4二手游戏 神界原罪2', 'info', 1);
INSERT INTO `tb_search` VALUES (23055, 'switch二手游戏 星之卡比', 'info', 1);
INSERT INTO `tb_search` VALUES (23056, 'ps4二手游戏 海贼无双4', 'info', 1);
INSERT INTO `tb_search` VALUES (23057, 'switch二手游戏 空洞骑士', 'info', 1);
INSERT INTO `tb_search` VALUES (23058, 'ps4二手游戏 三国无双7', 'info', 1);
INSERT INTO `tb_search` VALUES (23059, 'switch二手游戏 刺客信条高清', 'info', 1);
INSERT INTO `tb_search` VALUES (23060, 'ps4二手游戏 神秘海域失落的遗产', 'info', 1);
INSERT INTO `tb_search` VALUES (23061, 'switch二手游戏 幻影异闻录', 'info', 1);
INSERT INTO `tb_search` VALUES (23062, 'ps4二手游戏 无主之地3', 'info', 1);
INSERT INTO `tb_search` VALUES (23063, 'switch二手游戏 梦境档案', 'info', 1);
INSERT INTO `tb_search` VALUES (23064, 'ps4二手游戏 莱莎的炼金工房', 'info', 1);
INSERT INTO `tb_search` VALUES (23065, 'switch二手游戏 舞力全开18', 'info', 1);
INSERT INTO `tb_search` VALUES (23066, 'ps4二手游戏 高达VS', 'info', 1);
INSERT INTO `tb_search` VALUES (23067, 'switch二手游戏 沙滩排球3', 'info', 1);
INSERT INTO `tb_search` VALUES (23068, 'ps4二手游戏 瑞奇与叮当', 'info', 1);
INSERT INTO `tb_search` VALUES (23069, 'switch二手游戏 世界拉力锦标赛8', 'info', 1);
INSERT INTO `tb_search` VALUES (23070, 'ps4二手游戏 血污夜之仪式', 'info', 1);
INSERT INTO `tb_search` VALUES (23071, 'switch二手游戏 真人快打11', 'info', 1);
INSERT INTO `tb_search` VALUES (23072, 'ps4二手游戏 三国志14', 'info', 1);
INSERT INTO `tb_search` VALUES (23073, 'switch二手游戏 漫威英雄3', 'info', 1);
INSERT INTO `tb_search` VALUES (23074, 'ps4二手游戏 恶灵附身2', 'info', 1);
INSERT INTO `tb_search` VALUES (23075, 'switch二手游戏 暗黑血统2', 'info', 1);
INSERT INTO `tb_search` VALUES (23076, 'ps4二手游戏 纳克大冒险2', 'info', 1);
INSERT INTO `tb_search` VALUES (23077, 'switch二手游戏 战场女武神4', 'info', 1);
INSERT INTO `tb_search` VALUES (23078, 'ps4二手游戏 泰坦陨落2', 'info', 1);
INSERT INTO `tb_search` VALUES (23079, 'switch二手游戏 最终幻想10', 'info', 1);
INSERT INTO `tb_search` VALUES (23080, 'ps4二手游戏 黑暗之魂1', 'info', 1);
INSERT INTO `tb_search` VALUES (23081, 'switch二手游戏 火纹无双', 'info', 1);
INSERT INTO `tb_search` VALUES (23082, 'ps4二手游戏 花园战争3', 'info', 1);
INSERT INTO `tb_search` VALUES (23083, 'switch二手游戏 三位一体4', 'info', 1);
INSERT INTO `tb_search` VALUES (23084, 'ps4二手游戏 最后的守护者', 'info', 1);
INSERT INTO `tb_search` VALUES (23085, 'switch二手游戏 盐与避难所', 'info', 1);
INSERT INTO `tb_search` VALUES (23086, 'ps4二手游戏 毁灭战士5', 'info', 1);
INSERT INTO `tb_search` VALUES (23087, 'switch二手游戏 FIFA2020', 'info', 1);
INSERT INTO `tb_search` VALUES (23088, 'ps4二手游戏 妖怪手表4', 'info', 1);
INSERT INTO `tb_search` VALUES (23089, 'switch二手游戏 刀剑神域夺命凶弹', 'info', 1);
INSERT INTO `tb_search` VALUES (23090, 'ps4二手游戏 最终幻想12', 'info', 1);
INSERT INTO `tb_search` VALUES (23091, 'switch二手游戏 新命运之夜', 'info', 1);
INSERT INTO `tb_search` VALUES (23092, 'ps4二手游戏 世界足球18', 'info', 1);
INSERT INTO `tb_search` VALUES (23093, 'switch二手游戏 俄罗斯方块', 'info', 1);
INSERT INTO `tb_search` VALUES (23094, 'ps4二手游戏 凯瑟琳浓郁口感', 'info', 1);
INSERT INTO `tb_search` VALUES (23095, 'switch二手游戏 恋爱乙女', 'info', 1);
INSERT INTO `tb_search` VALUES (23096, 'ps4二手游戏 海贼无双3', 'info', 1);
INSERT INTO `tb_search` VALUES (23097, 'switch二手游戏 超级街霸30周年', 'info', 1);
INSERT INTO `tb_search` VALUES (23098, 'ps4二手游戏 嗜血代码', 'info', 1);
INSERT INTO `tb_search` VALUES (23099, 'switch二手游戏 进击的巨人2', 'info', 1);
INSERT INTO `tb_search` VALUES (23100, 'switch二手游戏 热血格斗双截龙', 'info', 1);
INSERT INTO `tb_search` VALUES (23101, 'ps4二手游戏 正当防卫4', 'info', 1);
INSERT INTO `tb_search` VALUES (23102, 'switch二手游戏 迪士尼嘉年华', 'info', 1);
INSERT INTO `tb_search` VALUES (23103, 'ps4二手游戏 古墓丽影9', 'info', 1);
INSERT INTO `tb_search` VALUES (23104, 'switch二手游戏 炼金术士4', 'info', 1);
INSERT INTO `tb_search` VALUES (23105, 'ps4二手游戏 重力眩晕2', 'info', 1);
INSERT INTO `tb_search` VALUES (23106, 'switch二手游戏 乐高小城', 'info', 1);
INSERT INTO `tb_search` VALUES (23107, 'ps4二手游戏 GT赛车', 'info', 1);
INSERT INTO `tb_search` VALUES (23108, 'switch二手游戏 体感嘉年华', 'info', 1);
INSERT INTO `tb_search` VALUES (23109, 'ps4二手游戏 瘟疫传说', 'info', 1);
INSERT INTO `tb_search` VALUES (23110, 'switch二手游戏 秋之回忆8告别回忆', 'info', 1);
INSERT INTO `tb_search` VALUES (23111, 'ps4二手游戏 刺客信条合集', 'info', 1);
INSERT INTO `tb_search` VALUES (23112, 'switch二手游戏 我的世界基岩版', 'info', 1);
INSERT INTO `tb_search` VALUES (23113, 'ps4二手游戏 辐射4', 'info', 1);
INSERT INTO `tb_search` VALUES (23114, 'switch二手游戏 深夜回', 'info', 1);
INSERT INTO `tb_search` VALUES (23115, 'ps4二手游戏 刺客信条大革命', 'info', 1);
INSERT INTO `tb_search` VALUES (23116, 'switch二手游戏 方舟生存进化', 'info', 1);
INSERT INTO `tb_search` VALUES (23117, 'ps4二手游戏 教团1886', 'info', 1);
INSERT INTO `tb_search` VALUES (23118, 'switch二手游戏 大人的脑力', 'info', 1);
INSERT INTO `tb_search` VALUES (23119, 'ps4二手游戏 全境封锁2', 'info', 1);
INSERT INTO `tb_search` VALUES (23120, 'switch二手游戏 绝命都市4', 'info', 1);
INSERT INTO `tb_search` VALUES (23121, 'ps4二手游戏 拳皇14', 'info', 1);
INSERT INTO `tb_search` VALUES (23122, 'switch二手游戏 超级街霸2', 'info', 1);
INSERT INTO `tb_search` VALUES (23123, 'ps4二手游戏 杀手2', 'info', 1);
INSERT INTO `tb_search` VALUES (23124, 'switch二手游戏 热血少女', 'info', 1);
INSERT INTO `tb_search` VALUES (23125, 'ps4二手游戏 恶灵附身1', 'info', 1);
INSERT INTO `tb_search` VALUES (23126, 'switch二手游戏 光之子', 'info', 1);
INSERT INTO `tb_search` VALUES (23127, 'ps4二手游戏 超级机器人大战OG', 'info', 1);
INSERT INTO `tb_search` VALUES (23128, 'switch二手游戏 机甲狂潮2', 'info', 1);
INSERT INTO `tb_search` VALUES (23129, 'ps4二手游戏 暗黑血统3', 'info', 1);
INSERT INTO `tb_search` VALUES (23130, 'ps4二手游戏 风之旅人', 'info', 1);
INSERT INTO `tb_search` VALUES (23131, 'ps4二手游戏 超级机器人大战V', 'info', 1);
INSERT INTO `tb_search` VALUES (23132, 'ps4二手游戏 无双大蛇2', 'info', 1);
INSERT INTO `tb_search` VALUES (23133, 'ps4二手游戏 圣斗士星矢', 'info', 1);
INSERT INTO `tb_search` VALUES (23134, 'ps4二手游戏 黑手党3', 'info', 1);
INSERT INTO `tb_search` VALUES (23135, 'ps4二手游戏 生或死6', 'info', 1);
INSERT INTO `tb_search` VALUES (23136, 'ps4二手游戏 超级机器人大战T', 'info', 1);
INSERT INTO `tb_search` VALUES (23137, 'ps4二手游戏 狂战传说绯夜', 'info', 1);

-- ----------------------------
-- Table structure for warn_keyword_noset
-- ----------------------------
DROP TABLE IF EXISTS `warn_keyword_noset`;
CREATE TABLE `warn_keyword_noset`  (
  `id` int(4) UNSIGNED ZEROFILL NOT NULL AUTO_INCREMENT,
  `gid` int(0) NULL DEFAULT NULL,
  PRIMARY KEY (`id`) USING BTREE
) ENGINE = InnoDB AUTO_INCREMENT = 1 CHARACTER SET = utf8 COLLATE = utf8_general_ci ROW_FORMAT = Dynamic;

-- ----------------------------
-- Table structure for warn_lower_price
-- ----------------------------
DROP TABLE IF EXISTS `warn_lower_price`;
CREATE TABLE `warn_lower_price`  (
  `id` int(4) UNSIGNED ZEROFILL NOT NULL AUTO_INCREMENT,
  `shop` varchar(255) CHARACTER SET utf8 COLLATE utf8_general_ci NULL DEFAULT NULL,
  `kw` varchar(255) CHARACTER SET utf8 COLLATE utf8_general_ci NULL DEFAULT NULL,
  `price` decimal(10, 2) NULL DEFAULT NULL,
  PRIMARY KEY (`id`) USING BTREE
) ENGINE = InnoDB CHARACTER SET = utf8 COLLATE = utf8_general_ci ROW_FORMAT = Dynamic;

-- ----------------------------
-- Procedure structure for addDep
-- ----------------------------
DROP PROCEDURE IF EXISTS `addDep`;
delimiter ;;
CREATE PROCEDURE `addDep`(in depName varchar(32),in parentId int,in enabled boolean,out result int,out result2 int)
begin
  declare did int;
  declare pDepPath varchar(64);
  insert into department set name=depName,parentId=parentId,enabled=enabled;
  select row_count() into result;
  select last_insert_id() into did;
  set result2=did;
  select depPath into pDepPath from department where id=parentId;
  update department set depPath=concat(pDepPath,'.',did) where id=did;
  update department set isParent=true where id=parentId;
end
;;
delimiter ;

-- ----------------------------
-- Procedure structure for deleteDep
-- ----------------------------
DROP PROCEDURE IF EXISTS `deleteDep`;
delimiter ;;
CREATE PROCEDURE `deleteDep`(in did int,out result int)
begin
  declare ecount int;
  declare pid int;
  declare pcount int;
  declare a int;
  select count(*) into a from department where id=did and isParent=false;
  if a=0 then set result=-2;
  else
  select count(*) into ecount from employee where departmentId=did;
  if ecount>0 then set result=-1;
  else 
  select parentId into pid from department where id=did;
  delete from department where id=did and isParent=false;
  select row_count() into result;
  select count(*) into pcount from department where parentId=pid;
  if pcount=0 then update department set isParent=false where id=pid;
  end if;
  end if;
  end if;
end
;;
delimiter ;

SET FOREIGN_KEY_CHECKS = 1;
