<profile version="1.0">
  <option name="myName" value="Default" />
  <inspection_tool class="DuplicatedCode" enabled="true" level="WEAK WARNING" enabled_by_default="true">
    <Languages>
      <language minSize="253" name="Python" />
    </Languages>
  </inspection_tool>
  <inspection_tool class="PyBroadExceptionInspection" enabled="false" level="WEAK WARNING" enabled_by_default="false" />
  <inspection_tool class="PyPep8Inspection" enabled="true" level="WEAK WARNING" enabled_by_default="true">
    <option name="ignoredErrors">
      <list>
        <option value="W292" />
        <option value="E501" />
        <option value="E266" />
        <option value="E225" />
        <option value="E231" />
        <option value="E302" />
        <option value="E303" />
        <option value="W605" />
        <option value="E301" />
        <option value="E722" />
      </list>
    </option>
  </inspection_tool>
  <inspection_tool class="PyPep8NamingInspection" enabled="true" level="WEAK WARNING" enabled_by_default="true">
    <option name="ignoredErrors">
      <list>
        <option value="N801" />
        <option value="N806" />
        <option value="N802" />
        <option value="N803" />
        <option value="N812" />
      </list>
    </option>
  </inspection_tool>
  <inspection_tool class="PyUnresolvedReferencesInspection" enabled="true" level="WARNING" enabled_by_default="true">
    <option name="ignoredIdentifiers">
      <list>
        <option value="tkinter.messagebox" />
      </list>
    </option>
  </inspection_tool>
  <inspection_tool class="SqlWithoutWhereInspection" enabled="false" level="WARNING" enabled_by_default="false" />
</profile>