<application>
  <component name="ProjectJdkTable">
    <jdk version="2">
      <name value="1.8" />
      <type value="JavaSDK" />
      <version value="java version &quot;1.8.0_231&quot;" />
      <homePath value="D:/Java/jdk1.8.0_231" />
      <roots>
        <classPath>
          <root type="composite">
            <root url="jar://D:/Java/jdk1.8.0_231/jre/lib/charsets.jar!/" type="simple" />
            <root url="jar://D:/Java/jdk1.8.0_231/jre/lib/deploy.jar!/" type="simple" />
            <root url="jar://D:/Java/jdk1.8.0_231/jre/lib/ext/access-bridge-64.jar!/" type="simple" />
            <root url="jar://D:/Java/jdk1.8.0_231/jre/lib/ext/cldrdata.jar!/" type="simple" />
            <root url="jar://D:/Java/jdk1.8.0_231/jre/lib/ext/dnsns.jar!/" type="simple" />
            <root url="jar://D:/Java/jdk1.8.0_231/jre/lib/ext/jaccess.jar!/" type="simple" />
            <root url="jar://D:/Java/jdk1.8.0_231/jre/lib/ext/jfxrt.jar!/" type="simple" />
            <root url="jar://D:/Java/jdk1.8.0_231/jre/lib/ext/localedata.jar!/" type="simple" />
            <root url="jar://D:/Java/jdk1.8.0_231/jre/lib/ext/nashorn.jar!/" type="simple" />
            <root url="jar://D:/Java/jdk1.8.0_231/jre/lib/ext/sunec.jar!/" type="simple" />
            <root url="jar://D:/Java/jdk1.8.0_231/jre/lib/ext/sunjce_provider.jar!/" type="simple" />
            <root url="jar://D:/Java/jdk1.8.0_231/jre/lib/ext/sunmscapi.jar!/" type="simple" />
            <root url="jar://D:/Java/jdk1.8.0_231/jre/lib/ext/sunpkcs11.jar!/" type="simple" />
            <root url="jar://D:/Java/jdk1.8.0_231/jre/lib/ext/zipfs.jar!/" type="simple" />
            <root url="jar://D:/Java/jdk1.8.0_231/jre/lib/javaws.jar!/" type="simple" />
            <root url="jar://D:/Java/jdk1.8.0_231/jre/lib/jce.jar!/" type="simple" />
            <root url="jar://D:/Java/jdk1.8.0_231/jre/lib/jfr.jar!/" type="simple" />
            <root url="jar://D:/Java/jdk1.8.0_231/jre/lib/jfxswt.jar!/" type="simple" />
            <root url="jar://D:/Java/jdk1.8.0_231/jre/lib/jsse.jar!/" type="simple" />
            <root url="jar://D:/Java/jdk1.8.0_231/jre/lib/management-agent.jar!/" type="simple" />
            <root url="jar://D:/Java/jdk1.8.0_231/jre/lib/plugin.jar!/" type="simple" />
            <root url="jar://D:/Java/jdk1.8.0_231/jre/lib/resources.jar!/" type="simple" />
            <root url="jar://D:/Java/jdk1.8.0_231/jre/lib/rt.jar!/" type="simple" />
          </root>
        </classPath>
        <sourcePath>
          <root type="composite">
            <root url="jar://D:/Java/jdk1.8.0_231/src.zip!/" type="simple" />
            <root url="jar://D:/Java/jdk1.8.0_231/javafx-src.zip!/" type="simple" />
          </root>
        </sourcePath>
      </roots>
      <additional />
    </jdk>
    <jdk version="2">
      <name value="Python 3.8 (waynePython)" />
      <type value="Python SDK" />
      <homePath value="D:\workSpaceXD\workspace\pycharmproject\waynePython\venv\Scripts\python.exe" />
      <roots>
        <classPath>
          <root type="composite">
            <root url="file://D:/Python/Python38-32/DLLs" type="simple" />
            <root url="file://D:/Python/Python38-32/Lib" type="simple" />
            <root url="file://D:/Python/Python38-32" type="simple" />
            <root url="file://D:/workSpaceXD/workspace/pycharmproject/waynePython/venv" type="simple" />
            <root url="file://D:/workSpaceXD/workspace/pycharmproject/waynePython/venv/Lib/site-packages" type="simple" />
            <root url="jar://D:/workSpaceXD/workspace/pycharmproject/waynePython/venv/Lib/site-packages/setuptools-40.8.0-py3.8.egg!/" type="simple" />
            <root url="file://D:/workSpaceXD/workspace/pycharmproject/waynePython/venv/Lib/site-packages/pip-19.0.3-py3.8.egg" type="simple" />
            <root url="file://$USER_HOME$/.PyCharm2019.3/system/python_stubs/731091567" type="simple" />
            <root url="file://$APPLICATION_HOME_DIR$/plugins/python/helpers/python-skeletons" type="simple" />
            <root url="file://$APPLICATION_HOME_DIR$/plugins/python/helpers/typeshed/stdlib/3" type="simple" />
            <root url="file://$APPLICATION_HOME_DIR$/plugins/python/helpers/typeshed/stdlib/2and3" type="simple" />
            <root url="file://$APPLICATION_HOME_DIR$/plugins/python/helpers/typeshed/third_party/3" type="simple" />
            <root url="file://$APPLICATION_HOME_DIR$/plugins/python/helpers/typeshed/third_party/2and3" type="simple" />
          </root>
        </classPath>
        <sourcePath>
          <root type="composite" />
        </sourcePath>
      </roots>
      <additional ASSOCIATED_PROJECT_PATH="D:/workSpaceXD/workspace/pycharmproject/waynePython" />
    </jdk>
    <jdk version="2">
      <name value="Python 3.8 (test1)" />
      <type value="Python SDK" />
      <version value="Python 3.8.1" />
      <homePath value="D:\workSpaceXD\workspace\pycharmproject\test1\venv\Scripts\python.exe" />
      <roots>
        <classPath>
          <root type="composite">
            <root url="file://D:/Python/Python38-32/DLLs" type="simple" />
            <root url="file://D:/Python/Python38-32/Lib" type="simple" />
            <root url="file://D:/Python/Python38-32" type="simple" />
            <root url="file://D:/workSpaceXD/workspace/pycharmproject/test1/venv" type="simple" />
            <root url="file://D:/workSpaceXD/workspace/pycharmproject/test1/venv/Lib/site-packages" type="simple" />
            <root url="jar://D:/workSpaceXD/workspace/pycharmproject/test1/venv/Lib/site-packages/setuptools-40.8.0-py3.8.egg!/" type="simple" />
            <root url="file://D:/workSpaceXD/workspace/pycharmproject/test1/venv/Lib/site-packages/pip-19.0.3-py3.8.egg" type="simple" />
            <root url="file://$USER_HOME$/.PyCharm2019.3/system/python_stubs/710670764" type="simple" />
            <root url="file://$APPLICATION_HOME_DIR$/plugins/python/helpers/python-skeletons" type="simple" />
            <root url="file://$APPLICATION_HOME_DIR$/plugins/python/helpers/typeshed/stdlib/3" type="simple" />
            <root url="file://$APPLICATION_HOME_DIR$/plugins/python/helpers/typeshed/stdlib/2and3" type="simple" />
            <root url="file://$APPLICATION_HOME_DIR$/plugins/python/helpers/typeshed/third_party/3" type="simple" />
            <root url="file://$APPLICATION_HOME_DIR$/plugins/python/helpers/typeshed/third_party/2and3" type="simple" />
          </root>
        </classPath>
        <sourcePath>
          <root type="composite" />
        </sourcePath>
      </roots>
      <additional ASSOCIATED_PROJECT_PATH="D:/workSpaceXD/workspace/pycharmproject/test1" />
    </jdk>
    <jdk version="2">
      <name value="Python 3.8 (venv)" />
      <type value="Python SDK" />
      <version value="Python 3.8.1" />
      <homePath value="D:\workSpaceXD\workspace\pycharmproject\wayne_python\venv\Scripts\python.exe" />
      <roots>
        <classPath>
          <root type="composite">
            <root url="file://D:/Python/Python38-32/DLLs" type="simple" />
            <root url="file://D:/Python/Python38-32/Lib" type="simple" />
            <root url="file://D:/Python/Python38-32" type="simple" />
            <root url="file://D:/workSpaceXD/workspace/pycharmproject/wayne_python/venv" type="simple" />
            <root url="file://D:/workSpaceXD/workspace/pycharmproject/wayne_python/venv/Lib/site-packages" type="simple" />
            <root url="file://D:/Python/Python38-32/Lib/site-packages" type="simple" />
            <root url="file://$USER_HOME$/.PyCharm2019.3/system/python_stubs/-1594007160" type="simple" />
            <root url="file://$APPLICATION_HOME_DIR$/plugins/python/helpers/python-skeletons" type="simple" />
            <root url="file://$APPLICATION_HOME_DIR$/plugins/python/helpers/typeshed/stdlib/3" type="simple" />
            <root url="file://$APPLICATION_HOME_DIR$/plugins/python/helpers/typeshed/stdlib/2and3" type="simple" />
            <root url="file://$APPLICATION_HOME_DIR$/plugins/python/helpers/typeshed/third_party/3" type="simple" />
            <root url="file://$APPLICATION_HOME_DIR$/plugins/python/helpers/typeshed/third_party/2and3" type="simple" />
          </root>
        </classPath>
        <sourcePath>
          <root type="composite" />
        </sourcePath>
      </roots>
      <additional />
    </jdk>
    <jdk version="2">
      <name value="Python 3.8 (wayne-crawl-projects)" />
      <type value="Python SDK" />
      <homePath value="D:\workSpaceXD\workspace\pycharmproject\wayne-crawl-projects\venv\Scripts\python.exe" />
      <roots>
        <classPath>
          <root type="composite">
            <root url="file://D:/Python/Python38-32/DLLs" type="simple" />
            <root url="file://D:/Python/Python38-32/Lib" type="simple" />
            <root url="file://D:/Python/Python38-32" type="simple" />
            <root url="file://D:/workSpaceXD/workspace/pycharmproject/wayne-crawl-projects/venv" type="simple" />
            <root url="file://D:/workSpaceXD/workspace/pycharmproject/wayne-crawl-projects/venv/Lib/site-packages" type="simple" />
            <root url="file://D:/Python/Python38-32/Lib/site-packages" type="simple" />
            <root url="file://$USER_HOME$/.PyCharm2019.3/system/python_stubs/235532634" type="simple" />
            <root url="file://$APPLICATION_HOME_DIR$/plugins/python/helpers/python-skeletons" type="simple" />
            <root url="file://$APPLICATION_HOME_DIR$/plugins/python/helpers/typeshed/stdlib/3" type="simple" />
            <root url="file://$APPLICATION_HOME_DIR$/plugins/python/helpers/typeshed/stdlib/2and3" type="simple" />
            <root url="file://$APPLICATION_HOME_DIR$/plugins/python/helpers/typeshed/third_party/3" type="simple" />
            <root url="file://$APPLICATION_HOME_DIR$/plugins/python/helpers/typeshed/third_party/2and3" type="simple" />
          </root>
        </classPath>
        <sourcePath>
          <root type="composite" />
        </sourcePath>
      </roots>
      <additional ASSOCIATED_PROJECT_PATH="D:/workSpaceXD/workspace/pycharmproject/wayne-crawl-projects" />
    </jdk>
    <jdk version="2">
      <name value="Python 3.8 (wayne_thief)" />
      <type value="Python SDK" />
      <version value="Python 3.8.1" />
      <homePath value="D:\workSpaceXD\workspace\pycharmproject\wayne_thief\venv\Scripts\python.exe" />
      <roots>
        <classPath>
          <root type="composite">
            <root url="file://D:/Python/Python38-32/DLLs" type="simple" />
            <root url="file://D:/Python/Python38-32/Lib" type="simple" />
            <root url="file://D:/Python/Python38-32" type="simple" />
            <root url="file://D:/workSpaceXD/workspace/pycharmproject/wayne_thief/venv" type="simple" />
            <root url="file://D:/workSpaceXD/workspace/pycharmproject/wayne_thief/venv/Lib/site-packages" type="simple" />
            <root url="file://D:/Python/Python38-32/Lib/site-packages" type="simple" />
            <root url="file://$USER_HOME$/.PyCharm2019.3/system/python_stubs/581385034" type="simple" />
            <root url="file://$APPLICATION_HOME_DIR$/plugins/python/helpers/python-skeletons" type="simple" />
            <root url="file://$APPLICATION_HOME_DIR$/plugins/python/helpers/typeshed/stdlib/3" type="simple" />
            <root url="file://$APPLICATION_HOME_DIR$/plugins/python/helpers/typeshed/stdlib/2and3" type="simple" />
            <root url="file://$APPLICATION_HOME_DIR$/plugins/python/helpers/typeshed/third_party/3" type="simple" />
            <root url="file://$APPLICATION_HOME_DIR$/plugins/python/helpers/typeshed/third_party/2and3" type="simple" />
          </root>
        </classPath>
        <sourcePath>
          <root type="composite" />
        </sourcePath>
      </roots>
      <additional ASSOCIATED_PROJECT_PATH="D:/workSpaceXD/workspace/pycharmproject/wayne_thief" />
    </jdk>
  </component>
</application>